43.2238655090332,659.7609024047852,-44.877235412597656,40.3895149230957,658.1075439453125,-42.51527786254883,40.153316497802734,657.871337890625,-42.51527786254883,39.91712188720703,657.6351470947266,-42.75147247314453,40.86190414428711,657.6351470947266,-50.30974197387695,41.098106384277344,656.9265594482422,-50.30974197387695,41.33429718017578,656.2179641723633,-50.30974197387695,41.33429718017578,653.8560180664062,-26.690149307250977,42.9876708984375,652.4388275146484,-60.4661750793457,45.5858268737793,659.0523147583008,-37.79136276245117,46.05821990966797,658.3437347412109,-47.71159362792969,50.782135009765625,652.20263671875,1.4171758890151978,64.71769714355469,648.1873016357422,-67.55205535888672,50.073551177978516,657.3989410400391,52.435508728027344,90.22687530517578,644.4081726074219,-70.15020751953125,50.30974197387695,671.5707092285156,91.88024139404297,86.4477310180664,664.9572219848633,-59.04899978637695,49.601158142089844,673.4602813720703,100.8556900024414,87.15631103515625,669.6811370849609,-61.41095733642578,50.545936584472656,673.6964721679688,96.84034729003906,84.32197570800781,669.6811370849609,-59.28519821166992,51.25453186035156,673.2240753173828,91.1716537475586,83.6133804321289,668.0277709960938,-57.15943145751953,91.40784454345703,658.5799331665039,21.021442413330078,98.96612548828125,652.4388275146484,-21.021442413330078,102.03668212890625,689.049201965332,31.414066314697266,111.95689392089844,685.2700729370117,-24.56438446044922,105.10722351074219,663.0676498413086,67.55205535888672,118.80657196044922,655.9817810058594,1.8895679712295532,102.74525451660156,657.3989410400391,72.0397720336914,115.73603057861328,650.3130798339844,5.904899597167969,115.02745056152344,658.5799331665039,85.26675415039062,130.3801727294922,651.4940490722656,15.116543769836426,
98.29943084716797,501.4562683105469,-106.02151489257812,91.54878234863281,497.69622802734375,-101.56426239013672,91.31641387939453,497.1590576171875,-101.56426239013672,90.77925109863281,496.62188720703125,-101.79666137695312,92.9278793334961,496.62188720703125,-118.3760986328125,93.46503448486328,495.0104064941406,-118.68086242675781,94.00218963623047,493.39892578125,-118.68086242675781,94.00218963623047,488.0274353027344,-66.48917388916016,97.76227569580078,484.8044128417969,-140.86424255371094,103.67098236083984,499.8447570800781,-90.21162414550781,104.74530029296875,498.2333679199219,-111.85784149169922,115.18364715576172,484.5720520019531,-1.9581407308578491,146.87579345703125,474.8309020996094,-153.9311981201172,113.57218170166016,496.9990539550781,107.36250305175781,204.8885955810547,466.54119873046875,-151.30636596679688,114.41409301757812,528.3140106201172,192.19114685058594,196.29408264160156,513.5784301757812,-116.3074722290039,112.80261993408203,532.6112976074219,210.7744598388672,198.2103271484375,524.3215637207031,-118.93609619140625,114.95124053955078,533.1484069824219,203.47140502929688,191.76446533203125,524.6263122558594,-113.4921646118164,116.56270599365234,532.0741119384766,191.189208984375,190.15298461914062,520.5614929199219,-111.0959243774414,207.87911987304688,498.7704772949219,47.80682373046875,225.068115234375,484.8044128417969,-47.80682373046875,231.74635314941406,567.4539794921875,72.96550750732422,255.8307342529297,559.164306640625,-57.08323669433594,236.59597778320312,510.5002746582031,153.9311981201172,271.7130126953125,493.4713439941406,17.402307510375977,231.83395385742188,498.2181396484375,164.13714599609375,267.4729309082031,478.1414489746094,28.97210121154785,255.8040771484375,503.0372619628906,200.61801147460938,296.8145446777344,482.6558837890625,59.064231872558594,
138.51451110839844,385.8653564453125,-153.68844604492188,128.81964111328125,380.5670166015625,-147.95526123046875,128.67469787597656,379.8100891113281,-147.95526123046875,127.91777801513672,379.05316162109375,-148.10020446777344,130.94540405273438,379.05316162109375,-171.41732788085938,131.7023162841797,376.7824401855469,-171.70932006835938,132.1392822265625,374.8316345214844,-171.70932006835938,132.459228515625,366.9426574707031,-99.39818572998047,137.7576141357422,362.4011535644531,-202.74050903320312,146.0836181640625,383.5946044921875,-131.5930938720703,147.59744262695312,381.32391357421875,-161.54739379882812,162.1236572265625,362.576171875,-8.421919822692871,206.78135681152344,348.164794921875,-218.36810302734375,159.85293579101562,381.09210205078125,138.72740173339844,288.2076416015625,337.3061828613281,-207.95887756347656,161.22181701660156,424.350830078125,252.14002990722656,276.4170227050781,403.769287109375,-152.16090393066406,159.27102661132812,430.40606689453125,276.9107971191406,279.2997741699219,418.9075012207031,-154.22219848632812,161.97872924804688,431.1629638671875,267.7151794433594,270.21685791015625,419.8393859863281,-146.82598876953125,164.2494354248047,429.3291931152344,251.09323120117188,267.9461364746094,413.92913818359375,-144.26968383789062,292.9241638183594,382.0808410644531,67.364990234375,317.46527099609375,362.4011535644531,-67.364990234375,326.05316162109375,477.8583068847656,105.32875061035156,361.543212890625,466.9996337890625,-80.20663452148438,330.6492004394531,400.4819030761719,217.0882568359375,384.1055908203125,375.2987365722656,39.40965270996094,324.94403076171875,383.5400390625,231.46951293945312,381.05340576171875,351.5971374511719,57.49291229248047,355.0677490234375,392.56829833984375,287.0279846191406,418.42626953125,359.3735046386719,105.69170379638672,
161.4115447998047,320.0520935058594,-183.45681762695312,150.3435516357422,314.2010192871094,-176.7335968017578,149.94515991210938,313.31903076171875,-176.7335968017578,149.0631103515625,312.4369201660156,-176.80889892578125,152.59121704101562,312.1138610839844,-204.04837036132812,153.47323608398438,309.7908935546875,-204.22708129882812,154.0504150390625,307.4496154785156,-204.22708129882812,154.3552703857422,298.324462890625,-120.36262512207031,160.5294952392578,292.7091979980469,-240.03907775878906,170.55496215820312,317.406005859375,-157.47952270507812,171.9958953857422,314.75994873046875,-192.42771911621094,188.8297576904297,293.5849914550781,-14.738672256469727,240.5464324951172,276.02581787109375,-257.51806640625,185.53741455078125,317.4747009277344,156.25732421875,335.17767333984375,266.56109619140625,-241.4918975830078,187.8724365234375,367.6714782714844,285.984375,322.01629638671875,344.4275817871094,-176.51942443847656,186.5005645751953,375.05078125,314.3562927246094,325.792236328125,362.0682067871094,-179.69473266601562,189.40072631835938,375.932861328125,302.5865783691406,314.8847961425781,363.5029296875,-171.0758514404297,192.04678344726562,373.5408020019531,284.62860107421875,312.23870849609375,356.5220031738281,-167.36611938476562,341.345703125,315.6419677734375,78.17755889892578,370.1986389160156,293.0322570800781,-78.17755889892578,379.602294921875,426.5544128417969,124.4836196899414,421.9372863769531,414.1814880371094,-92.75099182128906,383.53759765625,337.9950256347656,254.03672790527344,448.64599609375,308.18109130859375,55.88459777832031,377.5868225097656,318.43975830078125,271.1184387207031,447.5983581542969,278.9794006347656,77.63786315917969,411.0990905761719,330.0578918457031,339.3739929199219,487.6874084472656,289.1810607910156,136.54388427734375,
173.58340454101562,286.92755126953125,-204.60671997070312,161.64190673828125,280.9437561035156,-197.25218200683594,160.9745635986328,280.32257080078125,-197.25218200683594,160.02955627441406,279.3775329589844,-197.28826904296875,164.1333465576172,278.74627685546875,-226.5277099609375,164.7545623779297,276.2187194824219,-226.6194610595703,165.51370239257812,273.8934020996094,-226.6194610595703,165.37583923339844,264.2574462890625,-136.84954833984375,172.63839721679688,257.63238525390625,-264.3899841308594,183.34095764160156,284.4162902832031,-176.5342254638672,184.92344665527344,281.5812683105469,-213.8051300048828,202.26705932617188,259.0447998046875,-24.024560928344727,257.3910827636719,239.71337890625,-282.76934814453125,197.84571838378906,287.4147644042969,160.6446075439453,358.6343994140625,236.072021484375,-262.6571350097656,201.60977172851562,341.8499450683594,298.25469970703125,344.9627685546875,320.1513977050781,-193.1707000732422,201.17823791503906,350.6887512207031,327.2303771972656,349.3380126953125,339.0515441894531,-196.3016815185547,204.4648895263672,351.6337890625,312.49114990234375,338.01422119140625,340.453857421875,-187.30557250976562,206.65232849121094,348.279052734375,295.958740234375,334.85540771484375,333.253662109375,-183.51516723632812,365.39306640625,282.5262756347656,83.47413635253906,397.097900390625,258.263671875,-83.47413635253906,405.2208251953125,400.3321228027344,135.9349365234375,452.3851013183594,387.44781494140625,-97.8621597290039,409.9869689941406,306.1986999511719,273.7216491699219,481.6542663574219,274.76629638671875,66.2243423461914,403.6654052734375,285.3364562988281,292.3080749511719,482.080810546875,242.22528076171875,90.07054901123047,439.630859375,297.92047119140625,367.6582336425781,522.551513671875,254.17620849609375,154.055908203125,
179.9835662841797,271.55792236328125,-216.72271728515625,167.5146484375,265.55340576171875,-209.02951049804688,166.3547821044922,264.8865966796875,-209.02951049804688,165.3799591064453,263.91168212890625,-209.3700714111328,169.91127014160156,263.41632080078125,-239.23924255371094,170.57806396484375,260.67913818359375,-239.2828826904297,171.13380432128906,258.15789794921875,-239.2828826904297,170.9209442138672,248.31427001953125,-147.0087890625,178.68482971191406,241.01397705078125,-277.46588134765625,189.91929626464844,269.265380859375,-187.6163787841797,191.68165588378906,266.01690673828125,-225.87249755859375,208.63247680664062,243.37896728515625,-31.468076705932617,265.32879638671875,222.5086669921875,-296.85968017578125,203.43740844726562,274.23919677734375,159.60305786132812,369.6969909667969,224.4840087890625,-274.60986328125,208.27291870117188,331.0238037109375,299.78668212890625,355.8333740234375,312.35235595703125,-203.75827026367188,208.85733032226562,341.2296447753906,328.13470458984375,360.53533935546875,331.2014465332031,-207.7474365234375,212.79808044433594,342.2044372558594,311.31903076171875,349.2818908691406,332.44207763671875,-198.69915771484375,214.45864868164062,338.4002990722656,296.37139892578125,346.04925537109375,325.6158752441406,-193.9043426513672,376.6311950683594,266.9918212890625,85.94149017333984,410.0044860839844,242.15716552734375,-85.94149017333984,416.73052978515625,387.7369689941406,144.76800537109375,466.8214111328125,374.73931884765625,-99.75740051269531,421.5089416503906,290.6409912109375,286.7232360839844,497.501220703125,259.0994873046875,67.29920959472656,414.8738708496094,269.1611328125,306.06451416015625,498.74835205078125,224.43377685546875,91.2922592163086,452.0299987792969,281.7108154296875,385.616455078125,539.0700073242188,237.74658203125,156.87142944335938,
183.50616455078125,264.63739013671875,-223.42630004882812,170.75808715820312,258.63299560546875,-215.24388122558594,169.5266876220703,257.83203125,-215.24388122558594,168.2141876220703,256.84344482421875,-215.88357543945312,172.98828125,256.55987548828125,-245.23719787597656,173.46527099609375,253.6900634765625,-245.2572784423828,174.1004638671875,250.9571533203125,-245.2572784423828,173.63412475585938,241.02606201171875,-151.9812469482422,181.88552856445312,233.035400390625,-282.12109375,193.48788452148438,262.491455078125,-193.8341522216797,195.69309997558594,258.89349365234375,-231.85972595214844,211.56436157226562,237.1402587890625,-37.13819885253906,269.62298583984375,214.25982666015625,-302.92535400390625,205.9476318359375,272.09326171875,150.55471801757812,374.7812194824219,222.3626708984375,-279.7006530761719,212.0357666015625,329.0877990722656,283.61181640625,360.8404235839844,312.3498229980469,-208.93714904785156,213.96180725097656,340.50750732421875,309.7161560058594,366.0267028808594,331.5052185058594,-214.4695281982422,217.75927734375,341.1721496582031,292.0827941894531,354.5636291503906,332.9512634277344,-205.7600555419922,219.08554077148438,336.9028625488281,279.7447814941406,351.734130859375,326.17803955078125,-199.3250732421875,381.76190185546875,260.52996826171875,85.7725601196289,415.99688720703125,234.90692138671875,-85.7725601196289,420.8753356933594,381.88616943359375,149.37442016601562,473.4731750488281,368.87567138671875,-101.12702178955078,424.71221923828125,284.5612487792969,290.2120361328125,504.85845947265625,251.93060302734375,64.13599395751953,417.89031982421875,262.7972412109375,309.91070556640625,506.1865539550781,216.06756591796875,87.75847625732422,455.21502685546875,275.44610595703125,395.9706115722656,547.0027465820312,230.22454833984375,154.02810668945312,
185.66259765625,261.53594970703125,-227.8577117919922,172.77874755859375,255.5335693359375,-219.28997802734375,171.30224609375,254.634765625,-219.28997802734375,169.99923706054688,253.639892578125,-219.789306640625,174.8944549560547,253.49835205078125,-248.8634033203125,175.16111755371094,250.55938720703125,-248.87254333496094,175.94741821289062,247.69171142578125,-248.87254333496094,175.24009704589844,238.04638671875,-154.53868103027344,183.84799194335938,229.244140625,-283.1372375488281,195.6565399169922,259.46728515625,-197.7186279296875,198.23277282714844,255.6629638671875,-234.9849853515625,212.8983612060547,236.01611328125,-41.238224029541016,272.8683776855469,210.02166748046875,-304.66998291015625,207.0751953125,275.5693359375,137.26333618164062,376.44451904296875,225.35382080078125,-280.3672790527344,214.72808837890625,332.19989013671875,254.96290588378906,363.1186828613281,316.08892822265625,-208.30484008789062,217.64854431152344,345.051513671875,277.8578796386719,368.3641662597656,336.2581481933594,-215.6656494140625,221.4410400390625,345.0903015136719,259.32366943359375,356.9882507324219,338.27203369140625,-207.60433959960938,222.5938262939453,340.15045166015625,250.33248901367188,353.8919372558594,331.4203186035156,-199.2894287109375,384.085693359375,258.24603271484375,84.7265853881836,418.7344970703125,231.9813232421875,-84.7265853881836,421.5879211425781,378.88873291015625,149.15538024902344,476.500244140625,366.2056884765625,-102.36100769042969,424.89794921875,283.35076904296875,286.3240051269531,508.2191467285156,249.0035400390625,63.21256637573242,418.3049621582031,261.78143310546875,305.8633117675781,509.1045227050781,212.5347900390625,86.85710906982422,455.197998046875,274.9010314941406,394.48712158203125,550.7731323242188,226.81268310546875,154.4668426513672,
186.86402893066406,260.46673583984375,-233.0507049560547,173.9169158935547,254.1417236328125,-224.26004028320312,172.528564453125,253.51361083984375,-224.26004028320312,171.34320068359375,252.5159912109375,-224.5453338623047,176.29541015625,252.12542724609375,-253.5469970703125,176.4276123046875,249.1534423828125,-253.87509155273438,177.3197479248047,246.2154541015625,-253.87509155273438,176.46377563476562,237.18536376953125,-157.13038635253906,185.5983428955078,227.47943115234375,-285.4627685546875,197.50958251953125,258.75927734375,-202.17820739746094,200.3037567138672,254.8504638671875,-239.48898315429688,213.17843627929688,237.891845703125,-44.95333480834961,275.8901062011719,207.5692138671875,-306.6332092285156,208.55462646484375,280.9288330078125,126.51753997802734,375.90228271484375,231.95184326171875,-283.7911376953125,217.3404083251953,338.55035400390625,230.7371826171875,363.5023193359375,321.9168701171875,-213.00100708007812,220.49752807617188,352.7611999511719,251.5966339111328,368.3376770019531,342.94232177734375,-223.9141387939453,224.36611938476562,351.6590576171875,231.39967346191406,357.766357421875,345.4208984375,-216.35784912109375,225.4360809326172,346.53656005859375,225.47055053710938,353.9593811035156,338.4986877441406,-205.1136474609375,385.1357421875,257.79595947265625,83.89840698242188,419.97607421875,230.82977294921875,-83.89840698242188,420.7864685058594,377.3678894042969,147.88063049316406,477.8707580566406,364.9964599609375,-103.49459838867188,425.19403076171875,283.46661376953125,282.4391174316406,509.74322509765625,247.8421630859375,67.58662414550781,418.5401916503906,262.14697265625,301.7451171875,510.5434265136719,211.0853271484375,91.69520568847656,455.6695861816406,275.99993896484375,388.9438781738281,552.5283203125,225.2701416015625,159.77206420898438,
187.79359436035156,260.14776611328125,-236.53790283203125,174.81752014160156,253.8389892578125,-227.63516235351562,173.26744079589844,253.16925048828125,-227.63516235351562,172.17242431640625,252.17034912109375,-227.77757263183594,177.15078735351562,251.50750732421875,-256.7701721191406,177.2127685546875,248.520263671875,-257.4042053222656,178.16183471679688,245.54876708984375,-257.4042053222656,177.2292022705078,237.00701904296875,-158.66629028320312,186.77340698242188,226.67071533203125,-287.541015625,198.73292541503906,259.0894775390625,-205.12364196777344,201.63719177246094,255.131103515625,-242.70684814453125,213.1431427001953,239.7694091796875,-48.40183639526367,278.2327575683594,206.5634765625,-308.85028076171875,211.00384521484375,287.42816162109375,110.0882339477539,373.4552307128906,239.78070068359375,-287.0572204589844,221.39361572265625,347.4075927734375,195.39105224609375,362.7041015625,328.8688049316406,-216.6155242919922,224.52113342285156,361.5338439941406,212.64724731445312,367.1552429199219,350.7200622558594,-231.68936157226562,228.45266723632812,359.856689453125,190.80242919921875,357.3090515136719,353.14398193359375,-223.77345275878906,229.48439025878906,355.07916259765625,189.10032653808594,352.6114196777344,346.1813049316406,-209.94525146484375,385.60980224609375,257.82562255859375,83.43065643310547,420.5376281738281,230.68408203125,-83.43065643310547,418.3487854003906,376.6318054199219,143.712158203125,478.4901123046875,364.449951171875,-108.12556457519531,425.5400695800781,286.9459228515625,277.8734436035156,510.1084899902344,247.36614990234375,75.11082458496094,418.7449951171875,265.78759765625,296.70172119140625,508.05706787109375,213.06805419921875,100.28089141845703,456.5676574707031,281.1626281738281,380.7533264160156,553.0087890625,224.573486328125,170.6644744873047,
188.38934326171875,260.37652587890625,-240.3213653564453,175.40016174316406,253.8646240234375,-231.36575317382812,173.65420532226562,253.0623779296875,-231.36575317382812,172.60902404785156,252.0628662109375,-231.43272399902344,177.59925842285156,251.22900390625,-260.75164794921875,177.62767028808594,248.23486328125,-261.2483825683594,178.60426330566406,245.24774169921875,-261.2483825683594,177.63510131835938,236.98638916015625,-161.34542846679688,187.41481018066406,226.3033447265625,-291.06402587890625,199.396484375,259.49810791015625,-208.60263061523438,202.35275268554688,255.5169677734375,-246.39002990722656,213.40260314941406,240.9105224609375,-51.6439208984375,279.6365661621094,206.2091064453125,-313.3045654296875,213.87484741210938,293.6852111816406,95.00178527832031,370.4005126953125,247.84466552734375,-292.6265869140625,225.1780548095703,355.5646057128906,163.61927795410156,361.27490234375,338.6482238769531,-221.70578002929688,228.2486572265625,369.5648193359375,177.29652404785156,365.4949035644531,360.41278076171875,-239.67445373535156,232.21583557128906,367.6792297363281,154.05552673339844,355.7585144042969,362.6636047363281,-231.60987854003906,233.23019409179688,362.9307556152344,156.19741821289062,351.0760192871094,356.0047607421875,-215.5337371826172,386.1477355957031,257.90350341796875,83.19911193847656,420.791259765625,230.7919921875,-83.19911193847656,415.33990478515625,376.28802490234375,140.12826538085938,478.4458312988281,364.2031555175781,-112.87179565429688,426.09356689453125,289.2069396972656,274.8899841308594,509.7877197265625,247.16259765625,82.75355529785156,419.8452453613281,268.1328125,293.3292541503906,504.05438232421875,215.91741943359375,109.10943603515625,457.9022521972656,285.39031982421875,374.96044921875,552.0943603515625,224.58282470703125,180.95846557617188,
188.70965576171875,260.6531982421875,-243.69871520996094,175.71453857421875,253.9248046875,-234.71884155273438,173.84097290039062,253.02545166015625,-234.71884155273438,172.82015991210938,252.02569580078125,-234.74957275390625,177.81576538085938,251.10345458984375,-264.37908935546875,178.15260314941406,248.1060791015625,-264.66326904296875,178.81800842285156,245.11187744140625,-264.66326904296875,177.83200073242188,236.9906005859375,-164.17324829101562,187.72975158691406,226.13702392578125,-294.5111083984375,199.72145080566406,260.0777587890625,-211.8289337158203,202.7016143798828,255.76239013671875,-249.72808837890625,213.6703643798828,241.49224853515625,-54.76268768310547,280.6844482421875,206.0836181640625,-317.56903076171875,216.5330047607422,297.79913330078125,84.17567443847656,367.9302673339844,253.6392822265625,-297.6961364746094,227.91380310058594,361.0985412597656,142.41184997558594,359.8620910644531,346.63873291015625,-225.95870971679688,230.94822692871094,375.074462890625,154.08493041992188,363.9645080566406,368.093994140625,-245.18951416015625,234.609130859375,373.1180419921875,129.64097595214844,353.81634521484375,370.2208251953125,-237.44921875,235.9395294189453,368.2780456542969,134.21604919433594,349.72454833984375,363.53680419921875,-219.9235382080078,386.87646484375,257.95306396484375,83.0906753540039,420.9057312011719,231.21551513671875,-83.0906753540039,411.60467529296875,376.1304931640625,138.00804138183594,478.2638854980469,364.0917663574219,-115.6117935180664,426.52349853515625,290.2359313964844,273.992431640625,509.1083679199219,247.3968505859375,88.79114532470703,421.16082763671875,269.2020263671875,292.5291748046875,500.4746398925781,218.56640625,115.95487976074219,458.90631103515625,286.17340087890625,371.8209533691406,550.823486328125,225.072998046875,188.46600341796875,
188.86607360839844,260.82891845703125,-245.8469696044922,175.86827087402344,253.96331787109375,-236.53211975097656,173.9276885986328,253.010986328125,-236.53211975097656,172.918212890625,252.33514404296875,-236.5460662841797,177.91624450683594,251.04669189453125,-266.6886291503906,178.2302703857422,248.371826171875,-266.83050537109375,178.91725158691406,245.05059814453125,-266.83050537109375,177.923583984375,236.9952392578125,-165.41546630859375,187.8769073486328,226.06195068359375,-297.07025146484375,200.19711303710938,260.51727294921875,-213.58238220214844,203.18812561035156,255.8890380859375,-251.85992431640625,214.16151428222656,241.7679443359375,-55.550697326660156,281.33892822265625,206.03564453125,-322.2319641113281,218.90264892578125,300.9792785644531,79.55384826660156,365.4713439941406,258.5447998046875,-307.02313232421875,229.81893920898438,365.7838134765625,130.10098266601562,358.2900390625,354.650146484375,-239.53636169433594,232.83494567871094,380.4143371582031,140.19580078125,362.012939453125,375.88092041015625,-260.8568420410156,236.5198211669922,378.43231201171875,114.65546417236328,352.1210021972656,377.9408264160156,-252.80343627929688,237.8309326171875,373.1915588378906,121.15985107421875,348.5406799316406,371.7799072265625,-233.53074645996094,387.7399597167969,257.97821044921875,83.364990234375,420.9574279785156,231.5804443359375,-83.364990234375,409.5485534667969,376.05902099609375,136.93460083007812,477.8092346191406,364.0414733886719,-116.92274475097656,427.7417297363281,289.3738098144531,275.4966735839844,508.255859375,247.341064453125,92.76280975341797,422.3883056640625,268.3583984375,294.22772216796875,497.90484619140625,219.950439453125,120.36511993408203,460.1218566894531,282.2572326660156,370.6204528808594,549.282958984375,225.50482177734375,191.53439331054688,
188.9390411376953,260.919921875,-248.60281372070312,175.94000244140625,253.98291015625,-239.2987060546875,174.29119873046875,253.328857421875,-239.2987060546875,172.96299743652344,252.6370849609375,-239.3050079345703,177.9620819091797,251.34503173828125,-270.1764221191406,178.47637939453125,248.65380859375,-270.2431945800781,178.96253967285156,245.34686279296875,-270.2431945800781,177.96539306640625,236.99774169921875,-167.4365997314453,187.94424438476562,226.02801513671875,-303.1018371582031,200.57467651367188,260.76739501953125,-215.99758911132812,203.5706329345703,256.27325439453125,-255.2564697265625,214.5561065673828,241.5709228515625,-57.06662368774414,281.6866760253906,206.66351318359375,-330.0494384765625,220.76170349121094,304.2744140625,75.01532745361328,363.13226318359375,265.2947998046875,-318.74847412109375,231.90122985839844,370.7894592285156,115.94095611572266,356.20806884765625,362.7669372558594,-256.5157775878906,234.9085235595703,386.6923828125,124.03546142578125,359.5971374511719,383.8760986328125,-280.52471923828125,238.3937530517578,384.7001647949219,96.47894287109375,350.4097900390625,385.90362548828125,-271.7375793457031,239.90670776367188,379.1077575683594,105.83751678466797,347.1287536621094,379.9416198730469,-250.5153350830078,388.3516540527344,257.9901123046875,84.29854583740234,420.980712890625,232.1199951171875,-84.29854583740234,408.97894287109375,376.02667236328125,137.0747528076172,477.4306945800781,364.0187683105469,-116.54451751708984,428.78961181640625,283.7906494140625,283.8802490234375,507.322998046875,247.2025146484375,93.98796081542969,423.18731689453125,262.1357421875,303.39312744140625,496.09405517578125,220.87530517578125,121.15673828125,461.66839599609375,274.59649658203125,377.67156982421875,548.1787109375,226.0836181640625,189.9312286376953,
188.97239685058594,260.96337890625,-250.04525756835938,175.9728240966797,253.99224853515625,-240.85940551757812,174.6173553466797,253.63433837890625,-240.85940551757812,172.9832763671875,252.822021484375,-240.8622283935547,177.9828643798828,251.6417236328125,-272.59942626953125,178.71226501464844,248.82965087890625,-272.6300048828125,179.3070068359375,245.6424560546875,-272.6300048828125,177.984375,236.9990234375,-168.44989013671875,187.9748077392578,226.0126953125,-308.1796875,200.79385375976562,260.89215087890625,-216.9136505126953,203.79205322265625,256.609130859375,-257.6360778808594,215.1089630126953,241.3203125,-57.113014221191406,281.85565185546875,207.91912841796875,-337.47735595703125,222.8631591796875,308.51422119140625,70.70573425292969,359.9665832519531,272.6676025390625,-328.73834228515625,235.0143280029297,376.8836364746094,98.33377075195312,353.37261962890625,369.5689697265625,-271.0491638183594,237.69369506835938,393.459228515625,104.62186431884766,356.8862609863281,390.619140625,-297.6391906738281,241.2880096435547,391.7866516113281,74.47269439697266,348.26263427734375,392.63165283203125,-287.9505615234375,243.01681518554688,385.66119384765625,87.006103515625,344.80816650390625,386.685546875,-265.04937744140625,389.0138854980469,258.31951904296875,86.7121353149414,420.99127197265625,232.8612060546875,-86.7121353149414,412.15460205078125,376.0120849609375,137.457763671875,477.2089538574219,364.00848388671875,-117.18177795410156,432.326171875,276.5381774902344,294.5703430175781,506.6772766113281,247.102783203125,93.8323974609375,429.1216735839844,254.270751953125,315.0949401855469,495.0303039550781,221.4365234375,120.16077423095703,465.38427734375,265.367431640625,387.86456298828125,547.5645751953125,226.52044677734375,185.50392150878906,
188.98751831054688,260.98345947265625,-255.157470703125,175.98770141601562,253.99658203125,-246.38619995117188,174.81317138671875,253.82086181640625,-246.38619995117188,172.99246215820312,252.9169921875,-246.38751220703125,177.99224853515625,251.82421875,-278.7378234863281,178.85829162597656,248.92034912109375,-278.751708984375,179.62448120117188,245.8245849609375,-278.751708984375,177.992919921875,236.99957275390625,-172.6977996826172,187.98861694335938,226.3297119140625,-316.02996826171875,200.9041748046875,260.95086669921875,-221.29100036621094,203.9033660888672,256.80950927734375,-263.1065368652344,215.85618591308594,241.48272705078125,-59.607364654541016,281.934326171875,209.5550537109375,-345.7982482910156,224.69895935058594,313.2506103515625,62.048892974853516,356.29693603515625,279.022705078125,-338.4772644042969,238.68589782714844,383.2274475097656,75.57228088378906,349.9773254394531,375.42041015625,-284.9336853027344,241.05526733398438,400.3887634277344,79.74362182617188,354.02178955078125,396.7671813964844,-313.53729248046875,244.82127380371094,398.698486328125,47.405784606933594,345.39727783203125,398.4488525390625,-303.5349426269531,246.36309814453125,392.48272705078125,63.09700393676758,341.70562744140625,392.482177734375,-278.93389892578125,389.48883056640625,258.9541015625,89.04395294189453,420.9960021972656,233.40875244140625,-89.04395294189453,416.88580322265625,375.68157958984375,137.07928466796875,477.09716796875,364.00384521484375,-118.94274139404297,436.0626220703125,270.4326171875,303.3929443359375,506.3230895996094,247.0487060546875,91.856201171875,436.1884460449219,247.79150390625,324.9595031738281,493.83544921875,221.7330322265625,117.87053680419922,469.449951171875,257.89111328125,397.4814453125,547.260986328125,226.7689208984375,179.35635375976562,
188.9943389892578,260.99261474609375,-267.4678955078125,175.9944305419922,253.99847412109375,-259.0548095703125,174.9128875732422,253.9163818359375,-259.0548095703125,172.99656677246094,252.96197509765625,-259.0553894042969,177.99649047851562,251.91796875,-291.7447204589844,178.93365478515625,248.963623046875,-291.7510070800781,179.8163604736328,245.9180908203125,-291.7510070800781,177.99679565429688,236.9998779296875,-183.96563720703125,187.99484252929688,226.63482666015625,-328.9681091308594,200.9562530517578,260.97772216796875,-232.73292541503906,203.9558563232422,256.91131591796875,-275.1640319824219,216.40635681152344,241.7066650390625,-70.14411926269531,281.64630126953125,211.0611572265625,-357.2110595703125,226.50021362304688,317.8384094238281,42.35334777832031,352.4237060546875,284.9601745605469,-351.2449035644531,241.91888427734375,389.47552490234375,42.73085021972656,346.267578125,381.1249694824219,-303.3493347167969,244.74758911132812,407.0418701171875,44.4019889831543,350.43603515625,402.7674560546875,-333.8139343261719,248.30628967285156,405.5542297363281,10.396381378173828,341.01666259765625,404.1378479003906,-323.7679138183594,249.61119079589844,399.40869140625,29.50192642211914,337.4938049316406,397.830810546875,-297.34942626953125,390.0784606933594,259.77508544921875,90.52643585205078,420.9981689453125,234.0401611328125,-90.52643585205078,421.9505310058594,375.3703918457031,134.33953857421875,477.0443115234375,364.00177001953125,-120.0598373413086,440.1371154785156,266.68255615234375,309.407470703125,505.82525634765625,247.0224609375,91.04751586914062,441.66510009765625,244.1739501953125,332.0019226074219,492.6334533691406,222.20098876953125,117.01087951660156,474.4548034667969,253.38153076171875,404.3531494140625,547.118896484375,226.5689697265625,176.1431121826172,
188.99742126464844,260.9967041015625,-279.20098876953125,175.99746704101562,254.3232421875,-271.0000305175781,174.96017456054688,253.9617919921875,-271.0000305175781,172.99844360351562,252.98284912109375,-271.0002746582031,177.99842834472656,251.96246337890625,-303.8567199707031,178.9696044921875,248.98358154296875,-303.8595886230469,179.91433715820312,245.9625244140625,-303.8595886230469,177.99853515625,236.99993896484375,-195.2920684814453,187.99766540527344,226.82110595703125,-340.5907897949219,200.98016357421875,260.989990234375,-244.17559814453125,203.97998046875,256.95947265625,-286.58831787109375,216.71505737304688,241.85394287109375,-81.29523468017578,281.35443115234375,212.35137939453125,-367.0264587402344,227.72312927246094,320.878662109375,25.246557235717773,349.4465026855469,289.2370300292969,-361.686279296875,244.28456115722656,393.98980712890625,17.671945571899414,343.37371826171875,385.3066711425781,-317.39129638671875,247.63319396972656,411.7815856933594,17.23993492126465,347.49566650390625,407.1311950683594,-349.0999755859375,250.62181091308594,410.5101013183594,-17.77266502380371,337.0240478515625,407.98858642578125,-339.3924560546875,252.09707641601562,404.4331359863281,4.037933826446533,333.7281188964844,401.3643798828125,-311.3913879394531,390.5184326171875,260.36761474609375,90.98193359375,420.9991455078125,234.50079345703125,-91.30587005615234,425.40570068359375,375.18133544921875,131.5524139404297,476.6961364746094,364.0008239746094,-120.26250457763672,444.2824401855469,265.37896728515625,313.77581787109375,505.11181640625,247.01025390625,91.8797378540039,444.8974914550781,242.4398193359375,337.060791015625,491.5049133300781,222.57623291015625,117.52891540527344,478.737548828125,251.0545654296875,409.25689697265625,547.0537719726562,226.319091796875,175.82470703125,
188.99880981445312,260.99853515625,-289.22125244140625,175.99884033203125,254.63189697265625,-281.127685546875,174.98191833496094,253.982666015625,-281.127685546875,173.32322692871094,252.9923095703125,-281.45172119140625,177.999267578125,251.98309326171875,-314.06243896484375,178.98619079589844,248.9925537109375,-314.063720703125,179.96084594726562,246.30694580078125,-314.063720703125,177.99932861328125,237.0,-204.89537048339844,187.99893188476562,226.91650390625,-350.111083984375,200.9910125732422,260.99560546875,-253.8405303955078,203.99093627929688,256.981689453125,-296.08837890625,216.86810302734375,241.931396484375,-90.55396270751953,281.1740417480469,213.17242431640625,-375.01470947265625,228.7150115966797,322.8414611816406,12.013694763183594,347.0406494140625,292.6591491699219,-370.5429382324219,245.99351501464844,397.218017578125,-2.149746894836426,340.3594665527344,387.7176208496094,-329.6607971191406,249.99571228027344,415.4454345703125,-4.200457572937012,344.4253845214844,409.9595642089844,-362.6935119628906,252.5183563232422,414.31103515625,-40.06000518798828,333.8567199707031,410.4120788574219,-352.9853210449219,253.57362365722656,407.95013427734375,-16.305044174194336,330.38555908203125,403.5958557128906,-323.66082763671875,390.7679443359375,260.697265625,91.04914093017578,420.99957275390625,234.760009765625,-91.35734558105469,427.93603515625,374.7607116699219,129.77029418945312,476.37689208984375,363.6764831542969,-118.88955688476562,448.383544921875,265.38262939453125,317.70355224609375,504.5787048339844,247.0047607421875,93.47489166259766,447.5209045410156,241.64898681640625,341.68719482421875,490.4377746582031,223.11846923828125,119.1524429321289,481.3879699707031,249.617919921875,413.1369323730469,547.3482055664062,226.1580810546875,176.89906311035156,
188.99945068359375,260.9993896484375,-298.825927734375,175.9994659423828,254.8197021484375,-291.10711669921875,174.9918212890625,253.99224853515625,-291.4310607910156,173.6317901611328,252.99658203125,-291.7392883300781,177.99966430664062,251.992431640625,-324.0776062011719,178.99375915527344,249.320556640625,-324.0781555175781,179.98220825195312,246.62445068359375,-324.0781555175781,177.9996795654297,237.0,-214.8304443359375,187.99951171875,226.96185302734375,-358.97381591796875,200.9959259033203,260.99810791015625,-263.48138427734375,203.99588012695312,256.99176025390625,-305.283203125,216.9398651123047,241.96856689453125,-101.48228454589844,281.0813293457031,213.93243408203125,-381.9508361816406,229.6749267578125,324.5968017578125,-4.146411895751953,344.5536804199219,296.1148986816406,-379.4653015136719,247.33346557617188,400.10491943359375,-23.941484451293945,336.6264343261719,390.23193359375,-343.5406494140625,252.46279907226562,418.6930236816406,-27.94671058654785,340.3343811035156,413.1505126953125,-378.1687927246094,254.39157104492188,417.6300354003906,-64.36566162109375,329.97247314453125,413.36932373046875,-368.3487548828125,254.97970581054688,411.628662109375,-38.496891021728516,326.2711486816406,406.779052734375,-337.8645324707031,390.8923034667969,261.18389892578125,91.03534698486328,420.999755859375,234.888916015625,-91.22307586669922,429.7983703613281,374.4066162109375,126.8898696899414,476.1842041015625,363.36810302734375,-115.95054626464844,451.7898254394531,265.6326904296875,319.6596374511719,504.278076171875,247.00213623046875,97.6021499633789,449.87994384765625,241.29248046875,344.1348571777344,489.72955322265625,223.53662109375,123.4076156616211,483.4190673828125,248.7955322265625,414.5925598144531,547.64306640625,226.07415771484375,180.14503479003906,
188.99974060058594,260.999755859375,-304.9628601074219,175.999755859375,254.91595458984375,-297.8995361328125,174.9962921142578,253.99658203125,-298.2077331542969,173.81967163085938,252.99847412109375,-298.39544677734375,177.99984741210938,251.99658203125,-330.23834228515625,178.99716186523438,249.63067626953125,-330.238525390625,179.99192810058594,246.81640625,-330.238525390625,177.99986267089844,237.0,-222.04795837402344,187.99977111816406,226.98272705078125,-364.55914306640625,200.99815368652344,260.99920654296875,-269.7565612792969,203.99810791015625,256.996337890625,-311.1839294433594,216.9727325439453,241.98583984375,-110.39848327636719,281.03717041015625,214.77593994140625,-386.11016845703125,230.97181701660156,326.7450866699219,-16.705772399902344,341.205810546875,300.1153564453125,-385.58349609375,248.49069213867188,403.3149719238281,-37.82115173339844,332.2950439453125,394.3096923828125,-354.0828552246094,254.50584411621094,421.7908630371094,-42.61476516723633,335.677734375,417.42071533203125,-390.181396484375,255.9910125732422,421.08599853515625,-79.66169738769531,325.166015625,417.5223388671875,-379.9499816894531,256.28204345703125,415.52264404296875,-52.60626220703125,321.63836669921875,411.1936950683594,-348.7149658203125,390.95086669921875,261.568359375,90.37069702148438,420.99981689453125,235.2733154296875,-90.46678161621094,430.91229248046875,373.8738098144531,125.23766326904297,476.0858154296875,363.1802673339844,-108.74850463867188,454.55181884765625,265.8150634765625,320.1302185058594,504.12872314453125,247.0009765625,103.32635498046875,451.7462463378906,241.1319580078125,344.5547180175781,489.3468017578125,223.7763671875,128.90321350097656,485.02423095703125,248.3736572265625,413.98004150390625,547.82470703125,226.03399658203125,184.50018310546875,
188.99986267089844,260.99993896484375,-308.16986083984375,175.99989318847656,254.96160888671875,-301.2890930175781,174.99830627441406,253.99847412109375,-301.4768371582031,173.91586303710938,252.99932861328125,-301.8968200683594,177.99990844726562,251.99847412109375,-333.3427734375,178.9987030029297,249.8192138671875,-333.3428955078125,179.996337890625,246.9144287109375,-333.3428955078125,177.99990844726562,237.0,-226.47821044921875,187.99989318847656,226.9921875,-367.1321716308594,200.99917602539062,260.999755859375,-273.06500244140625,203.99911499023438,256.9984130859375,-313.94854736328125,216.9876708984375,241.99365234375,-115.7791519165039,280.69293212890625,215.3701171875,-388.2021179199219,232.26596069335938,328.63525390625,-24.03998374938965,338.38812255859375,303.2884521484375,-388.93731689453125,249.23841857910156,405.9094543457031,-44.90373229980469,328.9134521484375,397.4836730957031,-359.8785705566406,256.086669921875,424.1842041015625,-49.89012145996094,332.1004333496094,420.903564453125,-396.5997314453125,257.3203430175781,423.8032531738281,-87.39434814453125,321.0547180175781,420.9499816894531,-386.01165771484375,257.1328125,418.5235290527344,-59.80396270751953,317.75653076171875,414.78759765625,-354.6984558105469,390.97772216796875,261.79095458984375,89.420654296875,420.9999084472656,235.6092529296875,-89.46629333496094,431.48883056640625,373.4599609375,124.51896667480469,476.0391540527344,362.76025390625,-101.80535125732422,456.6003723144531,265.91290283203125,319.8129577636719,503.7347106933594,247.00054931640625,108.1596450805664,452.8832092285156,241.0595703125,344.0644226074219,489.1598815917969,223.896240234375,133.48045349121094,487.63525390625,248.4954833984375,412.4662170410156,547.5941162109375,226.0155029296875,188.29446411132812,
188.99996948242188,261.0,-309.704345703125,175.99993896484375,254.98260498046875,-303.1278991699219,174.9992218017578,253.9993896484375,-303.2239990234375,173.96151733398438,252.999755859375,-303.57781982421875,178.32386779785156,251.99932861328125,-334.46978759765625,178.99940490722656,249.91571044921875,-334.793701171875,179.9983367919922,246.9609375,-334.793701171875,177.99990844726562,237.0,-228.84471130371094,187.99990844726562,226.99652099609375,-367.23291015625,200.99960327148438,260.99993896484375,-274.3306579589844,203.9995880126953,256.99932861328125,-314.7950744628906,216.99441528320312,241.9971923828125,-118.55308532714844,280.3755187988281,215.69873046875,-387.8866882324219,233.44700622558594,330.7933349609375,-29.051605224609375,334.7283630371094,306.4744873046875,-390.9093933105469,249.63873291015625,408.4482116699219,-50.173095703125,324.9720458984375,400.5985412597656,-363.637939453125,257.05010986328125,426.58587646484375,-55.18626022338867,328.7070617675781,423.9609680175781,-400.5541687011719,258.1584167480469,426.3997802734375,-92.62391662597656,317.53765869140625,423.9819641113281,-389.75457763671875,257.9126892089844,421.5924377441406,-65.1275634765625,314.0655517578125,417.90594482421875,-358.5539245605469,390.9898986816406,261.90289306640625,88.08438873291016,421.0,235.8095703125,-88.10540771484375,431.7654113769531,373.2222595214844,124.2227783203125,475.6937561035156,362.4064025878906,-94.4747543334961,458.4658508300781,265.63616943359375,320.4188537597656,503.3943786621094,247.00030517578125,110.78954315185547,454.1225891113281,240.70294189453125,344.5458984375,489.0727233886719,223.95263671875,135.94802856445312,490.6681823730469,248.7100830078125,411.28741455078125,547.3303833007812,226.007080078125,189.68765258789062,
188.99996948242188,261.0,-311.06005859375,175.99993896484375,254.99212646484375,-304.748046875,174.99964904785156,253.999755859375,-304.7936706542969,173.9825439453125,252.99993896484375,-305.00238037109375,178.632080078125,252.32366943359375,-335.4705505371094,178.99972534179688,249.96148681640625,-336.1026611328125,179.99923706054688,246.9822998046875,-335.7787170410156,177.9999542236328,237.0,-230.3275909423828,187.9999542236328,226.9984130859375,-367.08026123046875,200.99981689453125,261.0,-275.40509033203125,203.9998016357422,256.99981689453125,-315.30535888671875,216.99749755859375,241.998779296875,-120.20265197753906,280.18359375,215.86077880859375,-387.425537109375,234.216064453125,332.6649475097656,-32.693355560302734,331.66754150390625,309.0002136230469,-393.2836608886719,249.83352661132812,410.50579833984375,-54.51204299926758,321.7786865234375,403.0650634765625,-367.4611511230469,257.5527038574219,428.5705871582031,-59.52193069458008,325.75885009765625,425.9554748535156,-404.4335632324219,258.60205078125,428.4838562011719,-97.103271484375,315.2842712402344,426.2889404296875,-393.5268249511719,258.4427185058594,424.0558166503906,-69.49140167236328,311.2586364746094,420.254150390625,-362.4227294921875,390.9953918457031,261.95574951171875,87.08590698242188,421.0,236.23529052734375,-87.095458984375,431.8934326171875,372.77923583984375,124.42194366455078,475.3758239746094,362.1976318359375,-89.05509948730469,460.03363037109375,265.34979248046875,322.08740234375,503.19207763671875,247.00018310546875,112.66062927246094,455.3470153808594,240.05609130859375,346.1474609375,489.03289794921875,223.97857666015625,137.41091918945312,493.106201171875,248.53125,410.9427185058594,547.1630859375,226.003173828125,189.67752075195312,
188.99996948242188,261.0,-313.94207763671875,175.99993896484375,254.9964599609375,-307.7892761230469,174.9998321533203,253.99993896484375,-307.8103332519531,173.9920654296875,253.0,-308.2398986816406,178.81980895996094,252.63201904296875,-338.7897644042969,178.99986267089844,249.9825439453125,-339.2856750488281,179.99964904785156,246.9920654296875,-338.97747802734375,178.0,237.0,-232.79769897460938,188.0,226.99932861328125,-369.9336242675781,200.99990844726562,261.0,-278.11181640625,203.99990844726562,256.99993896484375,-317.9076843261719,216.9988555908203,242.3233642578125,-121.7709732055664,280.08563232421875,215.93658447265625,-390.42498779296875,234.9521026611328,334.1605529785156,-35.84284591674805,328.8364562988281,311.1691589355469,-399.5916748046875,249.92425537109375,412.4120178222656,-60.165306091308594,319.21075439453125,405.52410888671875,-375.6510009765625,257.79449462890625,430.4417724609375,-65.49442291259766,323.23638916015625,427.6765441894531,-413.2884521484375,258.8169250488281,430.72601318359375,-103.25633239746094,311.8148193359375,427.9890441894531,-402.0071105957031,258.73370361328125,426.1946716308594,-75.15597534179688,307.6548767089844,422.2972412109375,-370.6335754394531,390.9978942871094,261.97991943359375,86.52210998535156,421.0,236.59161376953125,-86.52644348144531,431.95172119140625,372.4149475097656,125.97160339355469,475.1837158203125,361.76812744140625,-86.26287078857422,461.0174865722656,265.17205810546875,327.6693420410156,503.0894470214844,247.0,118.03412628173828,456.48614501953125,239.55352783203125,352.0208435058594,489.0148620605469,223.9903564453125,143.08384704589844,494.5742492675781,248.62371826171875,414.1579284667969,547.0762939453125,226.00146484375,192.96551513671875,
188.99996948242188,261.0,-317.6081237792969,176.32388305664062,254.99847412109375,-311.53680419921875,174.99989318847656,254.0,-311.5463562011719,173.99639892578125,253.0,-311.904541015625,178.9158935546875,252.81988525390625,-342.9653625488281,178.99996948242188,249.99212646484375,-343.2492370605469,179.9998321533203,246.99639892578125,-343.06146240234375,178.3239288330078,237.0,-236.0704803466797,188.0,227.32366943359375,-374.3116455078125,201.32386779785156,261.0,-281.3635559082031,204.32388305664062,257.0,-321.5472717285156,216.9994659423828,242.6319580078125,-124.4735107421875,280.0390930175781,216.2952880859375,-395.0216979980469,235.4608612060547,335.4078063964844,-40.81102752685547,325.9796447753906,314.5143737792969,-406.53289794921875,250.2896270751953,414.65496826171875,-68.2761001586914,316.95843505859375,408.8368835449219,-384.3219299316406,257.9066162109375,432.992431640625,-73.91069030761719,320.6547546386719,430.4361267089844,-422.9057922363281,258.59283447265625,433.6065673828125,-112.11573028564453,308.1017150878906,430.3018493652344,-410.968994140625,258.8769226074219,428.87799072265625,-83.27188110351562,304.3074951171875,425.2508239746094,-379.3140563964844,390.9990234375,261.990966796875,86.24185180664062,421.0,236.801513671875,-86.24380493164062,431.9781494140625,372.2015075683594,127.69194030761719,475.0856628417969,361.4099426269531,-84.35259246826172,461.860107421875,264.75653076171875,332.795654296875,503.04083251953125,247.0,123.63105773925781,457.2342224121094,239.2667236328125,357.76422119140625,489.0066833496094,224.31964111328125,149.09088134765625,495.3314514160156,248.7811279296875,417.91949462890625,546.7109375,226.00067138671875,197.12765502929688,
188.99996948242188,261.0,-319.5773010253906,176.632080078125,254.99932861328125,-313.544677734375,174.99993896484375,254.323974609375,-313.5489807128906,173.99835205078125,253.32403564453125,-313.75970458984375,178.96151733398438,252.916015625,-345.5834045410156,178.99996948242188,249.9964599609375,-345.72515869140625,179.99989318847656,246.9984130859375,-345.62908935546875,178.6321258544922,237.0,-237.47885131835938,188.0,227.63201904296875,-378.18707275390625,201.632080078125,261.0,-282.9814758300781,204.63206481933594,257.0,-323.86297607421875,216.999755859375,243.14373779296875,-125.31649780273438,280.0177001953125,216.61920166015625,-399.04254150390625,235.74191284179688,336.52410888671875,-42.74578094482422,323.06085205078125,317.11456298828125,-412.4998474121094,250.2926483154297,416.5933532714844,-72.74630737304688,314.8469543457031,411.308837890625,-391.717041015625,257.9577331542969,435.55548095703125,-78.89120483398438,317.577880859375,432.9205322265625,-430.9869384765625,258.3301696777344,436.0433044433594,-117.46737670898438,304.6195983886719,432.7092590332031,-418.5437316894531,258.6199645996094,431.1794128417969,-88.0683364868164,301.1875305175781,428.1580505371094,-386.7135009765625,390.9995422363281,261.9959716796875,86.75812530517578,421.0,236.90771484375,-86.43506622314453,431.9901123046875,372.09381103515625,129.16018676757812,475.0390930175781,360.8753662109375,-83.82872772216797,462.41888427734375,264.7286376953125,338.2112121582031,503.0185241699219,247.0,128.26876831054688,457.6364440917969,239.1236572265625,363.66888427734375,489.00299072265625,224.6302490234375,153.99949645996094,495.6935119628906,248.8897705078125,422.7052307128906,546.3837280273438,226.00030517578125,200.6578826904297,
188.99996948242188,261.0,-321.7049560546875,176.81980895996094,254.99969482421875,-315.3662414550781,175.3239288330078,254.63214111328125,-315.6921081542969,173.99925231933594,253.6322021484375,-315.79864501953125,178.9825439453125,252.9615478515625,-348.18817138671875,178.99996948242188,249.99847412109375,-348.2548522949219,179.99993896484375,246.99932861328125,-348.20916748046875,178.81982421875,237.0,-238.85391235351562,188.0,227.81988525390625,-382.550048828125,201.81980895996094,261.0,-284.5776672363281,204.81980895996094,257.0,-326.6415710449219,216.9998779296875,243.54803466796875,-125.96498107910156,280.0079650878906,216.81402587890625,-403.80609130859375,235.880615234375,337.2535400390625,-43.77278137207031,320.4248352050781,319.57843017578125,-418.51995849609375,250.18067932128906,418.1263427734375,-76.59236145019531,312.47344970703125,413.6773986816406,-398.9533996582031,257.6569519042969,437.5810241699219,-82.81698608398438,314.39453125,435.4427490234375,-439.2521057128906,258.1630859375,438.18511962890625,-122.25901794433594,301.6873779296875,435.625,-426.1963806152344,258.3424377441406,433.249267578125,-92.2236328125,298.47607421875,431.035400390625,-393.95184326171875,390.9997253417969,261.9981689453125,87.63813781738281,420.676025390625,236.95782470703125,-87.33033752441406,432.3194274902344,372.0428466796875,130.4051055908203,475.0176696777344,360.46063232421875,-84.14795684814453,463.04681396484375,264.505126953125,344.58502197265625,503.00836181640625,247.0,131.4696502685547,458.1563720703125,239.05645751953125,370.3233642578125,488.67742919921875,224.81903076171875,157.3430633544922,495.86083984375,248.947998046875,428.803466796875,546.187255859375,226.0001220703125,202.84262084960938,
188.99996948242188,261.0,-322.6280212402344,176.91587829589844,254.99993896484375,-316.3131408691406,175.6321258544922,254.81988525390625,-316.6221923828125,173.99966430664062,253.8199462890625,-316.67254638671875,178.9920654296875,252.98260498046875,-349.37969970703125,178.99996948242188,249.99932861328125,-349.4102783203125,180.0,247.32366943359375,-349.38922119140625,178.91590881347656,237.0,-239.22401428222656,188.0,227.916015625,-384.6940612792969,201.91587829589844,261.0,-285.4112854003906,204.59194946289062,257.0,-328.07080078125,216.9999542236328,243.781494140625,-125.80107116699219,280.00360107421875,217.2371826171875,-406.61895751953125,236.26953125,337.9695739746094,-42.759056091308594,318.07562255859375,321.57366943359375,-421.68402099609375,250.0928955078125,419.06805419921875,-76.3000717163086,309.4951171875,415.6206359863281,-402.2479248046875,257.3592224121094,439.1289978027344,-82.44957733154297,311.58978271484375,437.8251953125,-443.02685546875,257.7524108886719,439.9012145996094,-122.29415893554688,299.51995849609375,438.0584716796875,-429.84295654296875,258.16864013671875,434.606689453125,-92.11952209472656,296.09747314453125,433.30316162109375,-397.2471618652344,390.99981689453125,261.99920654296875,88.61831665039062,420.3677978515625,236.98095703125,-88.43077850341797,432.6300354003906,372.0194396972656,132.818115234375,475.00799560546875,360.2225646972656,-83.55792236328125,463.5041198730469,264.27935791015625,350.1122131347656,503.00372314453125,247.0,133.9344482421875,458.55584716796875,239.025634765625,376.31475830078125,488.3684387207031,224.91558837890625,159.87640380859375,495.93701171875,248.9761962890625,434.209716796875,546.0872192382812,226.0,203.984375,
188.99996948242188,261.0,-322.2562255859375,176.96153259277344,255.0,-315.7415466308594,175.81980895996094,254.916015625,-315.9296875,173.99981689453125,253.916015625,-315.9528503417969,178.99639892578125,252.9921875,-348.8172912597656,178.99996948242188,249.99969482421875,-348.8311767578125,180.0,247.63201904296875,-348.8216247558594,178.96151733398438,237.0,-238.542236328125,187.6760711669922,227.9615478515625,-384.533447265625,201.96153259277344,261.0,-285.11029052734375,204.3294219970703,257.0,-327.98779296875,216.99998474121094,243.8985595703125,-124.81932830810547,279.67767333984375,217.5924072265625,-406.6473083496094,236.6074981689453,338.46881103515625,-40.894710540771484,316.2279968261719,323.12060546875,-420.7616882324219,250.044189453125,419.884765625,-72.38496398925781,307.00494384765625,416.8182373046875,-400.15228271484375,257.1762390136719,440.39495849609375,-78.13978576660156,309.4768371582031,439.3938293457031,-440.76239013671875,257.40283203125,441.2806701660156,-118.1036148071289,297.914794921875,439.5455322265625,-427.6313171386719,258.078857421875,435.6618957519531,-88.30071258544922,294.5615539550781,434.6695251464844,-395.15191650390625,390.9999084472656,261.999755859375,89.29399108886719,420.1800842285156,236.991455078125,-89.19801330566406,432.8188781738281,372.0088195800781,134.7811279296875,475.00360107421875,360.10333251953125,-81.90083312988281,464.08544921875,264.46197509765625,351.6254577636719,503.00164794921875,247.0,134.17015075683594,458.7852783203125,239.0115966796875,377.5543518066406,488.18035888671875,224.96148681640625,160.14378356933594,496.2953796386719,248.9892578125,435.9931335449219,546.0398559570312,226.0,204.20974731445312,
188.99996948242188,261.0,-322.3580627441406,176.9825439453125,255.0,-315.9524230957031,175.59194946289062,254.63775634765625,-316.04864501953125,173.99993896484375,253.6376953125,-316.3831481933594,178.99835205078125,252.99658203125,-348.99737548828125,178.99996948242188,249.99993896484375,-349.0036926269531,180.0,247.81988525390625,-348.9993896484375,178.9825439453125,236.67608642578125,-238.8143310546875,187.36785888671875,227.98260498046875,-384.22845458984375,201.65858459472656,261.0,-285.2808532714844,204.16268920898438,257.0,-327.90966796875,216.99998474121094,243.9537353515625,-124.61869812011719,279.3685607910156,217.80194091796875,-406.001708984375,236.80870056152344,338.7455139160156,-39.82314682006836,314.45599365234375,324.06610107421875,-419.80517578125,250.0203399658203,420.4303894042969,-69.59468841552734,305.1610107421875,417.7677307128906,-399.0689697265625,257.0823059082031,441.1946105957031,-75.0003662109375,307.8955078125,440.5615234375,-439.41552734375,257.196044921875,442.1407470703125,-114.9925308227539,296.6244812011719,440.64093017578125,-426.02117919921875,258.03607177734375,436.32696533203125,-85.55616760253906,293.0924072265625,435.6995849609375,-393.744873046875,390.676025390625,261.99993896484375,89.6634521484375,420.0840148925781,236.9962158203125,-89.61787414550781,432.9154968261719,372.32794189453125,135.60057067871094,475.0016174316406,360.0471496582031,-80.86016845703125,464.1977233886719,264.69683837890625,351.9143371582031,503.0007019042969,246.67608642578125,135.0418701171875,458.57635498046875,239.00537109375,378.0927429199219,488.0841369628906,224.9825439453125,161.02992248535156,496.61920166015625,248.9951171875,436.56622314453125,546.01806640625,226.0,205.12779235839844,
188.99996948242188,261.0,-322.94061279296875,176.99208068847656,255.0,-316.7066955566406,175.3293914794922,254.3504638671875,-316.7523498535156,173.99996948242188,253.3504638671875,-317.38922119140625,178.99925231933594,252.99847412109375,-349.4051818847656,178.99996948242188,250.0,-349.4079895019531,180.0,247.916015625,-349.40606689453125,178.9920654296875,236.367919921875,-239.63307189941406,187.18016052246094,227.9921875,-383.7638854980469,201.35995483398438,260.67608642578125,-285.90350341796875,204.076171875,257.0,-327.92779541015625,216.99998474121094,244.302978515625,-124.7354736328125,278.85650634765625,217.9078369140625,-405.1864013671875,236.91085815429688,339.20623779296875,-39.350250244140625,312.9309387207031,324.884033203125,-419.3411560058594,250.00921630859375,421.0521240234375,-67.85684204101562,303.4171142578125,418.7007141113281,-399.19189453125,257.0376281738281,441.94281005859375,-72.73054504394531,306.2918701171875,441.2808532714844,-439.6881408691406,257.09124755859375,442.91815185546875,-112.728759765625,295.8140869140625,441.6428527832031,-426.02197265625,258.016357421875,437.00494384765625,-83.8393783569336,291.7527160644531,436.6697998046875,-393.8836364746094,390.3677978515625,262.0,89.84466552734375,420.0383605957031,236.9984130859375,-89.82367706298828,433.2852783203125,372.63397216796875,135.5440673828125,475.00067138671875,360.0213928222656,-80.69945526123047,464.1372985839844,265.17352294921875,351.32257080078125,503.0002746582031,246.367919921875,135.26751708984375,458.3222961425781,239.00244140625,377.8516845703125,488.0384216308594,224.99212646484375,161.2621307373047,496.49005126953125,249.3216552734375,436.4752197265625,546.0081787109375,226.0,205.65673828125,
188.99996948242188,261.0,-323.76104736328125,176.9964141845703,255.0,-317.6436767578125,175.16270446777344,254.17236328125,-317.6646728515625,173.99996948242188,253.17230224609375,-318.1627197265625,178.99966430664062,252.99932861328125,-349.69805908203125,178.99996948242188,250.0,-349.69940185546875,180.0,247.63763427734375,-349.6985168457031,178.99639892578125,236.18017578125,-240.28424072265625,187.0840606689453,227.99658203125,-382.7547607421875,201.1765594482422,260.367919921875,-286.4198913574219,204.03485107421875,256.67608642578125,-327.9594421386719,216.99998474121094,244.6226806640625,-124.53483581542969,278.45208740234375,217.95794677734375,-404.2856750488281,236.95924377441406,339.5785217285156,-39.15186309814453,311.318603515625,325.106201171875,-418.8219909667969,249.68020629882812,421.8305358886719,-66.25083923339844,301.9115905761719,419.3359680175781,-398.8834533691406,257.0170593261719,442.78070068359375,-70.71074676513672,304.8541259765625,441.6600646972656,-439.2724914550781,256.71771240234375,443.7695007324219,-110.3863296508789,294.7371826171875,442.3097839355469,-425.43695068359375,257.6834411621094,437.80914306640625,-82.24293518066406,290.5592956542969,437.3219909667969,-393.69573974609375,390.1800842285156,262.0,89.92928314208984,420.01739501953125,236.99932861328125,-89.91973876953125,433.61456298828125,372.82073974609375,134.99591064453125,475.000244140625,360.0096740722656,-80.79718017578125,464.07318115234375,265.56158447265625,350.3986511230469,502.6761169433594,246.18017578125,136.1714630126953,458.15948486328125,239.32513427734375,376.8389587402344,488.01739501953125,224.9964599609375,162.16903686523438,496.2811279296875,249.63116455078125,435.62677001953125,546.0036010742188,226.32391357421875,207.48779296875,
188.99996948242188,261.0,-324.6833801269531,176.67445373535156,255.0,-318.62811279296875,175.076171875,254.08062744140625,-318.6376953125,173.99996948242188,253.08056640625,-318.9223937988281,178.99981689453125,252.999755859375,-350.1809387207031,178.99996948242188,250.0,-350.1815490722656,180.0,247.3504638671875,-350.1811218261719,178.99835205078125,236.0841064453125,-240.9795684814453,187.03842163085938,227.99847412109375,-381.9304504394531,201.0824432373047,260.1802978515625,-287.04351806640625,204.0157928466797,256.367919921875,-328.30389404296875,216.99998474121094,244.81561279296875,-124.29972076416016,277.8947448730469,217.98101806640625,-403.335205078125,236.9814910888672,339.79559326171875,-39.06715774536133,309.8683776855469,325.095947265625,-418.7557373046875,249.3697509765625,422.39483642578125,-64.83064270019531,300.9573669433594,419.6832580566406,-399.1492614746094,256.6838073730469,443.3722839355469,-69.05284881591797,303.6073913574219,442.16754150390625,-439.37408447265625,256.06280517578125,444.691162109375,-108.74449157714844,293.9129333496094,442.995361328125,-425.45098876953125,257.37115478515625,438.70904541015625,-80.82707214355469,289.46246337890625,438.00091552734375,-394.05322265625,389.76007080078125,262.323974609375,89.96797180175781,420.0078125,236.99981689453125,-89.96365356445312,433.8118591308594,372.9163818359375,133.88079833984375,475.00006103515625,360.00439453125,-81.21722412109375,464.35919189453125,265.78759765625,349.3980712890625,502.36785888671875,246.0841064453125,137.97723388671875,458.07470703125,239.63262939453125,375.6549377441406,487.6838684082031,224.99847412109375,164.30007934570312,496.46441650390625,250.1434326171875,434.87310791015625,546.0015258789062,226.63214111328125,210.07920837402344,
188.99996948242188,261.0,-325.97314453125,176.36712646484375,255.0,-319.9477844238281,175.0348663330078,254.036865234375,-319.9521179199219,173.99996948242188,253.036865234375,-320.0942687988281,178.99993896484375,252.99993896484375,-351.53814697265625,178.99996948242188,250.0,-351.5384521484375,180.0,247.17236328125,-351.5382080078125,178.99925231933594,236.03851318359375,-241.7965545654297,187.01742553710938,227.99932861328125,-381.774658203125,201.03768920898438,260.08416748046875,-288.1498107910156,204.00711059570312,256.18017578125,-329.2705993652344,216.99998474121094,244.91400146484375,-124.1485824584961,277.46942138671875,217.991455078125,-403.3304138183594,237.3155517578125,339.9049987792969,-38.70611572265625,308.6141662597656,324.73065185546875,-420.136474609375,249.18099975585938,423.0338439941406,-64.24371337890625,300.12847900390625,419.8537902832031,-401.13409423828125,256.371337890625,444.0236511230469,-68.67079162597656,302.8085021972656,442.56103515625,-441.5708923339844,255.55653381347656,445.3295593261719,-108.1590805053711,293.4408874511719,443.4806213378906,-427.28216552734375,256.857666015625,439.3376770019531,-80.24209594726562,288.74072265625,438.4830627441406,-395.7644958496094,389.40625,262.63214111328125,89.98553466796875,420.00347900390625,236.99993896484375,-89.98357391357422,433.9123229980469,373.2857360839844,132.9916534423828,475.0000305175781,360.00201416015625,-81.58097076416016,464.6484069824219,265.90130615234375,350.0090637207031,502.1801452636719,246.03851318359375,140.05686950683594,458.0341491699219,239.82012939453125,376.4621887207031,487.37139892578125,224.99932861328125,166.6885223388672,496.69818115234375,250.5478515625,435.72064208984375,546.0006713867188,226.81982421875,212.62078857421875,
188.99996948242188,261.0,-327.5899963378906,176.1798095703125,255.0,-321.5785217285156,175.01580810546875,254.01678466796875,-321.58050537109375,173.99996948242188,253.01678466796875,-321.6473083496094,178.99996948242188,253.0,-353.33416748046875,178.99996948242188,250.0,-353.33428955078125,180.0,247.08062744140625,-353.3341979980469,178.99966430664062,236.01751708984375,-242.70318603515625,187.0078582763672,227.999755859375,-382.4894104003906,201.01708984375,260.03851318359375,-289.67254638671875,204.00320434570312,256.0841064453125,-330.7276611328125,216.99998474121094,244.960693359375,-124.0696792602539,277.2264404296875,218.3201904296875,-404.237548828125,237.3043975830078,339.9566650390625,-38.38138961791992,307.4876403808594,324.39483642578125,-422.093017578125,248.76052856445312,423.4979248046875,-64.06737518310547,299.8998107910156,419.9334716796875,-403.8897705078125,256.1816711425781,444.49334716796875,-68.42263793945312,302.706787109375,442.7876892089844,-444.251220703125,255.26805114746094,445.6800537109375,-108.01834106445312,293.2046203613281,443.7508850097656,-429.958984375,256.4526062011719,439.68365478515625,-80.06664276123047,288.6758117675781,438.75201416015625,-398.23663330078125,389.197509765625,262.81988525390625,89.99345397949219,420.00146484375,237.0,-89.99258422851562,433.9598693847656,373.6148681640625,132.80308532714844,475.0,360.00091552734375,-81.79622650146484,464.8272705078125,265.955078125,352.1640319824219,502.0840759277344,246.01751708984375,141.82012939453125,458.0154724121094,239.9161376953125,378.85711669921875,487.1817321777344,224.99969482421875,168.63973999023438,496.85015869140625,250.78131103515625,438.02197265625,546.000244140625,226.91595458984375,214.29339599609375,
188.99996948242188,261.0,-328.75518798828125,176.0839080810547,255.0,-322.74993896484375,175.00714111328125,254.00762939453125,-322.7508850097656,173.99996948242188,253.00762939453125,-322.781494140625,178.676025390625,253.0,-354.6260986328125,178.99996948242188,250.0,-354.626220703125,180.0,247.036865234375,-354.62615966796875,178.99981689453125,236.0079345703125,-243.33494567871094,187.0035400390625,227.99993896484375,-383.1796875,201.00772094726562,260.017578125,-290.7929382324219,204.0014190673828,256.03851318359375,-331.81787109375,216.99998474121094,244.982177734375,-124.03192138671875,277.1050720214844,218.63043212890625,-405.0541687011719,237.18597412109375,339.98040771484375,-38.18624496459961,306.75213623046875,324.1927490234375,-423.82763671875,248.40647888183594,423.7586975097656,-63.696189880371094,299.9068298339844,419.9698791503906,-405.5574035644531,255.7608184814453,444.7566833496094,-68.22917175292969,302.808349609375,442.90142822265625,-446.0935363769531,255.12423706054688,445.852294921875,-107.67186737060547,293.41729736328125,443.8847351074219,-431.589111328125,256.2188415527344,439.8538818359375,-79.69586181640625,288.7942810058594,438.8852233886719,-399.7280578613281,389.09185791015625,262.916015625,89.99703216552734,420.0006408691406,237.0,-89.99665069580078,433.98175048828125,373.8120422363281,133.17843627929688,474.676025390625,360.00042724609375,-81.9051513671875,464.9192810058594,265.9796142578125,354.28857421875,502.03839111328125,246.0079345703125,142.59153747558594,458.0069274902344,239.961669921875,381.1364440917969,487.0847473144531,224.99993896484375,169.50733947753906,496.9296569824219,250.89849853515625,439.89813232421875,546.0000610351562,226.96160888671875,214.86680603027344,
188.99996948242188,261.0,-329.7276611328125,176.03836059570312,255.0,-323.725341796875,175.0032196044922,254.00347900390625,-323.72576904296875,173.99996948242188,253.0035400390625,-323.7396545410156,178.3678436279297,253.0,-355.666748046875,178.99996948242188,250.0,-355.66680908203125,180.0,247.01678466796875,-355.666748046875,178.99993896484375,236.00360107421875,-244.00634765625,187.0015869140625,228.0,-384.24676513671875,201.00344848632812,260.0079345703125,-291.74481201171875,204.00064086914062,256.01751708984375,-332.756103515625,216.99998474121094,244.991943359375,-124.01447296142578,277.04791259765625,218.819091796875,-406.187744140625,237.0952911376953,339.9912109375,-37.76289367675781,306.3570556640625,324.0898742675781,-425.240966796875,248.19766235351562,423.8882141113281,-63.374855041503906,299.62274169921875,419.98638916015625,-406.678466796875,255.4066162109375,444.8873291015625,-67.78876495361328,302.5760192871094,442.63104248046875,-447.41778564453125,254.73269653320312,445.9327697753906,-107.36347198486328,292.7026062011719,443.9474792480469,-432.69287109375,256.1015930175781,439.9334716796875,-79.37471008300781,288.89361572265625,438.94769287109375,-400.75823974609375,389.04193115234375,262.961669921875,90.32258605957031,420.000244140625,237.0,-90.3224105834961,433.9917297363281,373.91241455078125,134.5252227783203,474.3678283691406,360.32415771484375,-81.95667266845703,464.96307373046875,265.99078369140625,356.9422607421875,502.0173645019531,246.00360107421875,142.85699462890625,458.3270263671875,239.65869140625,383.8708801269531,487.0386962890625,225.0,169.8184814453125,496.9677429199219,250.9537353515625,442.2796630859375,546.0,226.98260498046875,214.67123413085938,
188.99996948242188,261.0,-331.00421142578125,176.0173797607422,255.0,-324.67926025390625,175.00144958496094,254.00164794921875,-324.6794738769531,173.99996948242188,253.0015869140625,-325.0096435546875,178.18014526367188,253.0,-356.97625732421875,178.99996948242188,250.0,-356.9762878417969,180.0,247.00762939453125,-356.97625732421875,178.99996948242188,236.001708984375,-244.80935668945312,187.00071716308594,228.0,-385.7250671386719,201.00152587890625,260.00360107421875,-292.68804931640625,204.00025939941406,256.0079345703125,-334.0170593261719,216.99998474121094,244.6724853515625,-124.00653076171875,277.02166748046875,218.9156494140625,-408.0219421386719,237.04527282714844,339.9960632324219,-37.407554626464844,306.1645202636719,324.0411376953125,-426.7695007324219,248.09197998046875,423.9490966796875,-63.506858825683594,299.3415222167969,419.9938659667969,-407.9918518066406,255.1977081298828,444.9486389160156,-68.06849670410156,302.320068359375,442.67144775390625,-448.86236572265625,254.39349365234375,445.96954345703125,-107.82557678222656,291.6186218261719,443.9762878417969,-433.998291015625,256.04632568359375,439.9698791503906,-79.50679016113281,288.6253356933594,438.976318359375,-402.0283508300781,389.0190124511719,262.98260498046875,90.63151550292969,420.00006103515625,237.0,-90.63142395019531,433.9962158203125,374.283935546875,136.00204467773438,474.18011474609375,360.63226318359375,-81.9803466796875,464.9831848144531,265.99591064453125,359.86236572265625,502.00787353515625,246.001708984375,143.59339904785156,458.633544921875,239.36004638671875,386.8296203613281,487.0174865722656,225.0,170.57591247558594,496.9853210449219,250.97900390625,444.7047119140625,546.0,227.31610107421875,214.70240783691406,
188.99996948242188,261.0,-331.9584655761719,176.00784301757812,255.0,-325.6497497558594,175.00064086914062,254.000732421875,-325.64984130859375,173.99996948242188,253.000732421875,-325.9609069824219,178.08407592773438,253.0,-357.94573974609375,178.99996948242188,250.0,-357.94573974609375,180.0,247.0035400390625,-357.94573974609375,178.99996948242188,236.00079345703125,-245.38514709472656,187.00030517578125,228.0,-387.1423645019531,201.00067138671875,260.001708984375,-293.65374755859375,204.00010681152344,256.00360107421875,-335.28814697265625,216.99998474121094,244.3663330078125,-124.3268814086914,277.009765625,218.9615478515625,-409.7621765136719,237.02081298828125,339.99822998046875,-37.198150634765625,306.0748596191406,324.0186767578125,-428.1734924316406,248.04200744628906,423.9769592285156,-64.04132843017578,299.1678771972656,420.32122802734375,-408.9548645019531,255.09201049804688,444.97674560546875,-68.46856689453125,302.15802001953125,442.8030700683594,-450.218017578125,254.1917266845703,445.9862976074219,-108.67108154296875,290.8328857421875,443.98931884765625,-435.2816467285156,256.0209655761719,439.98638916015625,-80.04129791259766,288.66839599609375,438.98931884765625,-402.971435546875,389.008544921875,262.9921875,91.14349365234375,420.0000305175781,237.0,-91.1434555053711,433.99822998046875,374.6140441894531,137.31381225585938,473.76007080078125,360.8199462890625,-81.9911117553711,464.99237060546875,265.9981689453125,361.88275146484375,502.00347900390625,246.00079345703125,144.24172973632812,458.8204345703125,239.1766357421875,388.8678283691406,487.0079040527344,225.0,171.2338409423828,496.9932861328125,250.99053955078125,446.3283996582031,545.6759643554688,227.62860107421875,214.81961059570312,
188.99996948242188,261.0,-332.8226318359375,176.00352478027344,255.0,-326.3107604980469,175.00027465820312,254.00042724609375,-326.310791015625,173.99996948242188,253.0003662109375,-326.4997863769531,178.03842163085938,253.0,-358.8168640136719,178.99996948242188,250.0,-358.8168640136719,180.0,247.0015869140625,-358.8168640136719,178.99996948242188,235.676513671875,-246.02940368652344,187.00013732910156,228.0,-388.7127380371094,201.00027465820312,260.0008544921875,-294.31256103515625,204.00003051757812,256.001708984375,-336.1333923339844,216.99998474121094,244.179443359375,-124.30952453613281,277.00439453125,218.98260498046875,-411.20306396484375,237.0094451904297,339.9992370605469,-37.09220886230469,306.0339050292969,324.3323974609375,-429.72900390625,248.01902770996094,423.9896240234375,-64.49093627929688,299.0783996582031,420.63092041015625,-409.8213195800781,255.36593627929688,444.9895324707031,-68.73472595214844,302.0740051269531,442.8997802734375,-451.42559814453125,254.41322326660156,445.99383544921875,-109.30970001220703,290.7217102050781,443.9952087402344,-436.45477294921875,256.00946044921875,439.9938659667969,-80.49091339111328,288.8016662597656,438.9952087402344,-403.8288269042969,389.0038146972656,262.99658203125,91.8718490600586,420.0,237.0,-91.871826171875,433.9991760253906,374.81170654296875,138.47714233398438,473.4062805175781,360.9159851074219,-82.31990814208984,464.99652099609375,265.67529296875,362.99005126953125,502.0015563964844,246.00048828125,144.3059539794922,458.9161376953125,239.08258056640625,390.3072204589844,487.0035400390625,225.0,171.3023681640625,496.9969787597656,250.99578857421875,447.5297546386719,545.3677978515625,227.81829833984375,214.583740234375,
188.99996948242188,261.0,-333.07586669921875,176.0015869140625,255.0,-326.6714782714844,175.00009155273438,254.000244140625,-326.6715087890625,173.99996948242188,253.000244140625,-326.76812744140625,178.0174102783203,252.6761474609375,-359.0732727050781,178.99996948242188,250.0,-359.3971862792969,180.0,247.000732421875,-359.3971862792969,178.99996948242188,235.36810302734375,-246.49588012695312,187.00003051757812,228.0,-389.4975280761719,201.00009155273438,260.00048828125,-294.6722717285156,204.00001525878906,256.00079345703125,-336.58868408203125,216.99998474121094,244.0838623046875,-124.51224517822266,277.001953125,218.99212646484375,-412.1027526855469,237.00425720214844,339.9996643066406,-37.36604309082031,306.0152893066406,324.6359558105469,-430.50531005859375,248.00857543945312,423.9953308105469,-65.07736206054688,299.0358581542969,420.8193054199219,-410.39923095703125,255.65115356445312,444.99530029296875,-69.19916534423828,302.0339050292969,442.9525146484375,-451.88250732421875,254.67291259765625,446.3211364746094,-109.99278259277344,290.8158264160156,443.9978332519531,-436.895751953125,256.0042419433594,439.99725341796875,-81.07734680175781,288.8991394042969,438.9978332519531,-404.40264892578125,389.001708984375,262.99847412109375,92.41346740722656,420.0,237.0,-92.4134521484375,433.9996337890625,374.91229248046875,139.23146057128906,473.19757080078125,360.9615783691406,-82.63031005859375,464.9984130859375,265.3675537109375,363.20977783203125,502.0006408691406,246.00018310546875,143.54745483398438,458.96160888671875,239.03790283203125,390.51495361328125,487.0015563964844,225.0,170.54583740234375,496.99859619140625,250.99810791015625,447.942138671875,545.1800537109375,227.91522216796875,213.35218811035156,
188.99996948242188,261.0,-333.4056701660156,176.00070190429688,255.0,-327.17230224609375,175.0000457763672,254.0,-327.17230224609375,173.99996948242188,253.0,-327.2181701660156,178.0078582763672,252.367919921875,-359.4045104980469,178.99996948242188,250.0,-359.71270751953125,180.0,247.0003662109375,-359.71270751953125,178.99996948242188,235.1802978515625,-246.75775146484375,187.0,228.0,-390.127685546875,201.00003051757812,260.000244140625,-295.1726379394531,204.0,256.00048828125,-337.13446044921875,216.676025390625,244.03839111328125,-125.05239868164062,277.0008544921875,218.9964599609375,-412.5764465332031,237.0018768310547,339.9999084472656,-37.97515106201172,306.0068664550781,324.8216247558594,-430.80731201171875,248.00384521484375,423.9978942871094,-65.84151458740234,299.0162658691406,420.91571044921875,-410.7136535644531,255.8284149169922,444.99786376953125,-70.22277069091797,302.3392639160156,442.97821044921875,-452.3156433105469,254.83834838867188,446.63092041015625,-110.80284118652344,290.9034423828125,443.9990539550781,-437.3216552734375,256.00189208984375,440.3227233886719,-81.84151458740234,288.9521789550781,439.3229675292969,-404.7152099609375,388.67681884765625,262.99932861328125,92.71829986572266,420.0,237.0,-92.71829986572266,433.9998474121094,374.9599609375,139.31153869628906,472.7679748535156,360.9826354980469,-82.81901550292969,464.9992370605469,265.1800537109375,363.1555480957031,502.0002136230469,246.00006103515625,142.8370361328125,458.9825439453125,239.0172119140625,390.3418884277344,487.00067138671875,225.0,169.83628845214844,496.9993591308594,250.99920654296875,447.69720458984375,545.407958984375,227.9613037109375,211.9396209716797,
188.99996948242188,261.0,-334.3280334472656,176.00030517578125,255.0,-327.88702392578125,175.00001525878906,254.0,-327.88702392578125,173.99996948242188,253.0,-328.2320556640625,178.0035400390625,252.18017578125,-360.65142822265625,178.99996948242188,250.0,-360.8391418457031,180.0,247.00018310546875,-360.8391418457031,178.99996948242188,235.084228515625,-247.2117156982422,187.0,228.0,-391.84716796875,201.00001525878906,260.00006103515625,-295.8871765136719,203.9999542236328,255.67633056640625,-338.1937255859375,216.36785888671875,244.0174560546875,-125.49772644042969,277.0003356933594,218.99847412109375,-414.1009521484375,237.00082397460938,340.0,-38.13666915893555,306.0030517578125,324.916748046875,-432.5405578613281,248.00172424316406,423.99908447265625,-66.72361755371094,299.00732421875,420.96148681640625,-412.8114013671875,255.91976928710938,444.99908447265625,-71.3820571899414,302.6390380859375,442.9901123046875,-454.2586669921875,254.92425537109375,446.8193359375,-112.03002166748047,291.27764892578125,443.99957275390625,-439.5853576660156,256.00079345703125,440.631591796875,-83.04755401611328,288.97796630859375,439.6317138671875,-406.8121032714844,388.3681945800781,262.999755859375,92.86956024169922,420.0,237.0,-92.86956024169922,433.9999694824219,374.98187255859375,139.5238800048828,472.4098205566406,360.9921875,-83.23946380615234,464.9996337890625,265.08404541015625,363.7318115234375,502.00006103515625,246.0,142.40863037109375,458.9920654296875,239.00775146484375,391.1512451171875,487.0002136230469,225.0,169.40829467773438,496.99969482421875,250.999755859375,448.036376953125,545.6704711914062,227.98248291015625,210.98321533203125,
188.99996948242188,261.0,-335.1080322265625,176.0001220703125,255.0,-328.4206848144531,175.0,254.0,-328.4206848144531,173.99996948242188,253.0,-328.738525390625,178.0015869140625,252.0841064453125,-361.416015625,178.99996948242188,250.0,-361.51202392578125,180.0,247.0,-361.51202392578125,178.99996948242188,235.03851318359375,-247.5809326171875,187.0,228.0,-393.3135681152344,201.0,260.0,-296.4207458496094,203.9999542236328,255.367919921875,-339.0450134277344,216.18011474609375,244.0079345703125,-126.08074951171875,277.0001525878906,219.3232421875,-415.43994140625,237.0003662109375,340.0000305175781,-38.755393981933594,306.00140380859375,324.96197509765625,-433.8026428222656,248.00076293945312,424.3235168457031,-67.99205780029297,299.0032653808594,420.9825439453125,-414.4085998535156,256.2872314453125,444.9996032714844,-72.82384490966797,302.8229675292969,442.9955749511719,-455.9856872558594,254.96530151367188,446.91571044921875,-113.61624908447266,291.61077880859375,443.9999084472656,-441.6190490722656,256.0003356933594,440.81964111328125,-84.30024719238281,288.98992919921875,439.81964111328125,-408.73284912109375,388.1802978515625,262.99993896484375,93.26448059082031,420.0,237.323974609375,-93.26448059082031,433.9999694824219,374.9918518066406,139.7358856201172,472.1990966796875,360.9964599609375,-83.593505859375,464.6758728027344,265.0384521484375,364.3048400878906,502.0000305175781,246.0,141.54254150390625,458.99639892578125,239.00360107421875,391.65838623046875,487.00006103515625,224.67608642578125,168.54241943359375,496.9998474121094,250.99993896484375,448.4559326171875,545.8372192382812,227.99212646484375,209.8188018798828,
188.99996948242188,261.0,-335.89068603515625,176.00003051757812,255.0,-329.0455322265625,175.0,254.0,-329.0455322265625,173.99996948242188,253.0,-329.23760986328125,178.00071716308594,252.0384521484375,-362.40228271484375,178.99996948242188,250.0,-362.4479064941406,180.0,247.0,-362.4479064941406,178.99996948242188,235.017578125,-248.12054443359375,187.0,228.0,-395.15167236328125,201.0,260.0,-297.0455322265625,203.9999542236328,255.1802978515625,-339.86187744140625,216.08404541015625,244.00360107421875,-126.84310150146484,277.0000305175781,219.63189697265625,-417.2110900878906,237.0001678466797,340.0000305175781,-39.323646545410156,306.0006103515625,324.9827575683594,-435.09979248046875,248.0003204345703,424.6319580078125,-68.95085144042969,299.0014343261719,420.9920959472656,-415.9075012207031,256.615478515625,444.9998779296875,-73.87218475341797,302.91729736328125,442.998046875,-457.66571044921875,255.3081817626953,446.9614562988281,-114.76710510253906,292.1340026855469,443.9999694824219,-443.4861145019531,256.0000915527344,440.9158630371094,-85.1385726928711,288.99542236328125,439.9158630371094,-410.2158508300781,388.0841369628906,263.0,93.60519409179688,420.0,237.63214111328125,-93.60519409179688,433.9999694824219,374.9963684082031,140.8411407470703,472.09259033203125,360.9984436035156,-83.80231475830078,464.36773681640625,265.01751708984375,365.6302795410156,502.0,246.0,140.82275390625,458.9983215332031,239.00164794921875,392.8388366699219,487.0000305175781,224.367919921875,167.8226776123047,496.9998474121094,251.0,449.70111083984375,545.9237670898438,227.9964599609375,208.95068359375,
188.99996948242188,261.0,-336.4306335449219,176.00001525878906,255.0,-329.8271179199219,175.0,254.0,-329.8271179199219,173.99996948242188,253.0,-329.9251708984375,178.00030517578125,252.0174560546875,-363.1588134765625,178.99996948242188,250.0,-363.1797790527344,180.0,247.0,-363.1797790527344,178.99996948242188,235.0079345703125,-248.86146545410156,187.0,228.0,-396.838623046875,201.0,260.0,-297.8271179199219,203.9999542236328,255.08416748046875,-340.7414245605469,216.0384063720703,244.00164794921875,-127.7243423461914,277.0,219.8197021484375,-418.8658447265625,237.0000457763672,339.6761474609375,-39.668678283691406,306.0002136230469,324.99224853515625,-436.0171813964844,248.00010681152344,424.81982421875,-69.494873046875,299.0006103515625,421.3204040527344,-416.92755126953125,256.8122863769531,444.9999694824219,-74.4588623046875,302.9621887207031,442.9991455078125,-458.806640625,255.62496948242188,446.9825439453125,-115.40916442871094,292.5436096191406,444.323974609375,-444.72283935546875,256.0000305175781,440.9615478515625,-85.5909423828125,288.9978942871094,439.9615478515625,-411.1153259277344,388.0384216308594,263.0,93.80766296386719,420.0,237.81988525390625,-93.80766296386719,433.9999694824219,374.9983825683594,142.1590576171875,472.0422668457031,360.99932861328125,-83.90799713134766,464.1800842285156,265.0079345703125,366.73681640625,502.0,246.0,140.39974975585938,458.9992370605469,238.6768798828125,394.16619873046875,487.0,224.18023681640625,167.39971923828125,496.9998474121094,251.0,450.7691955566406,545.9649658203125,227.99847412109375,208.45806884765625,
188.99996948242188,261.0,-337.69964599609375,176.0,255.0,-331.364990234375,175.0,254.0,-331.364990234375,173.99996948242188,253.0,-331.4114685058594,178.00010681152344,252.0079345703125,-364.8890075683594,178.99996948242188,250.0,-364.8985595703125,180.0,247.0,-364.8985595703125,178.99996948242188,235.00360107421875,-250.05661010742188,187.0,228.0,-399.5369567871094,201.0,260.0,-299.3649597167969,203.9999542236328,255.03851318359375,-342.64971923828125,216.0174102783203,244.00079345703125,-128.9923553466797,277.3239440917969,219.91595458984375,-421.5493469238281,237.0,339.36798095703125,-40.169254302978516,306.00006103515625,325.3204650878906,-438.1481018066406,248.00003051757812,424.91595458984375,-70.41374206542969,299.0002746582031,421.9544677734375,-419.4310607910156,256.9124755859375,445.0,-75.39740753173828,302.65887451171875,443.3235778808594,-461.6981201171875,255.81658935546875,446.9920959472656,-116.69850158691406,292.77935791015625,444.6321716308594,-447.6597900390625,256.0,440.9825744628906,-86.45938873291016,288.9989929199219,440.3065185546875,-413.52716064453125,388.01739501953125,263.0,94.2343521118164,420.0,237.916015625,-94.2343521118164,433.9999694824219,374.99932861328125,143.38751220703125,472.0191650390625,360.9997253417969,-83.95796966552734,464.083984375,265.00360107421875,368.3583068847656,502.0,246.0,140.83383178710938,458.9996337890625,238.3682861328125,396.0403137207031,487.0,224.08416748046875,167.83383178710938,496.9998779296875,251.0,452.37298583984375,545.984130859375,227.99932861328125,208.53634643554688,
188.99996948242188,261.0,-339.094482421875,176.0,255.0,-332.6054992675781,175.0,254.0,-332.6054992675781,173.99996948242188,253.0,-332.9508056640625,178.00003051757812,252.00360107421875,-366.6635437011719,178.99996948242188,250.0,-366.6678771972656,180.0,247.0,-366.6678771972656,178.99996948242188,235.001708984375,-251.3043212890625,187.0,228.0,-401.9731140136719,201.0,260.0,-300.60546875,203.9999542236328,255.017578125,-344.2198486328125,216.0078582763672,244.00048828125,-129.95098876953125,277.632080078125,219.96160888671875,-423.6547546386719,236.99998474121094,339.18023681640625,-40.5613899230957,306.0000305175781,325.63055419921875,-439.9423828125,248.00001525878906,424.9615783691406,-71.15748596191406,299.00006103515625,422.77520751953125,-421.55584716796875,256.9599609375,445.0,-76.47404479980469,302.360107421875,443.63201904296875,-464.161865234375,255.91444396972656,446.9964599609375,-117.77185821533203,292.8975524902344,444.81988525390625,-450.1445007324219,256.0,440.99212646484375,-87.50242614746094,289.3234558105469,440.6242980957031,-415.60150146484375,388.0078125,263.0,94.5911865234375,420.0,237.961669921875,-94.5911865234375,433.9999694824219,374.99969482421875,144.1869659423828,472.0086364746094,360.99993896484375,-83.98092651367188,464.0383605957031,265.001708984375,369.93487548828125,502.0,246.0,141.67311096191406,458.9998474121094,238.180419921875,397.7777099609375,487.0,224.0384521484375,168.67311096191406,496.9999084472656,251.0,453.61761474609375,545.9927978515625,227.999755859375,208.72900390625,
188.99996948242188,261.0,-340.0343017578125,176.0,255.0,-333.3249206542969,175.0,254.0,-333.3249206542969,173.99996948242188,253.0,-333.6428527832031,178.00001525878906,252.001708984375,-367.5013122558594,178.99996948242188,250.0,-367.82720947265625,180.0,247.0,-367.5032958984375,178.99996948242188,235.0008544921875,-252.14041137695312,187.0,228.0,-403.1722412109375,201.0,260.0,-301.32489013671875,203.9999542236328,255.0079345703125,-345.1367492675781,216.0035400390625,244.00030517578125,-130.81884765625,277.81982421875,219.98260498046875,-424.5426330566406,236.99998474121094,339.08416748046875,-41.43562316894531,306.0,325.8191833496094,-440.3518371582031,248.0,424.98260498046875,-71.91523742675781,299.0,423.36761474609375,-421.5153503417969,256.9818420410156,445.0,-77.2201156616211,302.1766052246094,443.8197937011719,-464.3233337402344,255.96087646484375,446.9984436035156,-118.40312194824219,292.9532470703125,444.916015625,-450.31549072265625,256.0,440.9964599609375,-88.23298645019531,289.63189697265625,440.81634521484375,-415.8603210449219,388.0035400390625,263.0,94.47734069824219,420.0,237.98260498046875,-94.47734069824219,433.9999694824219,374.99993896484375,144.2907257080078,472.0038757324219,360.9999694824219,-83.99137878417969,464.0173645019531,265.0008544921875,369.66558837890625,502.0,246.0,142.310302734375,458.9999694824219,238.084228515625,397.2679748535156,487.0,224.0174560546875,169.31028747558594,496.99993896484375,251.0,453.03643798828125,545.9967651367188,227.99993896484375,208.8637237548828,
188.99996948242188,261.0,-340.5415344238281,176.0,255.0,-334.0103454589844,175.0,254.0,-334.0103454589844,173.99996948242188,253.0,-334.2024841308594,178.0,252.00079345703125,-368.13623046875,178.99996948242188,250.0,-368.4452819824219,180.0,247.0,-368.1370849609375,178.99996948242188,235.00048828125,-252.59176635742188,187.0,228.0,-403.98431396484375,201.0,260.0,-302.01031494140625,203.9999542236328,255.00360107421875,-345.922607421875,216.0015869140625,244.0,-131.3980255126953,277.9158935546875,219.99212646484375,-425.1656188964844,236.99998474121094,339.03851318359375,-42.1656608581543,306.0,325.9156494140625,-440.5941467285156,248.0,424.9921875,-72.44208526611328,299.0,423.69720458984375,-421.56597900390625,256.9917907714844,445.0,-77.62831115722656,302.08245849609375,443.91595458984375,-464.47650146484375,255.98223876953125,446.99932861328125,-118.72225189208984,292.9787902832031,444.9616394042969,-450.47296142578125,256.0,440.9984436035156,-88.63412475585938,289.8197021484375,440.9143981933594,-416.20758056640625,387.6776123046875,263.0,94.59931945800781,419.676025390625,237.9921875,-94.59931945800781,433.9999694824219,375.0000305175781,144.19041442871094,472.001708984375,361.0,-83.99610137939453,464.0078125,265.00048828125,369.3038635253906,502.0,246.0,142.99302673339844,458.9999694824219,238.03851318359375,396.6380310058594,487.0,224.00799560546875,169.9929962158203,496.9999694824219,251.0,452.4853820800781,545.9984741210938,227.6761474609375,209.25967407226562,
188.99996948242188,261.0,-341.1126708984375,176.0,255.0,-334.4889831542969,175.0,254.0,-334.4889831542969,173.99996948242188,253.0,-334.5870361328125,178.0,252.00042724609375,-368.5567321777344,178.99996948242188,250.0,-368.744873046875,180.0,247.0,-368.55712890625,178.99996948242188,235.000244140625,-253.13580322265625,187.0,228.0,-404.4875793457031,201.0,260.0,-302.4889831542969,203.9999542236328,255.001708984375,-346.4488525390625,215.67677307128906,244.0,-132.03701782226562,277.9615478515625,219.9964599609375,-425.57220458984375,236.99998474121094,339.0174865722656,-42.59468078613281,306.0,325.96142578125,-440.77978515625,248.0,424.9964904785156,-72.73306274414062,299.0,423.86004638671875,-421.7320556640625,256.99627685546875,445.3240051269531,-77.8284683227539,302.0377197265625,443.96160888671875,-464.69122314453125,255.99195861816406,446.9997253417969,-119.19706726074219,292.9903869628906,444.98260498046875,-450.68963623046875,256.3238830566406,440.99932861328125,-88.83110809326172,289.91583251953125,440.96087646484375,-416.55621337890625,387.3685302734375,263.0,94.7700424194336,419.3678283691406,237.99658203125,-94.7700424194336,433.9999694824219,375.0000305175781,144.09942626953125,472.0007629394531,361.0000915527344,-83.99824523925781,464.327392578125,265.000244140625,369.1265563964844,502.0,246.0,143.47901916503906,458.9999694824219,238.01751708984375,396.2913818359375,487.0,224.00360107421875,170.47901916503906,497.0,251.0,452.21124267578125,545.999267578125,227.367919921875,209.60263061523438,
188.99996948242188,261.0,-340.2402648925781,176.0,255.0,-333.459228515625,175.0,254.0,-333.459228515625,173.99996948242188,253.0,-333.50579833984375,178.0,252.00018310546875,-367.49200439453125,178.99996948242188,250.0,-367.5882568359375,180.0,247.0,-367.4921569824219,178.99996948242188,235.00006103515625,-252.57472229003906,187.0,228.0,-402.81280517578125,201.0,260.0,-301.4591979980469,203.67601013183594,255.0008544921875,-345.4410400390625,215.3681640625,244.0,-132.17575073242188,277.9825134277344,219.99847412109375,-423.85150146484375,236.99998474121094,339.0079650878906,-43.13536834716797,306.3239440917969,325.6585998535156,-439.2718811035156,248.0,424.9984130859375,-72.8765869140625,299.0,422.9644775390625,-420.8895568847656,256.998291015625,445.3082275390625,-77.92191314697266,302.01708984375,443.6586608886719,-463.22314453125,255.99635314941406,446.99993896484375,-119.25067901611328,293.319580078125,444.6682434082031,-449.54638671875,256.63214111328125,440.99969482421875,-88.92311096191406,289.9615173339844,440.6582946777344,-415.80743408203125,387.180419921875,263.0,94.56084442138672,419.18011474609375,237.99847412109375,-94.56084442138672,433.9999694824219,375.0000305175781,142.42787170410156,472.000244140625,360.6761779785156,-83.99921417236328,464.6336669921875,265.00006103515625,364.5182189941406,502.0,246.0,141.15859985351562,458.9999694824219,238.00799560546875,391.2714538574219,487.0,224.00164794921875,167.8346405029297,497.0,251.0,447.2330017089844,545.9996337890625,227.18017578125,207.21495056152344,
188.676025390625,261.0,-338.2759704589844,176.0,255.0,-331.71014404296875,175.0,254.0,-331.71014404296875,173.99996948242188,253.0,-331.73162841796875,178.0,252.0,-365.40142822265625,178.99996948242188,250.0,-365.4471130371094,180.0,247.0,-365.4015197753906,178.676025390625,235.0,-251.5607452392578,187.0,228.0,-400.12298583984375,201.0,260.0,-299.710205078125,203.36782836914062,255.00048828125,-343.3780517578125,215.18026733398438,244.323974609375,-132.1273956298828,277.9920959472656,219.99932861328125,-420.8166198730469,236.99998474121094,339.003662109375,-43.5460205078125,306.95599365234375,325.0360412597656,-436.81671142578125,248.0,424.99932861328125,-72.94376373291016,299.3238830566406,421.7508544921875,-418.7416687011719,257.3231201171875,445.1877746582031,-77.96463012695312,302.3316650390625,443.36004638671875,-460.468994140625,256.3222351074219,446.9999694824219,-119.16171264648438,293.95404052734375,444.3643493652344,-446.7768859863281,256.81982421875,440.99993896484375,-88.96517944335938,290.3064880371094,440.35986328125,-413.7040710449219,387.08416748046875,263.0,93.98963928222656,419.083984375,237.99932861328125,-93.98963928222656,433.9999694824219,375.0000305175781,140.21340942382812,471.6761169433594,360.367919921875,-83.67570495605469,464.8205261230469,265.0,358.55364990234375,502.0,246.0,138.17941284179688,458.9999694824219,238.003662109375,384.95684814453125,487.0,224.00079345703125,164.54727172851562,497.0,251.0,440.9390869140625,545.999755859375,227.0841064453125,204.20492553710938,
188.3678436279297,261.0,-335.4247131347656,176.0,255.0,-328.78497314453125,175.0,254.0,-328.78497314453125,173.99996948242188,253.0,-329.11865234375,178.0,252.0,-362.1597900390625,178.99996948242188,250.0,-362.1808166503906,180.0,247.0,-362.15985107421875,178.3678436279297,235.0,-249.83493041992188,187.0,228.0,-396.513671875,201.0,260.0,-297.1089172363281,203.1801300048828,255.32415771484375,-340.47308349609375,215.08409118652344,244.63214111328125,-132.06875610351562,277.9964294433594,219.99969482421875,-416.8894958496094,236.99998474121094,339.0016784667969,-43.78080368041992,307.4519348144531,324.5444641113281,-433.0375061035156,248.0,424.9997253417969,-72.65058898925781,299.632080078125,420.89532470703125,-414.7138671875,257.30780029296875,445.09613037109375,-77.66007995605469,302.6355895996094,443.1766662597656,-455.74639892578125,256.3074035644531,447.0,-118.43645477294922,294.4510192871094,444.1785888671875,-442.2579345703125,256.9158935546875,440.9999694824219,-88.66032409667969,290.6242370605469,440.1766052246094,-409.37286376953125,387.0384521484375,263.0,93.19916534423828,419.0383605957031,237.999755859375,-93.19916534423828,433.6759948730469,374.6761474609375,138.64649963378906,471.36785888671875,360.1802062988281,-83.04376983642578,464.9161682128906,265.0,353.7239685058594,502.0,245.67608642578125,135.4763946533203,458.9999694824219,238.001708984375,379.92010498046875,487.0,224.00048828125,161.6565399169922,497.0,251.0,435.9119873046875,546.0,227.0384521484375,201.4879150390625,
188.18014526367188,261.0,-331.0334167480469,176.0,255.0,-324.5689392089844,175.0,254.0,-324.5689392089844,173.99996948242188,253.0,-324.8815612792969,178.0,252.0,-357.7522277832031,178.99996948242188,250.0,-357.7618103027344,180.0,247.0,-357.7522277832031,178.18014526367188,235.0,-246.86996459960938,187.0,228.0,-391.91754150390625,201.0,260.0,-293.52496337890625,203.08407592773438,255.6322021484375,-336.37957763671875,215.03843688964844,244.81988525390625,-131.0614776611328,277.9984130859375,219.99993896484375,-412.10125732421875,236.99998474121094,339.00079345703125,-43.250396728515625,308.70751953125,324.26263427734375,-428.2138977050781,248.0,424.99993896484375,-69.76488494873047,300.4676513671875,420.1026611328125,-408.9425354003906,257.1875305175781,445.04571533203125,-74.44525909423828,303.14532470703125,442.4346618652344,-448.8290100097656,256.1873474121094,446.676025390625,-114.53672790527344,295.0592041015625,443.4355163574219,-435.8810729980469,256.9615478515625,441.0,-85.44535827636719,291.14019775390625,439.43463134765625,-403.3027038574219,387.3414001464844,263.0,92.2968521118164,419.0173645019531,237.99993896484375,-92.2968521118164,433.3677978515625,374.36798095703125,137.78521728515625,471.1800842285156,360.0841369628906,-81.90007781982422,464.96160888671875,265.0,348.8746643066406,502.0,245.367919921875,132.44906616210938,458.9999694824219,238.0008544921875,374.31805419921875,487.0,224.00030517578125,157.88528442382812,497.0,251.0,430.31439208984375,546.0,227.0174560546875,197.80641174316406,
188.08407592773438,261.0,-327.6802978515625,176.0,255.0,-321.0953369140625,175.0,254.0,-321.0953369140625,173.99996948242188,253.0,-321.60906982421875,178.0,252.0,-354.180908203125,178.99996948242188,250.0,-354.1852722167969,180.0,247.0,-354.180908203125,178.08407592773438,235.0,-244.23428344726562,187.0,228.0,-388.58038330078125,201.0,260.0,-290.5473937988281,203.03842163085938,255.8199462890625,-332.99859619140625,215.01744079589844,244.59210205078125,-130.1190185546875,277.999267578125,220.0,-408.9900207519531,236.676025390625,339.0003967285156,-43.01325607299805,310.7456359863281,323.79791259765625,-424.40386962890625,248.0,425.0,-67.44184875488281,302.1519470214844,419.5646667480469,-404.325439453125,257.0959777832031,444.6971435546875,-72.13561248779297,304.5205078125,441.4496154785156,-443.641357421875,256.09588623046875,446.36785888671875,-111.38156127929688,296.1572265625,442.4499816894531,-431.1389465332031,256.9825439453125,440.6761474609375,-82.81171417236328,292.1942443847656,438.4495544433594,-398.8260498046875,387.6400146484375,263.0,91.34149169921875,419.0078125,238.0,-91.34149169921875,432.8561706542969,374.18023681640625,137.3624267578125,471.08404541015625,360.0384521484375,-80.3520736694336,464.9825439453125,265.0,344.88037109375,502.0,245.1802978515625,129.9727783203125,458.9999694824219,238.00042724609375,369.65777587890625,487.0,224.0,154.74696350097656,497.0,251.0,425.6561584472656,546.0,227.0079345703125,194.71087646484375,
188.03842163085938,261.0,-324.8009948730469,176.0,255.0,-318.0392150878906,175.0,254.0,-318.0392150878906,173.99996948242188,253.0,-318.4444274902344,178.0,252.0,-351.0783386230469,178.99996948242188,250.0,-351.0802917480469,180.0,247.0,-351.0783386230469,178.03842163085938,235.0,-241.30641174316406,187.0,228.0,-385.74468994140625,201.0,260.0,-288.0989685058594,203.0174102783203,255.916015625,-330.3172302246094,215.00787353515625,244.32952880859375,-129.22354125976562,278.3236083984375,220.0,-406.09210205078125,236.36785888671875,339.0002136230469,-42.32353973388672,313.27178955078125,322.12774658203125,-420.8578796386719,248.0,425.0,-65.50724029541016,304.7933349609375,418.2979431152344,-400.3051452636719,257.04559326171875,444.0534973144531,-69.99647521972656,307.6216125488281,440.09747314453125,-439.4161682128906,256.36944580078125,445.53228759765625,-108.63851928710938,297.9999084472656,440.7737121582031,-427.1729736328125,256.9920959472656,440.0439453125,-80.68830108642578,294.340576171875,436.7735290527344,-395.019775390625,387.8233642578125,263.0,90.36173248291016,419.0035095214844,238.0,-90.36173248291016,432.4518737792969,374.08416748046875,136.19317626953125,471.0383605957031,360.0174865722656,-79.21857452392578,464.66815185546875,265.0,339.5066833496094,502.0,245.08416748046875,127.17241668701172,458.9999694824219,238.000244140625,363.8858947753906,487.0,224.0,151.5501708984375,496.3521423339844,251.0,420.5329895019531,546.0,227.00360107421875,192.181640625,
188.0174102783203,261.0,-321.9535827636719,176.0,255.0,-315.0728454589844,175.0,254.0,-315.0728454589844,173.99996948242188,253.0,-315.306640625,178.0,252.0,-347.7667236328125,178.99996948242188,250.0,-347.7676086425781,179.67605590820312,247.0,-347.7667236328125,178.0174102783203,235.0,-238.9002227783203,187.0,228.0,-382.6020202636719,200.6760711669922,260.0,-285.5824890136719,203.0078582763672,255.96160888671875,-327.68389892578125,215.32748413085938,244.162841796875,-128.623291015625,278.6319274902344,219.67608642578125,-403.1314392089844,235.85618591308594,338.67620849609375,-41.066368103027344,316.6979675292969,320.0290222167969,-416.2099609375,248.0,424.3521728515625,-61.67414855957031,308.422119140625,415.93255615234375,-394.44610595703125,256.6970520019531,443.2284851074219,-65.94635009765625,311.7705078125,437.79608154296875,-432.8403015136719,256.3291015625,444.49591064453125,-104.25353240966797,300.72235107421875,438.4880065917969,-421.37518310546875,256.99639892578125,439.22412109375,-76.75863647460938,297.36199951171875,434.16400146484375,-389.6276550292969,387.91748046875,263.0,89.37089538574219,419.32550048828125,238.0,-89.37089538574219,432.218505859375,374.03851318359375,135.17831420898438,471.01739501953125,360.3318786621094,-78.90827941894531,464.3642578125,265.0,333.18292236328125,502.0,245.03851318359375,122.5691146850586,458.9999694824219,238.0,357.03570556640625,487.3239440917969,224.0,146.42120361328125,495.0878601074219,251.0,414.62353515625,546.0,227.001708984375,188.32594299316406,
188.0078582763672,261.0,-318.07525634765625,176.0,255.0,-310.8074645996094,175.0,254.0,-311.13140869140625,173.676025390625,253.0,-311.2486572265625,178.0,252.0,-343.5072937011719,178.99996948242188,250.0,-343.5077209472656,179.36785888671875,247.0,-343.5072937011719,178.0078582763672,235.0,-235.81402587890625,186.67604064941406,228.0,-378.4302062988281,200.3678436279297,260.0,-282.2192687988281,203.00352478027344,255.98260498046875,-323.941650390625,215.6337127685547,244.07623291015625,-127.00118255615234,279.1437072753906,219.367919921875,-399.16644287109375,235.12799072265625,337.7200927734375,-37.8170280456543,320.86077880859375,317.25616455078125,-409.5167236328125,247.6760711669922,423.411865234375,-54.980445861816406,312.72265625,412.4491271972656,-386.3913269042969,255.7295379638672,442.3101806640625,-58.79121017456055,316.7247619628906,435.02447509765625,-423.8204345703125,255.87327575683594,443.1187744140625,-96.6092758178711,305.685302734375,435.8368225097656,-413.0331115722656,256.6744384765625,438.3082275390625,-70.01907348632812,302.18463134765625,431.20465087890625,-381.9565124511719,388.2861328125,263.0,88.37500762939453,419.6328125,238.0,-88.37500762939453,432.1014709472656,374.0174865722656,134.2502899169922,471.0078430175781,360.6357727050781,-79.8742904663086,463.8545837402344,265.32391357421875,326.128173828125,502.0,245.017578125,116.06417846679688,458.9999694824219,238.0,349.25286865234375,487.6321105957031,224.0,139.51248168945312,493.7720642089844,251.0,408.49627685546875,546.0,227.00079345703125,183.3848876953125,
188.0035400390625,261.0,-313.2261047363281,176.0,255.0,-305.9436340332031,175.0,254.0,-306.2518615722656,173.3678436279297,252.6761474609375,-306.3071594238281,178.0,252.0,-338.4356689453125,178.99996948242188,250.0,-338.43585205078125,179.1801300048828,247.0,-338.4356689453125,178.0035400390625,235.0,-231.56898498535156,186.36785888671875,228.0,-373.72430419921875,200.18014526367188,260.0,-277.7746276855469,203.0015869140625,255.99212646484375,-319.1634826660156,215.82054138183594,243.71099853515625,-123.98884582519531,279.5480041503906,219.18023681640625,-394.5934143066406,234.58644104003906,336.5920104980469,-32.18266296386719,324.15869140625,314.23992919921875,-402.5413818359375,247.36785888671875,422.7282409667969,-47.17323684692383,316.0936584472656,409.1900939941406,-377.52093505859375,254.27232360839844,441.3475341796875,-50.6042594909668,320.5751037597656,432.4194641113281,-413.93267822265625,255.14430236816406,442.1015319824219,-88.03681182861328,309.2928161621094,433.3233947753906,-403.54901123046875,256.0431823730469,437.3466491699219,-61.866825103759766,305.9020690917969,428.1795959472656,-372.98614501953125,388.61492919921875,263.0,87.70081329345703,419.82012939453125,238.0,-87.70081329345703,432.0462646484375,374.0079650878906,133.63534545898438,471.00347900390625,361.4693603515625,-81.4872817993164,461.507568359375,265.3082275390625,321.5223388671875,502.0,245.33184814453125,110.90796661376953,458.9999694824219,238.0,344.10699462890625,487.8197937011719,224.0,134.44854736328125,492.5722961425781,251.0,404.9788818359375,546.0,227.00042724609375,180.1388397216797,
188.0015869140625,261.0,-310.7042236328125,176.0,255.0,-303.8521423339844,174.67605590820312,254.0,-304.0398864746094,173.18014526367188,252.367919921875,-304.0652770996094,178.0,252.0,-336.1256103515625,178.676025390625,250.0,-336.1257019042969,179.08404541015625,247.0,-336.1256103515625,178.0015869140625,235.0,-229.3885498046875,186.18011474609375,228.0,-370.7699279785156,200.08407592773438,260.0,-275.4859313964844,203.00071716308594,255.9964599609375,-316.6755676269531,215.91619873046875,243.059814453125,-121.62236022949219,279.7813415527344,219.08416748046875,-392.35638427734375,233.63377380371094,335.1644287109375,-28.7862491607666,327.41302490234375,311.1941833496094,-399.7891845703125,246.5322723388672,421.70050048828125,-43.666927337646484,319.3831787109375,406.45196533203125,-373.6685791015625,252.2102508544922,440.3644714355469,-47.199947357177734,323.81011962890625,430.3994140625,-409.7120056152344,253.9477081298828,440.8813781738281,-84.73332977294922,312.54541015625,431.35382080078125,-399.53326416015625,254.8998260498047,436.0401306152344,-58.366661071777344,309.64385986328125,425.8057556152344,-368.9384460449219,388.8120422363281,263.0,87.33378601074219,419.9160461425781,238.0,-87.33378601074219,432.0209655761719,374.003662109375,132.97842407226562,471.00152587890625,362.1809997558594,-85.93482971191406,458.4536437988281,265.18768310546875,319.1154479980469,502.0,245.6357421875,107.55667877197266,458.35205078125,238.64794921875,341.72015380859375,487.9158630371094,224.323974609375,131.61331176757812,491.46905517578125,251.0,403.3268737792969,546.0,227.00018310546875,178.459228515625,
188.00071716308594,261.0,-311.3037414550781,175.6760711669922,255.0,-304.19720458984375,174.36785888671875,254.0,-304.2933044433594,173.08407592773438,252.18017578125,-304.3048400878906,178.0,252.0,-336.65643310546875,178.3678436279297,250.0,-336.656494140625,179.0384063720703,247.0,-336.65643310546875,178.00071716308594,235.0,-229.50973510742188,186.08407592773438,228.0,-371.8683776855469,200.03843688964844,260.0,-276.2023620605469,203.00030517578125,255.9984130859375,-317.61468505859375,216.2855987548828,242.23138427734375,-122.20894622802734,280.54632568359375,218.71453857421875,-392.4848327636719,232.21827697753906,333.79864501953125,-27.86484146118164,331.2676696777344,308.4881591796875,-400.0677795410156,245.1719207763672,419.9249572753906,-42.52351379394531,322.93017578125,404.0799865722656,-372.8007507324219,250.0235137939453,438.72430419921875,-47.22466278076172,327.5066223144531,428.212646484375,-408.7754211425781,252.3739776611328,438.6851501464844,-84.30624389648438,316.6690368652344,429.5155944824219,-399.01776123046875,253.6759033203125,433.7680358886719,-57.33938217163086,313.864013671875,423.41021728515625,-368.2601318359375,388.912353515625,263.0,87.15400695800781,419.96160888671875,238.32403564453125,-87.15400695800781,432.0094299316406,374.0016784667969,132.1834259033203,471.0006408691406,362.60162353515625,-90.01942443847656,455.9620056152344,265.09619140625,318.9388427734375,502.0,245.821533203125,106.35923767089844,457.7357177734375,239.9122314453125,342.0249328613281,487.9615173339844,224.63214111328125,130.85711669921875,490.4198303222656,251.32391357421875,403.88702392578125,546.0,227.0,178.3126220703125,
187.67636108398438,261.0,-312.77081298828125,175.36785888671875,255.0,-305.28314208984375,174.1801300048828,254.0,-305.32879638671875,173.03842163085938,252.0841064453125,-305.33404541015625,177.6760711669922,252.0,-337.97869873046875,178.18014526367188,249.67608642578125,-337.97869873046875,179.0174102783203,247.0,-337.97869873046875,178.00030517578125,234.67608642578125,-230.43997192382812,186.03843688964844,228.0,-373.9602966308594,200.01744079589844,260.0,-277.72454833984375,203.00010681152344,255.99932861328125,-319.3970947265625,216.61473083496094,241.63543701171875,-123.70364379882812,281.54180908203125,218.38531494140625,-393.75054931640625,230.50762939453125,332.2587890625,-28.123680114746094,335.6565246582031,305.7809143066406,-398.93353271484375,243.48660278320312,417.56549072265625,-42.82771682739258,326.3704528808594,401.2564697265625,-369.21649169921875,247.5672607421875,436.13958740234375,-47.94046401977539,331.130126953125,425.3640441894531,-404.54644775390625,250.2567138671875,435.6478271484375,-84.54047393798828,320.6793518066406,426.986572265625,-395.4655456542969,251.87881469726562,430.6875305175781,-57.409324645996094,317.4897766113281,420.1319885253906,-364.5885009765625,388.95989990234375,263.0,87.0700912475586,419.9825439453125,238.3082275390625,-87.0700912475586,431.6802978515625,374.32470703125,130.96363830566406,471.0002136230469,362.8145751953125,-93.51280212402344,454.4590759277344,265.045654296875,319.0108642578125,502.3239440917969,245.916748046875,106.05874633789062,457.3602294921875,240.904052734375,342.52203369140625,487.98248291015625,224.81988525390625,130.81529235839844,489.7210998535156,251.63214111328125,404.4695739746094,546.0,227.0,178.5651092529297,
187.3679962158203,261.0,-311.9121398925781,174.856201171875,255.0,-304.1684265136719,173.76011657714844,254.0,-304.18939208984375,172.6934814453125,252.0384521484375,-304.1918029785156,177.36785888671875,252.0,-337.017333984375,178.08407592773438,249.367919921875,-337.017333984375,178.68392944335938,246.67608642578125,-337.017333984375,178.00010681152344,234.367919921875,-229.89015197753906,186.01742553710938,228.0,-374.1568603515625,199.68392944335938,260.0,-277.2151184082031,202.67608642578125,255.999755859375,-319.05322265625,216.8119659423828,240.98028564453125,-123.84710693359375,282.25079345703125,218.18817138671875,-393.1919860839844,228.9672088623047,330.8414001464844,-26.24272918701172,340.0362548828125,303.2852783203125,-392.1383972167969,241.95770263671875,415.1976318359375,-39.44661331176758,329.30157470703125,398.2355651855469,-357.4969177246094,244.54022216796875,433.5171813964844,-44.25397491455078,334.1816711425781,422.2952880859375,-391.8965759277344,247.72064208984375,432.7630920410156,-80.55033874511719,323.9620666503906,423.786865234375,-383.33184814453125,249.53598022460938,427.45745849609375,-54.093502044677734,320.40155029296875,416.7051086425781,-353.0378723144531,388.9817810058594,263.0,87.03173065185547,419.9920349121094,238.18780517578125,-87.03173065185547,431.0458679199219,374.6325378417969,130.02871704101562,471.00006103515625,362.91534423828125,-95.4195327758789,453.6839599609375,265.02105712890625,318.70159912109375,502.6321105957031,245.96197509765625,105.35453033447266,456.8441162109375,241.47161865234375,342.1402282714844,488.3159484863281,224.916015625,129.91748046875,489.0190124511719,251.81982421875,405.0903625488281,546.0,227.0,178.45164489746094,
186.8562469482422,261.0,-306.1268005371094,174.4519500732422,255.0,-298.5714111328125,173.40628051757812,254.0,-298.5809326171875,172.37574768066406,252.0174560546875,-298.58203125,177.18016052246094,252.0,-331.1765441894531,177.71449279785156,249.18023681640625,-331.1765441894531,178.37139892578125,246.367919921875,-331.1765441894531,178.00003051757812,234.18023681640625,-225.8413543701172,186.00787353515625,228.0,-369.52569580078125,199.37142944335938,260.0,-272.0733947753906,202.3678741455078,255.99993896484375,-313.9975891113281,217.23629760742188,240.1845703125,-120.62487030029297,282.6421813964844,218.08770751953125,-388.0543212890625,227.66143798828125,328.63031005859375,-19.798702239990234,343.94256591796875,300.6861572265625,-378.9439697265625,240.00929260253906,411.35284423828125,-28.95687484741211,332.1214294433594,395.51531982421875,-337.44158935546875,242.02577209472656,429.8347473144531,-33.079524993896484,336.74114990234375,418.8966064453125,-370.1921691894531,244.9446563720703,428.9488830566406,-68.57048034667969,326.3149108886719,420.178466796875,-361.9203796386719,247.18247985839844,423.0011901855469,-43.42454147338867,322.5296630859375,413.0958251953125,-332.85919189453125,388.99176025390625,262.6761474609375,87.01433563232422,419.996337890625,238.0960693359375,-87.01433563232422,430.22491455078125,374.8200988769531,129.17185974121094,471.0000305175781,362.9616394042969,-96.94696807861328,453.3134460449219,265.33349609375,314.8219909667969,502.8197937011719,245.9827880859375,102.14054107666016,456.4446716308594,242.0789794921875,337.7555236816406,488.95245361328125,224.96160888671875,126.45677947998047,488.5260009765625,251.91595458984375,402.2903137207031,546.0,227.0,176.96531677246094,
186.45193481445312,261.0,-299.35992431640625,174.2185821533203,255.0,-292.04742431640625,172.87364196777344,253.6761474609375,-292.3756408691406,171.85977172851562,252.0079345703125,-292.37615966796875,176.7601318359375,252.0,-324.7066955566406,177.3852996826172,249.08416748046875,-324.7066955566406,178.18173217773438,246.18017578125,-324.7066955566406,178.00001525878906,234.08416748046875,-220.9228057861328,186.0035400390625,228.0,-363.8689270019531,198.85780334472656,260.0,-266.1315612792969,202.18014526367188,256.0,-307.77288818359375,217.59205627441406,239.2882080078125,-115.97171783447266,282.834716796875,218.0401611328125,-382.1211242675781,226.50950622558594,326.261962890625,-12.354909896850586,346.7798767089844,298.56585693359375,-367.5674133300781,238.2432861328125,407.6968078613281,-18.15614128112793,334.02227783203125,393.4428405761719,-321.01190185546875,240.17050170898438,426.4029235839844,-21.419736862182617,338.36431884765625,416.1921081542969,-352.4611511230469,242.6964874267578,425.45501708984375,-56.54297637939453,327.6854553222656,417.33294677734375,-344.335205078125,245.2892608642578,419.33074951171875,-32.41852951049805,323.78558349609375,410.2847900390625,-316.2512512207031,388.9962158203125,262.367919921875,87.00646209716797,419.9983215332031,238.04571533203125,-87.00646209716797,429.6324462890625,374.9160461425781,128.59774780273438,471.0,362.98272705078125,-98.60021209716797,453.14227294921875,265.63653564453125,309.9400939941406,502.9158630371094,245.9921875,97.68106079101562,456.2149658203125,242.52044677734375,332.4377746582031,489.4502868652344,224.98260498046875,121.83781433105469,488.2521667480469,251.96160888671875,398.48126220703125,546.3238525390625,227.0,174.30670166015625,
186.21856689453125,261.0,-295.3994140625,174.1014862060547,255.0,-288.24444580078125,172.45982360839844,253.367919921875,-288.55450439453125,171.45355224609375,252.00360107421875,-288.5548095703125,176.40628051757812,252.0,-320.7179870605469,177.1880340576172,249.0384521484375,-320.7179870605469,178.08480834960938,246.0841064453125,-320.7179870605469,178.0,234.0384521484375,-217.52699279785156,186.0015869140625,228.0,-360.3199157714844,198.45263671875,260.0,-262.4414367675781,202.0840606689453,256.0,-304.1174621582031,217.8016357421875,238.33721923828125,-112.27078247070312,282.9247131347656,218.01824951171875,-378.4364013671875,225.1142578125,324.0102844238281,-5.322818756103516,349.0752868652344,296.2986145019531,-361.96783447265625,236.14971923828125,404.0557556152344,-6.573458671569824,335.3815002441406,390.9083251953125,-313.22772216796875,238.0974578857422,423.2334289550781,-8.900190353393555,339.87384033203125,412.626953125,-343.9279479980469,240.6842498779297,421.9331359863281,-43.27360916137695,328.3849792480469,413.69317626953125,-335.8705139160156,243.16232299804688,415.8311462402344,-20.05585289001465,324.4306945800781,406.9931945800781,-308.3475036621094,388.99822998046875,261.8563232421875,87.00292205810547,419.99920654296875,238.02105712890625,-87.00292205810547,427.6831359863281,374.961669921875,130.2285919189453,471.0,362.9922180175781,-99.76422119140625,451.7685852050781,266.14581298828125,309.133056640625,502.9615173339844,245.9964599609375,95.0953369140625,455.4519348144531,242.769287109375,331.3744812011719,490.0589294433594,224.99212646484375,119.1688461303711,486.4969482421875,252.95440673828125,399.36395263671875,546.632080078125,227.0,173.22561645507812,
186.1014862060547,261.32391357421875,-287.690185546875,173.72238159179688,255.0,-280.6175231933594,172.22215270996094,253.18023681640625,-280.80609130859375,171.21929931640625,252.001708984375,-280.8061828613281,176.1975555419922,252.0,-312.88262939453125,177.08761596679688,249.0174560546875,-312.88262939453125,178.03875732421875,246.03851318359375,-312.88262939453125,178.0,234.0174560546875,-210.4949493408203,186.00070190429688,228.0,-353.6708984375,198.21888732910156,260.0,-255.07846069335938,202.03842163085938,256.0,-296.88360595703125,217.90768432617188,237.35980224609375,-105.2281723022461,282.96588134765625,217.3604736328125,-372.0478820800781,223.4494171142578,321.55242919921875,7.711223602294922,351.50140380859375,292.1092834472656,-355.1170349121094,233.98504638671875,400.2860412597656,14.123394012451172,337.4928894042969,387.0928649902344,-304.29425048828125,235.95748901367188,419.8494567871094,13.4161376953125,341.555908203125,408.32354736328125,-333.6474304199219,238.71327209472656,418.22796630859375,-19.99671745300293,329.36614990234375,409.3539123535156,-325.29754638671875,240.98902893066406,412.171142578125,1.3265020847320557,325.06292724609375,403.2987976074219,-299.0267333984375,388.9991760253906,261.12811279296875,87.00131225585938,419.9996032714844,238.0096435546875,-87.00131225585938,424.68359375,374.9826354980469,133.5440216064453,471.0,362.9965515136719,-100.08473205566406,448.23297119140625,266.54901123046875,309.41900634765625,502.98248291015625,245.9984130859375,93.91397094726562,453.8094482421875,243.217041015625,331.53125,490.50921630859375,224.9964599609375,117.94763946533203,484.2445983886719,254.536376953125,400.9631042480469,546.495849609375,227.0,172.33377075195312,
186.04632568359375,261.63214111328125,-275.4703674316406,173.71279907226562,254.67608642578125,-268.1131591796875,172.1031036376953,253.08416748046875,-268.2095947265625,171.10182189941406,252.00079345703125,-268.20965576171875,176.09193420410156,252.0,-300.24462890625,177.04002380371094,249.00799560546875,-300.24462890625,178.01754760742188,246.01751708984375,-300.24462890625,178.0,234.00799560546875,-199.15269470214844,186.00030517578125,228.0,-342.3814697265625,198.10162353515625,260.0,-243.46624755859375,202.0174102783203,256.0,-285.3669738769531,217.9578399658203,236.37005615234375,-95.2816162109375,282.984619140625,216.0916748046875,-361.68548583984375,221.9386749267578,318.8556213378906,24.35494041442871,354.1716003417969,285.51812744140625,-345.324951171875,231.87159729003906,396.7306823730469,39.33210372924805,339.7981872558594,381.9194641113281,-293.3108825683594,234.182373046875,416.51904296875,40.5523796081543,343.3897705078125,402.99005126953125,-321.2388610839844,236.7349853515625,414.7039794921875,8.149435997009277,330.46026611328125,404.00384521484375,-312.2710876464844,238.8730926513672,408.6761474609375,27.267704010009766,326.16143798828125,398.45068359375,-287.70465087890625,388.9996337890625,260.2626953125,87.00059509277344,419.9997863769531,237.68035888671875,-87.00059509277344,418.5487976074219,374.9921875,136.1396026611328,471.0,362.99847412109375,-99.77053833007812,443.0412902832031,270.02117919921875,307.1126708984375,503.3159484863281,245.99932861328125,93.4022445678711,445.68194580078125,246.82275390625,328.5160217285156,491.08770751953125,224.99847412109375,117.09358215332031,480.0691223144531,258.31170654296875,398.4379577636719,546.28369140625,227.0,171.37428283691406,
186.02098083496094,261.81982421875,-257.7471008300781,173.82174682617188,254.367919921875,-249.7759246826172,172.04702758789062,253.0384521484375,-249.8217315673828,171.0464324951172,252.00042724609375,-250.1457061767578,176.04197692871094,252.0,-282.16156005859375,177.01812744140625,249.00360107421875,-282.4855041503906,178.00790405273438,246.0079345703125,-282.4855041503906,178.0,234.00360107421875,-181.74212646484375,186.0001220703125,228.0,-325.5393371582031,198.04638671875,260.0,-226.5431365966797,202.0078582763672,256.0,-268.4960632324219,217.98086547851562,235.69866943359375,-78.8604965209961,282.66912841796875,214.77392578125,-348.2257995605469,220.64816284179688,316.3298034667969,46.66255569458008,356.35906982421875,278.2291564941406,-332.8023376464844,229.81097412109375,393.74468994140625,71.09107208251953,342.0177001953125,373.89892578125,-277.9688720703125,232.4370574951172,413.3223571777344,74.6370620727539,345.310302734375,395.2463684082031,-303.97259521484375,234.74658203125,411.7325439453125,42.921791076660156,331.86181640625,396.9004821777344,-294.8392333984375,236.4876708984375,405.3956604003906,59.2183837890625,328.0023193359375,391.3099060058594,-271.83685302734375,388.9998474121094,259.32568359375,87.00025177001953,419.9998779296875,237.36981201171875,-87.00025177001953,413.5843505859375,374.9964904785156,137.621826171875,471.32391357421875,362.9993591308594,-99.74740600585938,439.5023498535156,273.5439453125,300.59320068359375,503.95245361328125,245.999755859375,89.93985748291016,438.1192932128906,250.4429931640625,320.7041931152344,493.4662170410156,223.379638671875,113.31462097167969,477.38238525390625,261.76678466796875,391.04669189453125,546.465576171875,227.0,168.11376953125,
186.00949096679688,261.91595458984375,-241.21884155273438,173.90818786621094,254.18023681640625,-232.76004028320312,172.0213165283203,253.01751708984375,-232.78114318847656,171.0210418701172,252.00018310546875,-233.08932495117188,176.01904296875,251.67608642578125,-264.7725524902344,177.00816345214844,249.00164794921875,-265.08074951171875,178.0035858154297,246.00360107421875,-265.08074951171875,178.0,234.00164794921875,-165.26051330566406,186.00003051757812,227.6761474609375,-307.33551025390625,198.02102661132812,260.0,-210.59620666503906,201.6796112060547,256.0,-251.92669677734375,217.99131774902344,235.33282470703125,-63.51451873779297,282.0408020019531,213.2493896484375,-332.6291198730469,219.17947387695312,314.0324401855469,64.7702407836914,357.6934509277344,271.2774658203125,-318.21820068359375,226.8098907470703,390.5755615234375,96.4495849609375,343.4886169433594,364.51568603515625,-260.66143798828125,229.950927734375,409.8985595703125,101.9892349243164,347.5975341796875,386.80450439453125,-284.2560119628906,232.10426330566406,408.24615478515625,71.29644775390625,333.861572265625,389.0715637207031,-275.7978820800781,233.825927734375,401.6081237792969,85.20252227783203,330.39959716796875,382.9918518066406,-254.442626953125,388.9999694824219,258.67852783203125,86.67618560791016,420.0,236.85723876953125,-86.67618560791016,410.3795166015625,374.9984130859375,138.3611602783203,471.632080078125,362.9997863769531,-100.16387939453125,436.66644287109375,277.4040832519531,290.3013000488281,504.4502868652344,246.3238525390625,87.40699768066406,432.51263427734375,254.68011474609375,309.0838623046875,496.21051025390625,221.51519775390625,110.91419219970703,474.7749938964844,264.5545654296875,379.7369079589844,546.6986694335938,227.323974609375,166.25160217285156,
186.0042724609375,261.96160888671875,-230.30621337890625,173.956298828125,254.08416748046875,-221.56736755371094,172.00962829589844,253.00799560546875,-221.57696533203125,171.00949096679688,252.0,-222.08859252929688,176.00860595703125,251.367919921875,-253.45968627929688,177.00367736816406,249.00079345703125,-253.6474151611328,178.0015869140625,246.001708984375,-253.6474151611328,178.0,234.00079345703125,-154.3355255126953,186.00001525878906,227.367919921875,-294.5877990722656,198.00949096679688,260.0,-200.0078582763672,201.36944580078125,256.0,-240.7337646484375,217.99606323242188,235.15362548828125,-53.424659729003906,281.5466003417969,211.83746337890625,-321.6340026855469,217.8032684326172,312.2084655761719,76.23431396484375,358.7101135253906,266.37054443359375,-307.5906066894531,224.19566345214844,388.0311279296875,112.49269104003906,344.281982421875,357.2859802246094,-248.3053436279297,227.7424774169922,407.19085693359375,118.94608306884766,349.2411804199219,380.37371826171875,-270.16259765625,229.81439208984375,405.396484375,89.05318450927734,336.0111389160156,383.01470947265625,-262.3681335449219,231.64024353027344,398.573974609375,101.49162292480469,332.4622802734375,376.50634765625,-242.15846252441406,388.9999694824219,257.99981689453125,86.36791229248047,420.0,236.12841796875,-86.36791229248047,408.6236572265625,374.99932861328125,138.38475036621094,471.8197937011719,362.99993896484375,-100.54899597167969,434.85205078125,280.76666259765625,282.50408935546875,504.7349548339844,246.63214111328125,86.74990844726562,429.2015075683594,258.052734375,300.4051818847656,498.0765686035156,219.94464111328125,110.46751403808594,472.6260986328125,266.60595703125,371.2369079589844,546.850341796875,227.63214111328125,166.14111328125,
186.00192260742188,261.98260498046875,-226.33291625976562,173.9798583984375,254.0384521484375,-217.45404052734375,172.0043487548828,253.003662109375,-217.4583740234375,171.0042724609375,252.0,-217.86265563964844,176.00387573242188,251.18017578125,-248.72032165527344,177.0016326904297,249.00048828125,-248.81642150878906,178.00071716308594,246.00079345703125,-248.81642150878906,178.0,234.00048828125,-150.0243377685547,186.0,227.18017578125,-287.8388366699219,198.0042724609375,260.0,-195.87100219726562,201.1808624267578,256.0,-236.22683715820312,217.6742706298828,235.07000732421875,-49.26179122924805,280.93963623046875,210.600341796875,-314.58941650390625,215.93649291992188,309.47540283203125,81.74539184570312,359.6744384765625,262.624755859375,-300.61468505859375,221.93453979492188,385.1990051269531,121.1265640258789,344.9929504394531,352.07476806640625,-238.8022918701172,225.3914337158203,404.27386474609375,128.56675720214844,350.80487060546875,375.3080139160156,-259.0440979003906,227.74832153320312,402.0540771484375,99.4588394165039,338.1248474121094,378.4643249511719,-251.6550750732422,229.65838623046875,395.4609069824219,110.48675537109375,334.387939453125,371.37908935546875,-232.7247314453125,388.9999694824219,257.517333984375,86.18017578125,420.0,235.26275634765625,-85.85624694824219,408.4011535644531,375.32366943359375,138.23587036132812,471.91583251953125,362.9999694824219,-100.7801284790039,432.2598876953125,283.85736083984375,277.1181945800781,504.8770751953125,246.81982421875,86.7610855102539,426.2049560546875,261.35888671875,294.54559326171875,499.4104309082031,218.64447021484375,111.26787567138672,469.68341064453125,269.7652587890625,365.7911682128906,546.9296875,227.81988525390625,170.35447692871094,
186.00083923339844,261.9921875,-226.90127563476562,173.99081420898438,254.0174560546875,-217.95654296875,172.001953125,253.001708984375,-217.95848083496094,171.00192260742188,252.0,-218.1918487548828,176.0017547607422,251.0841064453125,-248.64443969726562,177.00071716308594,248.67633056640625,-248.69007873535156,178.00030517578125,246.00048828125,-248.69007873535156,177.6760711669922,234.00030517578125,-150.2764892578125,185.6760711669922,227.0841064453125,-285.9435729980469,198.0019073486328,260.0,-196.53024291992188,200.7604522705078,256.0,-236.04849243164062,216.71917724609375,235.35565185546875,-50.088871002197266,280.49005126953125,209.805419921875,-310.3494873046875,213.56201171875,306.0588684082031,81.5538101196289,360.971923828125,259.98675537109375,-294.1040344238281,219.8312225341797,381.8769226074219,123.41690826416016,345.48150634765625,348.021240234375,-228.6942901611328,223.42124938964844,400.5872802734375,131.27316284179688,352.19818115234375,370.85931396484375,-247.19361877441406,226.06832885742188,398.0044860839844,103.35259246826172,340.18707275390625,374.09088134765625,-240.3360595703125,227.70155334472656,391.6744384765625,113.07439422607422,335.99542236328125,366.5697326660156,-222.65701293945312,388.6759948730469,257.24822998046875,85.43622589111328,420.0,234.64959716796875,-85.12803649902344,408.9319763183594,375.6319885253906,138.1204833984375,471.96148681640625,362.67608642578125,-100.8975830078125,429.5969543457031,286.22259521484375,273.6742858886719,504.94390869140625,246.91595458984375,87.18726348876953,423.83538818359375,263.9462890625,290.8711242675781,500.53515625,217.50042724609375,112.06121063232422,466.80450439453125,272.88800048828125,363.1153564453125,546.9678344726562,227.916015625,175.28439331054688,
186.0003662109375,261.99652099609375,-226.59352111816406,173.67189025878906,254.00799560546875,-217.61854553222656,172.0008544921875,253.0008544921875,-217.61944580078125,171.00083923339844,251.67608642578125,-217.7365264892578,176.0007781982422,251.03851318359375,-247.95542907714844,176.6763916015625,248.3680419921875,-247.97640991210938,177.6761932373047,246.00018310546875,-247.97640991210938,177.36785888671875,234.0,-150.10101318359375,185.36785888671875,227.0384521484375,-283.4554748535156,197.3529815673828,260.0,-196.37734985351562,200.08251953125,256.0,-235.1890411376953,215.2676544189453,235.64654541015625,-50.45267105102539,280.23583984375,209.381591796875,-306.1351623535156,211.1942138671875,302.96099853515625,82.71453857421875,362.2660827636719,257.1639404296875,-286.7506408691406,218.11306762695312,378.5417785644531,127.4359130859375,346.0755615234375,344.2128601074219,-215.74366760253906,221.87890625,396.60125732421875,136.05538940429688,353.4179992675781,366.34295654296875,-232.05538940429688,224.7054901123047,393.80413818359375,109.37188720703125,341.89337158203125,369.1719970703125,-225.60455322265625,226.0536346435547,387.9650573730469,117.5929946899414,337.3236389160156,361.72674560546875,-209.7264404296875,388.04388427734375,257.11492919921875,84.7741928100586,420.0,233.9866943359375,-84.58647918701172,408.1318664550781,375.1719665527344,138.70498657226562,471.9825134277344,362.04400634765625,-100.95321655273438,427.1731262207031,288.281005859375,270.1523742675781,504.9745788574219,246.96160888671875,87.56475067138672,421.7528991699219,266.1444091796875,286.91796875,502.55621337890625,216.433837890625,112.54185485839844,464.2699890136719,277.197509765625,359.33795166015625,546.9854125976562,227.961669921875,178.28103637695312,
186.00015258789062,261.9984130859375,-226.2713165283203,173.365966796875,254.00360107421875,-217.28265380859375,172.0003662109375,253.00042724609375,-217.2830352783203,171.0003662109375,251.367919921875,-217.66217041015625,176.00033569335938,251.01751708984375,-247.11595153808594,176.36801147460938,248.18023681640625,-247.12550354003906,177.36793518066406,245.6761474609375,-247.12550354003906,177.18016052246094,234.0,-150.63694763183594,185.18014526367188,227.0174560546875,-280.4213562011719,196.73611450195312,260.0,-196.486328125,199.56552124023438,256.0,-234.2332305908203,213.53207397460938,235.82635498046875,-51.31871032714844,279.78533935546875,208.85174560546875,-301.22607421875,209.29454040527344,299.68853759765625,83.48399353027344,363.1231689453125,253.858154296875,-277.97698974609375,216.40328979492188,374.0390625,132.8587646484375,346.5171813964844,340.3607177734375,-202.6851806640625,220.28616333007812,391.5940856933594,142.4430694580078,354.2032775878906,361.9501953125,-216.43035888671875,223.20513916015625,388.6884765625,117.23719787597656,343.2752685546875,364.39849853515625,-210.86044311523438,224.0523681640625,383.24432373046875,124.06101989746094,338.4841003417969,357.13763427734375,-196.35340881347656,387.2239990234375,257.05242919921875,83.40593719482422,420.0,233.51141357421875,-83.30987548828125,406.86962890625,374.0038146972656,141.23411560058594,471.9920654296875,361.5480651855469,-101.62664794921875,424.3042297363281,291.5670471191406,269.2826843261719,505.3124084472656,246.98260498046875,85.19694519042969,419.4216613769531,269.8270263671875,285.69110107421875,503.5296630859375,217.67108154296875,110.19510650634766,459.0809326171875,285.6280212402344,358.2990417480469,547.3172607421875,227.98260498046875,176.5194854736328,
186.0000762939453,261.99932861328125,-227.08560180664062,173.17930603027344,254.00164794921875,-218.41465759277344,172.00018310546875,253.000244140625,-218.41482543945312,171.00015258789062,251.18017578125,-218.74835205078125,176.00013732910156,251.0079345703125,-247.53045654296875,176.1802215576172,248.08416748046875,-247.53480529785156,177.18017578125,245.367919921875,-247.53480529785156,176.7601318359375,234.0,-152.20884704589844,185.08409118652344,227.0079345703125,-279.2431945800781,196.3604736328125,260.0,-197.66629028320312,199.27212524414062,256.32391357421875,-234.58578491210938,211.65469360351562,235.9189453125,-53.060142517089844,279.4176940917969,208.44781494140625,-298.0510559082031,207.8125762939453,296.43719482421875,86.06995391845703,364.2318115234375,249.56097412109375,-271.6982116699219,214.58309936523438,369.0520935058594,144.24623107910156,346.7674560546875,336.4413757324219,-193.9666748046875,218.8518829345703,386.3194885253906,155.48995971679688,354.9463806152344,357.7247619628906,-205.89418029785156,221.49087524414062,383.6865539550781,131.67263793945312,344.4619140625,359.61956787109375,-200.7333984375,221.93878173828125,378.14752197265625,136.6187744140625,339.5589904785156,352.8121643066406,-187.65492248535156,386.3081359863281,257.0238037109375,81.95571899414062,420.0,233.24554443359375,-81.91007995605469,405.9593200683594,373.05767822265625,146.3597869873047,471.9964294433594,361.2642822265625,-104.52218627929688,421.58203125,294.1387634277344,273.6488037109375,505.9508361816406,246.9921875,75.7179946899414,417.4416198730469,273.0655517578125,289.84722900390625,503.8533630371094,219.7864990234375,100.07105255126953,454.8250427246094,291.4302978515625,363.9255065917969,548.2770385742188,227.9921875,165.37200927734375,
186.00001525878906,261.99981689453125,-228.91632080078125,173.08367919921875,254.00079345703125,-220.2268524169922,172.0000457763672,253.0,-220.22694396972656,171.0000762939453,251.0841064453125,-220.7500762939453,176.00003051757812,251.00360107421875,-249.13140869140625,176.40805053710938,248.0384521484375,-249.1333770751953,177.0840606689453,245.1802978515625,-249.1333770751953,176.40628051757812,234.0,-154.16575622558594,185.0384521484375,227.00360107421875,-279.9530944824219,196.16822814941406,260.0,-199.3886260986328,199.12608337402344,256.63214111328125,-236.1567840576172,210.35845947265625,235.96295166015625,-54.77381134033203,278.8787841796875,208.21636962890625,-296.74041748046875,206.57827758789062,293.931396484375,88.66980743408203,365.3965148925781,246.08209228515625,-268.5316162109375,212.9995880126953,364.958251953125,154.49810791015625,347.2160949707031,333.45233154296875,-189.58331298828125,217.60638427734375,382.4061279296875,167.0465545654297,355.4582824707031,354.5835876464844,-200.18118286132812,219.95745849609375,379.73388671875,144.13148498535156,345.2249755859375,356.37725830078125,-195.14260864257812,220.1742401123047,374.0018310546875,147.66973876953125,340.269287109375,349.6235046386719,-183.07003784179688,385.6705322265625,257.0107421875,80.66484832763672,420.0,233.11370849609375,-80.64384460449219,405.78143310546875,372.5111083984375,151.417236328125,471.9983825683594,361.12261962890625,-107.06024169921875,420.1295471191406,295.29364013671875,278.87969970703125,506.77349853515625,246.99652099609375,66.51766204833984,416.5373840332031,274.4084167480469,294.9720153808594,503.62646484375,221.666748046875,89.93022918701172,453.6357727050781,292.80792236328125,370.3927307128906,549.0827026367188,227.6724853515625,153.8616943359375,
186.0,261.99993896484375,-230.70079040527344,173.3621826171875,254.00048828125,-222.2135009765625,172.0,253.0,-222.21351623535156,171.00001525878906,251.03851318359375,-222.62298583984375,176.00001525878906,251.001708984375,-251.12457275390625,176.67056274414062,248.01751708984375,-251.12548828125,177.3623504638672,245.08416748046875,-251.12548828125,176.1975555419922,234.0,-155.87008666992188,185.01744079589844,226.67779541015625,-281.5048828125,196.076904296875,260.0,-200.97384643554688,199.05746459960938,256.81982421875,-238.1361083984375,209.32412719726562,235.98321533203125,-56.20710372924805,278.4621276855469,208.1004638671875,-296.6009521484375,205.79324340820312,291.1449279785156,91.30941772460938,366.508544921875,242.38348388671875,-267.7633972167969,211.67576599121094,360.8355712890625,164.38555908203125,347.5829162597656,330.7189636230469,-188.2429962158203,216.48411560058594,378.5242614746094,178.00828552246094,355.7407531738281,351.7788391113281,-198.0369110107422,218.6566619873047,376.0447082519531,155.8988494873047,345.632568359375,353.3137512207031,-193.02801513671875,219.08128356933594,369.8553161621094,157.99151611328125,340.3287353515625,346.4729919433594,-181.5140838623047,384.9961242675781,257.00482177734375,79.83673858642578,420.0,233.0518798828125,-79.82720184326172,405.519287109375,371.9132995605469,157.9353485107422,471.9992370605469,361.05596923828125,-108.8927001953125,419.487548828125,295.4023132324219,287.9101257324219,507.3667297363281,246.9984130859375,55.21247482299805,416.203369140625,274.4998779296875,303.9523010253906,503.34893798828125,222.8399658203125,77.61712646484375,454.26422119140625,292.0248107910156,380.5050048828125,550.2028198242188,227.3663330078125,139.30386352539062,
186.0,262.0,-231.20083618164062,173.64944458007812,254.00030517578125,-222.92950439453125,172.0,253.0,-222.92950439453125,171.0,251.01751708984375,-223.16522216796875,176.0,251.00079345703125,-251.87852478027344,176.83724975585938,248.00799560546875,-251.87892150878906,177.64955139160156,245.03851318359375,-251.87892150878906,176.09193420410156,234.0,-156.93814086914062,185.00787353515625,226.36871337890625,-282.69970703125,196.03488159179688,260.0,-201.33767700195312,199.02601623535156,256.592041015625,-238.559814453125,208.66708374023438,235.6685791015625,-55.80863952636719,277.8992614746094,208.04583740234375,-296.7437438964844,204.72776794433594,287.5267333984375,102.50706481933594,368.21612548828125,237.50909423828125,-269.3796081542969,210.51588439941406,356.69769287109375,187.25181579589844,347.7975158691406,326.95074462890625,-190.8926239013672,215.10267639160156,374.21923828125,202.854248046875,355.8800964355469,347.9779052734375,-200.266845703125,217.50726318359375,371.9513854980469,181.61085510253906,345.8307800292969,349.270751953125,-195.58851623535156,217.86141967773438,365.7065734863281,181.07015991210938,340.20770263671875,342.02996826171875,-184.02682495117188,384.51568603515625,257.00225830078125,79.39604949951172,420.0,233.02349853515625,-79.39173889160156,406.9034423828125,371.47613525390625,166.32289123535156,471.9996337890625,361.025390625,-110.93756866455078,419.2136535644531,294.9313659667969,300.54925537109375,508.0206604003906,246.99932861328125,44.35096740722656,416.08209228515625,273.662353515625,316.8923645019531,503.1722412109375,223.1300048828125,66.06735229492188,453.4205322265625,291.1097412109375,395.1366882324219,551.3812866210938,226.8555908203125,126.97750091552734,
186.0,262.0,-230.22035217285156,173.82766723632812,254.0,-222.08604431152344,172.0,253.0,-222.0860595703125,171.0,251.0079345703125,-222.2042236328125,176.0,251.00048828125,-251.06085205078125,176.9237823486328,248.003662109375,-251.06101989746094,177.8276824951172,245.017578125,-251.06101989746094,176.04197692871094,234.0,-156.527587890625,185.00355529785156,226.18060302734375,-282.7275085449219,196.01576232910156,260.0,-200.2848358154297,199.01174926757812,256.3294677734375,-237.75502014160156,208.31639099121094,235.364501953125,-53.42898941040039,277.14752197265625,208.0208740234375,-296.8675231933594,203.58473205566406,284.8692626953125,115.67084503173828,369.53741455078125,233.2572021484375,-271.6701965332031,209.4410400390625,353.577880859375,210.831298828125,348.2297668457031,323.78582763671875,-195.26873779296875,213.76812744140625,370.8732604980469,228.67906188964844,355.9453430175781,344.47418212890625,-204.44070434570312,216.4371337890625,369.0644836425781,207.71636962890625,345.92303466796875,345.9421691894531,-200.07212829589844,216.96961975097656,362.9058532714844,205.07254028320312,340.1072692871094,338.0259094238281,-188.3316650390625,384.2474365234375,257.0009765625,79.1822738647461,420.3238830566406,233.0106201171875,-79.18031311035156,408.94805908203125,371.55322265625,172.10975646972656,472.32373046875,361.01153564453125,-112.73577117919922,419.4189758300781,294.4994812011719,308.9275817871094,508.49188232421875,246.99981689453125,37.562923431396484,416.0350341796875,272.89434814453125,325.56842041015625,502.7566833496094,223.1171875,58.90414047241211,452.36773681640625,290.2191162109375,404.7963562011719,552.1773071289062,226.127685546875,119.73628234863281,
186.0,261.67608642578125,-228.24224853515625,173.91944885253906,254.0,-220.17929077148438,172.0,252.6761474609375,-220.17929077148438,171.0,251.00360107421875,-220.23497009277344,176.0,251.00018310546875,-248.8435821533203,176.96510314941406,248.001708984375,-248.84365844726562,177.91943359375,245.0079345703125,-248.84365844726562,176.01904296875,234.0,-154.57786560058594,185.0015869140625,226.0843505859375,-280.826904296875,196.007080078125,259.67608642578125,-198.2718505859375,199.00527954101562,256.162841796875,-235.65692138671875,208.145751953125,234.854736328125,-48.77412414550781,276.2713623046875,207.685546875,-296.2890625,202.48287963867188,282.0818176269531,134.39903259277344,370.6179504394531,228.66845703125,-275.23876953125,208.40676879882812,349.48193359375,244.77810668945312,348.589111328125,319.5978698730469,-205.64181518554688,212.5684356689453,366.3049621582031,265.7900390625,356.29913330078125,339.32342529296875,-214.07211303710938,215.4049835205078,364.5509033203125,245.50048828125,345.96514892578125,341.0229187011719,-209.56776428222656,216.1426239013672,358.7919921875,239.6967315673828,340.375,332.9132385253906,-198.34669494628906,384.114501953125,257.00054931640625,79.0828857421875,420.632080078125,233.00482177734375,-79.08200073242188,411.4005126953125,371.7384338378906,175.21884155273438,472.6319885253906,361.0052490234375,-113.5456314086914,419.9986877441406,294.5666809082031,312.60711669921875,508.75592041015625,246.99993896484375,36.330406188964844,416.33935546875,272.7594299316406,329.4309387207031,504.9962463378906,220.15093994140625,57.811771392822266,452.0044860839844,291.56463623046875,408.4518737792969,552.6087646484375,225.5863037109375,118.70549011230469,
186.0,261.367919921875,-226.6986541748047,173.963134765625,253.6761474609375,-218.66981506347656,172.32391357421875,252.367919921875,-218.66981506347656,171.0,251.001708984375,-218.6953887939453,176.0,251.00006103515625,-247.03231811523438,176.98416137695312,248.0008544921875,-247.03233337402344,177.96316528320312,245.00360107421875,-247.03233337402344,176.33253479003906,234.0,-152.58349609375,185.00070190429688,226.03857421875,-278.74395751953125,196.003173828125,259.367919921875,-196.71209716796875,199.0023651123047,255.75244140625,-233.9367218017578,208.06629943847656,234.4512939453125,-45.09171676635742,275.3295593261719,207.37213134765625,-295.7066345214844,201.75177001953125,280.10919189453125,148.53460693359375,371.3045349121094,224.78863525390625,-279.27587890625,207.39125061035156,346.0686950683594,270.2853698730469,348.8003234863281,316.1255187988281,-217.47679138183594,211.46694946289062,362.1817321777344,293.68048095703125,356.6208801269531,335.04388427734375,-225.57180786132812,214.39044189453125,360.6648254394531,273.659912109375,345.6603088378906,336.8946228027344,-220.85549926757812,215.2601318359375,355.2572937011719,265.7204284667969,340.6556396484375,328.79925537109375,-209.5338134765625,384.0520935058594,257.00030517578125,79.03750610351562,421.14373779296875,233.326171875,-79.03712463378906,413.46942138671875,372.19232177734375,178.34271240234375,473.1436767578125,361.0024108886719,-114.15855407714844,420.4711608886719,294.74505615234375,316.6233215332031,508.8869323730469,247.0,34.8807258605957,416.6390380859375,273.1588134765625,333.864990234375,508.2257080078125,216.37164306640625,56.58451461791992,451.9518127441406,293.7365417480469,412.45648193359375,552.8196411132812,225.28167724609375,117.20640563964844,
186.0,261.18017578125,-226.14212036132812,173.9832763671875,253.367919921875,-217.80508422851562,172.63211059570312,252.18017578125,-217.80508422851562,171.0,251.00079345703125,-217.81671142578125,176.0,251.0,-246.30674743652344,176.99281311035156,248.00042724609375,-246.30674743652344,177.9832763671875,245.001708984375,-246.30674743652344,176.63601684570312,234.0,-151.29342651367188,185.0003204345703,226.017578125,-278.0249938964844,196.00140380859375,258.8563232421875,-196.148193359375,199.00103759765625,255.40283203125,-233.26133728027344,208.02999877929688,233.57049560546875,-42.003658294677734,274.68023681640625,207.18212890625,-295.67095947265625,200.7093048095703,277.715576171875,161.73675537109375,371.99432373046875,221.4091796875,-287.2555236816406,206.38418579101562,343.03143310546875,295.3742980957031,349.2309875488281,312.0860595703125,-233.36029052734375,210.41888427734375,358.6111145019531,321.4161071777344,356.81475830078125,330.8554992675781,-242.01654052734375,213.3838348388672,357.00238037109375,301.4435119628906,345.6846618652344,332.7854309082031,-236.83428955078125,214.3226776123047,352.1278381347656,291.1024475097656,340.83050537109375,324.73150634765625,-224.91421508789062,384.0235595703125,257.00018310546875,79.66480255126953,421.54803466796875,233.6331787109375,-79.34069061279297,414.7447814941406,372.570068359375,183.82005310058594,473.5479736328125,361.0010986328125,-114.2433090209961,420.744384765625,294.8714294433594,323.2099304199219,508.94842529296875,247.0,35.20011901855469,416.8229064941406,273.5445861816406,340.48052978515625,511.1946105957031,213.0924072265625,57.05241012573242,451.3185119628906,295.6438293457031,419.42474365234375,552.9179077148438,225.13037109375,117.71863555908203,
186.0,260.76025390625,-225.68740844726562,173.99241638183594,253.18023681640625,-217.04931640625,172.81980895996094,252.0841064453125,-217.04931640625,171.0,251.00048828125,-217.0546112060547,176.0,251.0,-245.76446533203125,176.9967498779297,248.000244140625,-245.76446533203125,177.992431640625,245.0008544921875,-245.76446533203125,176.82159423828125,234.0,-150.2864990234375,185.0001220703125,225.68408203125,-277.5908203125,196.00064086914062,258.4520263671875,-195.6901397705078,199.0004425048828,254.87213134765625,-232.74356079101562,208.33746337890625,232.51324462890625,-38.724430084228516,274.324462890625,207.08502197265625,-296.11822509765625,199.90036010742188,275.2916564941406,173.90211486816406,372.8042297363281,218.5770263671875,-296.3097229003906,205.70494079589844,340.07037353515625,319.49798583984375,350.2375183105469,308.18609619140625,-248.73130798339844,209.39674377441406,355.02508544921875,348.09320068359375,357.2375793457031,326.701416015625,-257.9907531738281,212.70477294921875,353.2525634765625,328.114501953125,345.80902099609375,328.6693420410156,-252.10133361816406,213.67677307128906,348.46832275390625,315.37200927734375,341.5685729980469,320.9666442871094,-239.9982147216797,384.0105895996094,257.0,80.5958251953125,421.7813720703125,233.8203125,-79.96361541748047,415.7335510253906,373.1153259277344,186.2145538330078,474.10528564453125,361.00054931640625,-110.27322387695312,421.8531188964844,294.29144287109375,325.7408142089844,509.3005065917969,247.0,39.826927185058594,418.2129821777344,272.80596923828125,343.23541259765625,511.1492919921875,212.9835205078125,61.75751495361328,452.01385498046875,296.18170166015625,421.9913024902344,552.9627685546875,224.735595703125,122.23412322998047,
186.0,260.406494140625,-225.36061096191406,173.99656677246094,253.08416748046875,-216.53805541992188,172.91590881347656,252.0384521484375,-216.53805541992188,171.0,251.00018310546875,-216.5404815673828,176.0,251.0,-245.39588928222656,176.99853515625,248.0,-245.39588928222656,177.99656677246094,245.00048828125,-245.39588928222656,176.91668701171875,234.0,-149.64837646484375,185.0000457763672,225.3714599609375,-276.9825744628906,196.00027465820312,258.21875,-195.3618621826172,199.0001678466797,254.459228515625,-232.3863525390625,208.63821411132812,231.45062255859375,-37.07793045043945,274.1497802734375,207.0389404296875,-295.5543212890625,199.4352264404297,272.050048828125,180.24526977539062,373.70684814453125,215.495361328125,-301.2344970703125,205.01171875,337.1022644042969,335.8435974121094,351.38873291015625,304.9721984863281,-254.89654541015625,208.38668823242188,351.2752685546875,366.4461975097656,357.59259033203125,322.9305419921875,-264.2083740234375,212.01165771484375,349.7136535644531,347.10552978515625,346.2263488769531,324.91595458984375,-258.1108703613281,213.32286071777344,344.8591613769531,332.4340515136719,342.5518798828125,317.53570556640625,-246.020263671875,384.0047912597656,257.0,81.27526092529297,422.2223815917969,234.2401123046875,-80.45536804199219,416.6850891113281,373.5351867675781,186.8667449951172,474.5305480957031,361.0002746582031,-105.52677917480469,422.8421936035156,293.7079162597656,325.236572265625,509.6214904785156,247.0,44.04961395263672,419.8145751953125,272.0001220703125,342.95703125,511.60174560546875,212.4588623046875,66.01779174804688,452.88043212890625,296.1849670410156,421.0725402832031,553.3070678710938,224.3948974609375,126.28424835205078,
186.0,260.19769287109375,-224.52651977539062,173.99844360351562,253.0384521484375,-215.60939025878906,172.9615478515625,252.0174560546875,-215.60939025878906,171.3239288330078,251.00006103515625,-215.9344024658203,176.3239288330078,251.0,-244.54254150390625,176.99932861328125,248.0,-244.54254150390625,177.99844360351562,245.000244140625,-244.54254150390625,176.96188354492188,234.0,-148.3358154296875,185.3239288330078,225.181884765625,-274.89599609375,196.00009155273438,257.77764892578125,-194.527099609375,199.00006103515625,254.221923828125,-231.5382080078125,209.47044372558594,230.41339111328125,-36.10265350341797,274.0682067871094,207.0177001953125,-292.9293518066406,199.2020721435547,268.660888671875,181.6836700439453,374.6605529785156,212.02227783203125,-301.4479064941406,204.522705078125,333.7957763671875,343.505615234375,352.5029296875,301.68267822265625,-255.92689514160156,207.3821258544922,347.0787048339844,374.9970397949219,357.8018798828125,319.5134582519531,-262.53302001953125,211.522705078125,346.08880615234375,356.9147033691406,346.5858154296875,321.5068054199219,-256.1192932128906,212.82510375976562,341.4896545410156,340.74383544921875,343.2553405761719,314.3210754394531,-246.33541870117188,384.3260803222656,257.0,81.65323638916016,422.90966796875,234.917724609375,-81.06123352050781,417.65283203125,373.7756042480469,186.34652709960938,474.7734680175781,361.0001220703125,-101.65792846679688,424.08282470703125,292.3758850097656,322.65667724609375,509.81500244140625,246.67608642578125,46.58477783203125,421.2182312011719,270.521484375,339.87078857421875,512.8428344726562,211.18450927734375,68.57032775878906,454.4154357910156,294.1639404296875,416.81201171875,553.62451171875,223.8685302734375,128.3784942626953,
186.0,260.092041015625,-223.8167724609375,173.99929809570312,253.01751708984375,-214.85464477539062,172.9825439453125,252.0079345703125,-215.17860412597656,171.63211059570312,251.0,-215.48727416992188,176.63211059570312,251.0,-243.50006103515625,176.9996795654297,248.0,-243.82398986816406,177.99928283691406,245.00006103515625,-243.82398986816406,176.98268127441406,234.0,-147.56930541992188,185.63214111328125,225.4088134765625,-272.4403076171875,196.00003051757812,257.41424560546875,-193.8170166015625,199.00001525878906,254.10308837890625,-230.82205200195312,210.181396484375,229.71856689453125,-35.86878204345703,274.0308837890625,207.008056640625,-289.6684875488281,199.0922088623047,266.3699951171875,179.6504364013672,375.31524658203125,208.93365478515625,-297.26788330078125,204.2506103515625,331.46783447265625,343.4423522949219,353.5652770996094,299.0802307128906,-250.16290283203125,206.70401000976562,344.1265563964844,374.92987060546875,357.90777587890625,316.95751953125,-254.20811462402344,210.9266815185547,343.2794189453125,357.83642578125,346.7984619140625,318.9545593261719,-247.5246124267578,212.43572998046875,338.94854736328125,341.07025146484375,343.6441955566406,311.867919921875,-240.2480926513672,384.6330871582031,257.323974609375,81.51580047607422,423.4308776855469,235.43463134765625,-81.18635559082031,418.3121643066406,374.21978759765625,185.42051696777344,475.21881103515625,361.0000915527344,-98.9798583984375,425.3248291015625,290.6182556152344,318.85418701171875,509.9136962890625,246.367919921875,47.5506706237793,422.4317626953125,268.6866455078125,335.5252990722656,513.8596801757812,209.8287353515625,69.54412841796875,456.28302001953125,290.96484375,411.22161865234375,554.1403198242188,223.45758056640625,128.00218200683594,
186.0,260.0421142578125,-224.6930389404297,173.9996795654297,253.00799560546875,-215.71017456054688,172.99209594726562,252.00360107421875,-216.01840209960938,171.81982421875,251.0,-216.2063446044922,176.81982421875,251.0,-243.41629028320312,176.9998321533203,248.0,-243.7244873046875,177.99966430664062,245.0,-243.7244873046875,176.99217224121094,234.323974609375,-147.88494873046875,185.81982421875,225.67095947265625,-271.3998107910156,196.00001525878906,257.20123291015625,-194.69313049316406,199.0,254.04705810546875,-230.72361755371094,210.6017608642578,229.3419189453125,-36.86067581176758,274.013916015625,207.003662109375,-287.38775634765625,198.71786499023438,265.1273193359375,175.595703125,375.99737548828125,206.3218994140625,-292.1536865234375,203.79202270507812,329.2086486816406,340.700927734375,354.5956726074219,296.8692321777344,-242.01844787597656,206.01129150390625,341.52337646484375,371.9937438964844,358.28179931640625,314.8028564453125,-244.50843811035156,210.4838409423828,340.6382751464844,356.11431884765625,347.2301025390625,316.801513671875,-237.9871826171875,211.88693237304688,336.4751892089844,338.5274963378906,344.1595153808594,309.7619323730469,-232.02243041992188,384.82025146484375,257.63214111328125,81.29486083984375,423.7261962890625,236.0518798828125,-81.13214111328125,418.6720886230469,374.58465576171875,184.41026306152344,475.5841369628906,361.0000915527344,-96.47843170166016,426.15142822265625,288.7027587890625,315.3898620605469,509.96051025390625,245.8563232421875,47.205772399902344,423.534423828125,266.41015625,331.3966369628906,514.124755859375,208.92474365234375,68.87889099121094,457.9279479980469,287.6056213378906,406.2568664550781,554.2225341796875,223.22119140625,125.86711883544922,
186.0,260.0191650390625,-228.6288299560547,173.9998321533203,253.003662109375,-219.31263732910156,172.9964141845703,252.001708984375,-219.5003662109375,171.91587829589844,251.0,-219.92050170898438,176.91587829589844,251.0,-246.22225952148438,176.99993896484375,248.0,-246.40997314453125,177.99984741210938,245.32391357421875,-246.40997314453125,176.99647521972656,234.63214111328125,-150.95700073242188,185.9158935546875,225.83746337890625,-271.0976257324219,196.0,257.0936279296875,-198.62887573242188,198.9999542236328,254.0213623046875,-233.4095916748047,210.81463623046875,229.15777587890625,-41.07360076904297,274.00628662109375,207.001708984375,-286.1380310058594,198.38673400878906,264.1959228515625,172.12657165527344,376.8052978515625,203.694580078125,-288.3146057128906,203.42066955566406,326.677490234375,338.135498046875,355.28582763671875,295.1231384277344,-235.52867126464844,205.19859313964844,338.8228759765625,369.6077880859375,359.2608337402344,312.7669982910156,-237.5477294921875,209.58514404296875,338.2095642089844,354.9514465332031,347.9131774902344,314.4424743652344,-231.25210571289062,211.1418914794922,334.1332702636719,336.38018798828125,344.8811340332031,307.7485046386719,-225.5218963623047,384.91607666015625,257.81988525390625,80.82315063476562,423.8731384277344,236.506103515625,-80.7469482421875,418.8486328125,374.47442626953125,181.4517059326172,475.798095703125,361.0000915527344,-92.83671569824219,427.2449035644531,286.4102478027344,308.65814208984375,509.98211669921875,245.4520263671875,47.97848129272461,424.9059143066406,263.79229736328125,324.18072509765625,514.4359130859375,208.43865966796875,69.34501647949219,459.9369812011719,284.04443359375,397.94140625,554.472412109375,223.10272216796875,124.37850952148438,
186.0,260.0086669921875,-232.37692260742188,173.9999542236328,253.001708984375,-222.74827575683594,172.9983673095703,252.00079345703125,-222.84434509277344,171.96153259277344,251.0,-223.5221710205078,176.96153259277344,251.0,-249.18984985351562,176.99998474121094,248.0,-249.60983276367188,177.99990844726562,245.63214111328125,-249.60983276367188,176.99838256835938,234.81988525390625,-153.7411346435547,185.96151733398438,225.9239501953125,-271.0238952636719,196.0,257.0428466796875,-202.05299377441406,198.9999542236328,254.0096435546875,-236.2857208251953,211.23924255371094,229.0718994140625,-44.42646789550781,274.0028076171875,207.00079345703125,-285.8490905761719,198.1886749267578,262.9566650390625,169.70484924316406,377.05938720703125,201.24407958984375,-286.0974426269531,203.20404052734375,324.5687561035156,339.4648742675781,355.984130859375,293.08245849609375,-232.00921630859375,204.29449462890625,336.3110046386719,371.49102783203125,360.39935302734375,310.4353942871094,-233.95912170410156,208.84376525878906,335.9736633300781,357.6513366699219,349.0803527832031,312.1269226074219,-227.4880828857422,210.59274291992188,332.2627258300781,338.0610656738281,345.741943359375,305.4270324707031,-222.00436401367188,384.96160888671875,257.916015625,80.43700408935547,423.942138671875,236.7625732421875,-80.40210723876953,418.9309997558594,374.27410888671875,176.0022430419922,475.906005859375,361.0000915527344,-90.70516204833984,428.4024963378906,284.4387512207031,299.9456481933594,509.99188232421875,245.21868896484375,51.45896530151367,425.91180419921875,261.6253662109375,315.1965637207031,511.4562072753906,210.79351806640625,73.286376953125,462.05596923828125,281.26025390625,387.7966613769531,554.386474609375,223.04693603515625,126.86666107177734,
186.0,260.00396728515625,-235.68446350097656,173.99996948242188,253.0008544921875,-226.19012451171875,172.999267578125,252.00042724609375,-226.23574829101562,171.9825439453125,251.0,-226.75270080566406,176.9825439453125,251.0,-252.071533203125,177.0,248.0,-252.42535400390625,177.99990844726562,245.8199462890625,-252.42535400390625,176.99925231933594,235.23992919921875,-156.3821563720703,185.9825439453125,225.96514892578125,-271.0067138671875,196.0,257.0194091796875,-205.37628173828125,198.9999542236328,254.00439453125,-239.1170654296875,211.59371948242188,229.0325927734375,-47.27169418334961,274.0012512207031,207.0003662109375,-285.2232666015625,198.08790588378906,262.34698486328125,162.48681640625,377.39642333984375,199.31494140625,-283.3576354980469,203.09486389160156,322.6253356933594,340.120361328125,356.7992858886719,290.9521179199219,-226.791259765625,203.3400115966797,333.6992492675781,372.2806091308594,361.50775146484375,308.12548828125,-228.10736083984375,208.08563232421875,333.5332336425781,354.99456787109375,350.3150634765625,309.6136779785156,-221.40611267089844,210.28451538085938,330.1495361328125,337.62823486328125,346.6764831542969,303.1217041015625,-216.7887725830078,385.3064880371094,257.961669921875,79.8879165649414,423.97381591796875,236.88995361328125,-79.8720703125,418.96868896484375,374.1373291015625,169.78634643554688,475.95703125,361.0000915527344,-90.06185150146484,429.18731689453125,283.2126159667969,290.4371032714844,509.99627685546875,245.10162353515625,56.11506652832031,426.4771728515625,260.29962158203125,305.55328369140625,509.17755126953125,212.1771240234375,78.46312713623047,463.4993896484375,279.6015319824219,377.36712646484375,554.2252807617188,223.02130126953125,131.87094116210938,
186.0,260.0018310546875,-235.87939453125,173.99996948242188,253.00042724609375,-226.27239990234375,172.99966430664062,252.00018310546875,-226.29339599609375,171.99208068847656,251.0,-226.91067504882812,176.99208068847656,251.0,-252.38186645507812,177.0,248.0,-252.59060668945312,177.9999542236328,245.916015625,-252.59060668945312,177.32357788085938,235.59375,-156.21212768554688,185.99212646484375,225.9842529296875,-271.0022277832031,196.0,257.0087890625,-205.6916961669922,198.9999542236328,254.00201416015625,-239.40284729003906,211.80245971679688,229.01470947265625,-46.198524475097656,274.0005187988281,207.0003662109375,-284.3398132324219,198.04014587402344,259.857421875,165.30694580078125,377.6756591796875,197.49755859375,-281.61004638671875,202.7193603515625,319.39080810546875,349.9012145996094,357.38055419921875,288.8563537597656,-223.30264282226562,202.36099243164062,330.27630615234375,383.3152770996094,362.24359130859375,305.93731689453125,-224.3433837890625,207.23439025878906,330.19866943359375,366.4331359863281,351.145263671875,307.2090759277344,-217.81578063964844,209.80775451660156,327.0113525390625,347.5770568847656,347.322509765625,300.6117248535156,-212.65359497070312,385.62420654296875,257.65869140625,79.4663314819336,423.9881286621094,236.94989013671875,-79.45916748046875,418.9858093261719,374.0647277832031,164.51734924316406,475.98052978515625,361.0000915527344,-90.60303497314453,429.6134033203125,282.8948669433594,285.1692199707031,509.67437744140625,245.04644775390625,59.77981948852539,426.7578430175781,259.9346923828125,300.5461730957031,506.37652587890625,213.99969482421875,82.45781707763672,463.9615173339844,279.0738525390625,371.9332580566406,554.1133422851562,223.0096435546875,136.3980712890625,
186.0,260.0008544921875,-233.2311248779297,173.99996948242188,253.000244140625,-223.45761108398438,172.99984741210938,252.0,-223.46714782714844,171.9964141845703,251.0,-223.92138671875,176.9964141845703,251.0,-249.94448852539062,177.0,248.0,-250.05014038085938,178.0,245.96160888671875,-250.05014038085938,177.6319580078125,235.802490234375,-153.06077575683594,185.9964141845703,225.9927978515625,-269.3811950683594,196.0,257.00408935546875,-203.1350555419922,198.9999542236328,254.00091552734375,-236.95407104492188,212.2320098876953,229.00665283203125,-42.79510498046875,274.00018310546875,207.00018310546875,-282.07330322265625,198.0181884765625,257.299560546875,168.60423278808594,377.5177307128906,195.95013427734375,-278.79193115234375,202.3874969482422,315.8705139160156,352.60028076171875,358.0273742675781,287.1279602050781,-218.9281463623047,201.69447326660156,326.7729797363281,385.8973388671875,362.640625,304.1650085449219,-219.58763122558594,206.63494873046875,326.7374572753906,370.8851013183594,351.59393310546875,304.9755859375,-212.96554565429688,209.10394287109375,323.6501770019531,350.8077392578125,347.6767272949219,298.53216552734375,-207.98728942871094,385.8161926269531,257.36004638671875,79.22509002685547,423.9945983886719,236.97735595703125,-79.22187042236328,419.3174743652344,374.0297546386719,161.2429656982422,475.9911804199219,361.0000915527344,-93.49512481689453,429.8216857910156,282.8943176269531,282.15899658203125,509.3670654296875,245.02099609375,61.614017486572266,426.88958740234375,259.91241455078125,297.8151550292969,503.6401672363281,215.7391357421875,84.4632339477539,463.7142333984375,278.9757080078125,369.3175964355469,554.0535278320312,223.00433349609375,138.89553833007812,
186.0,260.00048828125,-230.81253051757812,173.99996948242188,253.0,-220.92617797851562,172.99990844726562,252.323974609375,-220.93048095703125,171.99838256835938,251.32391357421875,-221.18682861328125,176.99838256835938,251.0,-247.6691436767578,177.0,248.32403564453125,-247.71914672851562,178.0,245.98260498046875,-247.71914672851562,177.81976318359375,235.90814208984375,-150.25033569335938,185.99835205078125,226.32073974609375,-267.8397216796875,196.0,257.0018310546875,-200.7668914794922,198.9999542236328,254.00048828125,-234.67347717285156,212.59011840820312,229.0030517578125,-40.047637939453125,274.00006103515625,207.0,-280.1712646484375,198.00820922851562,255.97308349609375,170.11221313476562,377.2939758300781,194.9752197265625,-276.86297607421875,202.18899536132812,313.4775085449219,352.0114440917969,358.4949645996094,286.05859375,-216.27874755859375,201.33091735839844,324.0987548828125,385.1174011230469,362.8343505859375,302.7514343261719,-216.95437622070312,206.30361938476562,324.08258056640625,371.88275146484375,351.81280517578125,303.50634765625,-209.85011291503906,208.57518005371094,321.0427551269531,350.60821533203125,347.8506774902344,296.9313049316406,-205.5948486328125,385.9141845703125,257.1766357421875,79.42837524414062,423.99749755859375,236.98980712890625,-79.42691802978516,419.629150390625,374.0135498046875,159.52772521972656,475.9959716796875,361.0000915527344,-96.0448226928711,429.9188537597656,282.6150817871094,281.1764831542969,509.1797790527344,245.009521484375,62.404945373535156,426.949951171875,259.62322998046875,297.0071716308594,501.8383483886719,217.1885986328125,85.65983581542969,463.3979187011719,278.65185546875,368.72052001953125,554.0245361328125,223.00201416015625,140.7081756591797,
186.0,260.000244140625,-229.36903381347656,173.99996948242188,253.32403564453125,-219.422607421875,172.99990844726562,252.63214111328125,-219.424560546875,171.99925231933594,251.63214111328125,-219.55210876464844,176.99925231933594,251.0,-246.30157470703125,177.0,248.6322021484375,-246.3245391845703,178.0,245.99212646484375,-246.3245391845703,177.9158935546875,235.95806884765625,-148.5808868408203,185.99925231933594,226.6307373046875,-267.224853515625,196.0,257.0008544921875,-199.34803771972656,198.9999542236328,254.00030517578125,-233.62744140625,212.80078125,229.00140380859375,-38.14557647705078,274.0000305175781,207.0,-279.3781433105469,198.00369262695312,255.40972900390625,170.6641082763672,377.1463317871094,194.13665771484375,-276.18646240234375,202.08804321289062,312.1783752441406,351.4323425292969,358.7573547363281,285.4987487792969,-215.66372680664062,201.1527099609375,322.19537353515625,384.13934326171875,362.9245910644531,301.8742370605469,-216.14297485351562,205.81637573242188,322.1880798339844,372.3504638671875,351.914794921875,302.3914489746094,-208.94537353515625,208.2764892578125,319.493896484375,350.2412414550781,348.25592041015625,295.9581298828125,-204.95977783203125,385.96075439453125,257.08258056640625,80.00370025634766,423.99884033203125,236.99542236328125,-80.0030517578125,419.8184814453125,374.0061340332031,159.02557373046875,475.9981689453125,361.0000915527344,-97.56124114990234,429.9632568359375,282.3377380371094,281.3012390136719,508.7599182128906,245.0042724609375,63.06351089477539,426.9773864746094,259.3414306640625,297.2220764160156,500.5476989746094,218.4193115234375,86.66431427001953,463.19622802734375,278.0304260253906,369.07861328125,554.0111694335938,223.0009765625,142.4922637939453,
186.0,260.00006103515625,-231.22865295410156,173.99996948242188,253.6322021484375,-221.25323486328125,172.9999542236328,252.81988525390625,-221.2541046142578,171.99964904785156,251.81982421875,-221.31405639648438,176.6757049560547,251.32391357421875,-248.1977081298828,177.0,248.8199462890625,-248.2081298828125,178.0,246.32037353515625,-248.2081298828125,177.9615478515625,235.9810791015625,-150.0031280517578,185.99966430664062,227.1431884765625,-268.6722412109375,196.0,257.3243408203125,-200.89515686035156,198.9999542236328,254.32403564453125,-235.5067901611328,212.90728759765625,229.00067138671875,-38.34489440917969,274.0,207.0,-279.4463806152344,198.00164794921875,255.17706298828125,167.6246795654297,377.0686950683594,193.2557373046875,-276.3477783203125,202.04022216796875,311.21942138671875,350.5252685546875,358.8876037597656,284.9051513671875,-215.3926544189453,200.74557495117188,320.4309997558594,382.2543029785156,362.9658508300781,301.4127197265625,-215.33609008789062,205.4317626953125,320.42767333984375,370.71441650390625,352.2853088378906,301.6976013183594,-207.8766326904297,208.1280517578125,318.05157470703125,348.78948974609375,348.6013488769531,295.4510498046875,-204.5730743408203,385.9821472167969,257.037841796875,80.47354125976562,423.9994201660156,236.9979248046875,-80.47325897216797,419.9152526855469,374.0027770996094,158.3030548095703,475.9991455078125,361.0000915527344,-98.33014678955078,430.30731201171875,281.8421936035156,280.6264343261719,508.4061279296875,245.001953125,65.78385925292969,426.98974609375,258.51995849609375,296.59014892578125,501.7128601074219,217.26153564453125,89.58953857421875,463.7396240234375,277.21759033203125,368.19873046875,554.0049438476562,223.00048828125,145.98301696777344,
186.0,260.323974609375,-233.34800720214844,173.99996948242188,253.8199462890625,-223.3591766357422,173.0,252.916015625,-223.35958862304688,171.9998321533203,251.91595458984375,-223.3870849609375,176.36770629882812,251.63214111328125,-250.33395385742188,177.0,249.239990234375,-250.3386993408203,178.0,246.630615234375,-250.3386993408203,177.65863037109375,235.991455078125,-151.43685913085938,185.9998321533203,227.5478515625,-270.1726989746094,196.0,257.6324462890625,-202.71157836914062,198.9999542236328,254.63214111328125,-237.52207946777344,212.95765686035156,229.00042724609375,-38.69541549682617,273.676025390625,207.0,-279.6758117675781,198.000732421875,254.7542724609375,167.53587341308594,377.031494140625,192.6444091796875,-276.9528503417969,201.69432067871094,309.9673156738281,353.37042236328125,358.94873046875,284.47198486328125,-216.18190002441406,200.0753936767578,318.9176025390625,385.5850524902344,362.98455810546875,301.1897888183594,-215.3583221435547,204.56121826171875,319.24005126953125,374.5478210449219,352.61468505859375,301.3302001953125,-207.00621032714844,207.73443603515625,316.73223876953125,351.71405029296875,348.805908203125,295.2071838378906,-204.95042419433594,385.9919128417969,257.0172119140625,80.74551391601562,423.99969482421875,236.99908447265625,-80.7453842163086,419.9612121582031,374.0013122558594,157.69981384277344,476.3235168457031,361.0000915527344,-98.37008666992188,430.9485168457031,281.12164306640625,279.9034423828125,508.1974182128906,244.67706298828125,68.51673126220703,427.3193359375,257.81414794921875,295.886962890625,503.8033142089844,215.1829833984375,92.4262466430664,464.630126953125,276.30517578125,367.5478515625,554.0022583007812,223.000244140625,149.45941162109375,
186.0,260.63214111328125,-234.69064331054688,173.99996948242188,253.916015625,-224.6956787109375,173.0,252.961669921875,-224.6958770751953,171.6759796142578,251.96160888671875,-224.70835876464844,176.18006896972656,251.81982421875,-251.6842803955078,177.0,249.59381103515625,-251.68643188476562,178.0,246.8192138671875,-251.68643188476562,177.3599853515625,236.32012939453125,-152.5829620361328,185.99993896484375,228.105224609375,-271.1022644042969,196.0,257.82000732421875,-203.8688507080078,198.9999542236328,254.81988525390625,-238.78053283691406,212.98077392578125,229.000244140625,-38.87207794189453,273.36785888671875,207.0,-279.8371887207031,198.00030517578125,254.40283203125,168.14109802246094,377.0142822265625,191.9840087890625,-277.7716979980469,201.37611389160156,308.38006591796875,355.0486755371094,358.97674560546875,284.2273254394531,-216.9994659423828,199.23829650878906,317.3122253417969,388.022705078125,362.9930114746094,301.0863037109375,-215.93356323242188,203.83287048339844,317.9436950683594,377.7778015136719,352.81195068359375,301.4759521484375,-206.81471252441406,207.0703582763672,315.54974365234375,353.9790954589844,348.9095764160156,295.0941467285156,-205.73519897460938,385.996337890625,257.33172607421875,80.88188171386719,423.9998779296875,236.9996337890625,-80.8818130493164,419.982421875,374.0006103515625,157.66531372070312,476.63189697265625,361.0000915527344,-98.22914123535156,431.4485778808594,280.5836181640625,279.7703857421875,508.0918884277344,244.36834716796875,69.93962097167969,427.9539794921875,257.07232666015625,295.762939453125,505.6739196777344,212.99560546875,93.89827728271484,465.61474609375,275.34527587890625,367.8851623535156,554.0009155273438,223.0,151.7198486328125,
186.0,260.8199462890625,-236.03482055664062,173.99996948242188,253.9615478515625,-226.03709411621094,172.6760711669922,252.98260498046875,-226.0371856689453,171.3678436279297,251.98260498046875,-226.0428466796875,176.08401489257812,251.91595458984375,-253.0319366455078,177.0,249.802490234375,-253.03292846679688,178.0,247.23956298828125,-253.03292846679688,177.17657470703125,236.63043212890625,-153.94039916992188,185.99993896484375,228.5306396484375,-272.55230712890625,196.0,257.916015625,-204.79408264160156,198.9999542236328,254.916015625,-239.7537384033203,212.99130249023438,229.0,-39.26981735229492,273.18011474609375,207.0,-280.5711669921875,198.00010681152344,254.19586181640625,168.57574462890625,377.00640869140625,191.5101318359375,-278.3655090332031,201.18386840820312,306.9068908691406,355.34759521484375,358.98944091796875,283.7814636230469,-216.5359649658203,198.63851928710938,315.54156494140625,389.1578674316406,362.99676513671875,301.0390930175781,-215.13687133789062,203.08070373535156,316.361083984375,379.5099792480469,352.9123229980469,301.7012939453125,-205.88912963867188,206.55995178222656,313.81024169921875,354.7793273925781,348.95867919921875,295.0426025390625,-205.3684844970703,385.9983215332031,257.63568115234375,81.27003479003906,423.9999694824219,236.9998779296875,-81.2699966430664,419.99200439453125,374.00030517578125,158.11517333984375,476.8197021484375,361.0000915527344,-98.44136047363281,431.7342224121094,279.63250732421875,281.4609680175781,508.0419921875,244.180419921875,70.22621154785156,428.4510192871094,256.22845458984375,297.4576110839844,507.1669616699219,211.52178955078125,94.20745849609375,466.2923889160156,274.36346435546875,370.3112487792969,554.0003662109375,223.0,152.2742156982422,
186.0,260.916015625,-236.983642578125,173.676025390625,253.98260498046875,-226.984619140625,172.36785888671875,253.31610107421875,-226.98468017578125,171.18011474609375,251.9921875,-226.98721313476562,176.0384063720703,252.28564453125,-253.98231506347656,177.0,249.9080810546875,-253.98275756835938,178.0,247.5936279296875,-253.98275756835938,177.08245849609375,236.819091796875,-154.93014526367188,185.99993896484375,228.77362060546875,-273.7044677734375,196.0,257.961669921875,-205.71343994140625,198.67601013183594,255.2855224609375,-240.6951446533203,212.9960479736328,229.323974609375,-39.932518005371094,273.0840759277344,207.0,-281.2290954589844,198.00003051757812,254.09124755859375,166.53514099121094,377.0028991699219,191.24493408203125,-277.7243347167969,201.08575439453125,305.6337890625,353.6269226074219,358.9952087402344,283.4159851074219,-214.90164184570312,197.98162841796875,314.3047180175781,388.01715087890625,362.99853515625,300.6937255859375,-213.2248077392578,202.5561065673828,315.2204895019531,380.3256530761719,352.9598693847656,301.5272521972656,-203.73228454589844,206.2696075439453,312.1506042480469,353.6756896972656,348.98126220703125,294.6953430175781,-203.4908447265625,385.99920654296875,257.8214111328125,81.60770416259766,423.9999694824219,236.99993896484375,-81.60768127441406,419.996337890625,374.00018310546875,158.52467346191406,476.91583251953125,361.0000915527344,-98.6878662109375,431.87677001953125,278.8656005859375,283.0762634277344,508.0190124511719,244.084228515625,69.84869384765625,428.73529052734375,255.63238525390625,299.0747375488281,508.4112854003906,210.7235107421875,94.16414642333984,466.6626892089844,273.3717346191406,372.4781494140625,554.0001220703125,223.0,151.91610717773438,
185.6760711669922,260.96160888671875,-237.5123748779297,173.3678436279297,254.3160400390625,-227.5127716064453,172.18016052246094,253.628662109375,-227.51283264160156,171.08404541015625,252.3204345703125,-227.51394653320312,176.01739501953125,252.61474609375,-254.51174926757812,177.0,249.95806884765625,-254.51194763183594,178.0,247.80242919921875,-254.51194763183594,177.0377197265625,236.91558837890625,-155.4860382080078,185.99993896484375,228.89501953125,-274.3724670410156,196.0,257.98260498046875,-206.34188842773438,198.36782836914062,255.61474609375,-241.00965881347656,212.99819946289062,229.63214111328125,-40.441524505615234,273.03839111328125,207.32391357421875,-281.6236877441406,198.00001525878906,254.0416259765625,164.48521423339844,377.00128173828125,191.11346435546875,-276.96307373046875,201.0391845703125,304.8208923339844,351.6466064453125,358.997802734375,282.8780517578125,-213.5387420654297,197.50909423828125,313.62335205078125,386.3554382324219,362.99932861328125,300.3758544921875,-211.69656372070312,202.26611328125,314.5848388671875,379.4002990722656,352.98175048828125,301.2979736328125,-202.2991943359375,205.80099487304688,311.0791931152344,352.1510009765625,348.99151611328125,294.37664794921875,-201.8651580810547,385.9996337890625,257.91668701171875,81.80879211425781,423.9999694824219,237.0,-81.80879211425781,419.998291015625,374.0000915527344,159.0926513671875,476.96148681640625,361.0000915527344,-99.16942596435547,431.94378662109375,278.4195251464844,284.05859375,508.008544921875,244.03857421875,69.13764953613281,428.877197265625,255.302490234375,300.05792236328125,509.2018127441406,210.00970458984375,93.76594543457031,466.8442687988281,272.6993713378906,374.0952453613281,554.0000610351562,223.0,151.50283813476562,
185.36785888671875,260.98260498046875,-238.0981903076172,173.18014526367188,254.62860107421875,-228.09837341308594,172.0840606689453,253.81829833984375,-228.09840393066406,171.03842163085938,252.630615234375,-228.098876953125,176.00787353515625,252.81201171875,-255.09788513183594,177.0,250.3050537109375,-255.09796142578125,177.6760711669922,247.90814208984375,-255.09796142578125,177.01708984375,236.96148681640625,-156.08590698242188,185.9999542236328,228.9521484375,-275.03228759765625,196.0,257.9921875,-207.0098876953125,198.1801300048828,255.81207275390625,-241.3740234375,212.99917602539062,229.81988525390625,-41.05500793457031,273.01739501953125,207.63214111328125,-282.14849853515625,198.0,254.01885986328125,162.57252502441406,377.00054931640625,190.72784423828125,-276.4764099121094,201.0177459716797,304.3885803222656,350.33172607421875,358.9989929199219,282.7857971191406,-212.0970458984375,197.24447631835938,312.9641418457031,384.873291015625,362.9996337890625,300.18377685546875,-210.170654296875,202.12303161621094,313.9466552734375,377.6865539550781,352.9917907714844,301.14813232421875,-200.94009399414062,205.4248046875,310.5101318359375,350.7693176269531,348.9961242675781,294.18414306640625,-200.58200073242188,385.9997863769531,257.96197509765625,81.9109115600586,423.9999694824219,237.0,-81.9109115600586,419.9991760253906,374.0,159.52450561523438,476.9825134277344,361.0000915527344,-99.5596923828125,431.9744873046875,278.1949768066406,284.560791015625,508.0038146972656,244.01751708984375,67.9455337524414,428.9440002441406,255.139892578125,300.56048583984375,509.94598388671875,209.51971435546875,92.7636489868164,466.9290771484375,272.33319091796875,375.0599060058594,554.3239135742188,223.0,150.59844970703125,
185.18014526367188,260.99212646484375,-238.2052764892578,173.08407592773438,254.818359375,-228.529296875,172.03842163085938,253.915283203125,-228.52931213378906,171.01739501953125,252.81915283203125,-228.52952575683594,176.00352478027344,252.9124755859375,-255.52908325195312,177.0,250.62359619140625,-255.52911376953125,177.36785888671875,247.95806884765625,-255.52911376953125,177.00772094726562,236.98260498046875,-156.5236053466797,185.99996948242188,228.9783935546875,-275.4989929199219,196.0,258.32049560546875,-207.4871063232422,198.08407592773438,255.91241455078125,-241.66555786132812,212.99960327148438,229.916015625,-41.50748825073242,273.0078125,207.8199462890625,-282.55194091796875,198.0,254.33251953125,160.9819793701172,377.0002136230469,190.39141845703125,-276.22320556640625,201.00802612304688,304.17889404296875,348.9818115234375,358.99951171875,282.53131103515625,-211.08168029785156,197.1132049560547,312.49908447265625,383.2884521484375,362.9998779296875,300.0857238769531,-209.11532592773438,202.0560302734375,313.4911804199219,376.39453125,352.9962158203125,301.0695495605469,-199.99945068359375,205.2059326171875,309.9106750488281,349.5631103515625,348.99822998046875,294.0859069824219,-199.78919982910156,385.99981689453125,257.9827880859375,81.95929718017578,423.9999694824219,237.0,-81.95929718017578,419.9996032714844,374.0,160.41856384277344,476.9920654296875,361.0000915527344,-100.43452453613281,431.9884033203125,278.08905029296875,285.44708251953125,508.001708984375,244.00799560546875,64.42953491210938,428.650634765625,255.063720703125,301.7708740234375,510.4580993652344,209.2490234375,88.69681549072266,466.6439208984375,272.1537780761719,376.206298828125,554.632080078125,223.0,146.287353515625,
185.08409118652344,260.9964599609375,-238.14105224609375,173.03842163085938,254.915283203125,-228.44931030273438,172.01742553710938,253.9613037109375,-228.44931030273438,171.00787353515625,252.9156494140625,-228.7733612060547,176.0015869140625,252.96002197265625,-255.44918823242188,177.0,250.8160400390625,-255.77316284179688,177.18016052246094,247.98101806640625,-255.77316284179688,177.00347900390625,236.9921875,-156.77066040039062,185.99998474121094,228.990234375,-275.7594909667969,196.0,258.63067626953125,-207.42984008789062,198.03842163085938,255.96002197265625,-241.8371124267578,212.99981689453125,229.96160888671875,-41.76300811767578,273.0035400390625,207.916015625,-282.7834777832031,198.0,254.6361083984375,159.98898315429688,377.00006103515625,190.1907958984375,-276.1022033691406,201.0036163330078,304.08135986328125,348.0252990722656,358.999755859375,282.29132080078125,-210.8421173095703,197.0515899658203,312.2395935058594,381.8537902832031,362.99993896484375,300.03924560546875,-208.8573455810547,202.02536010742188,313.2360534667969,375.0208740234375,352.67431640625,301.03192138671875,-199.80270385742188,205.09571838378906,309.47454833984375,348.4632568359375,348.9991760253906,294.039306640625,-199.37252807617188,385.9999084472656,257.99224853515625,81.98153686523438,423.9999694824219,237.0,-81.98153686523438,419.9997863769531,374.0,161.4818115234375,476.9964294433594,361.0000915527344,-101.48904418945312,431.6707763671875,278.0404052734375,287.1450500488281,508.0007629394531,244.00360107421875,60.13965606689453,428.3563232421875,255.0289306640625,303.77703857421875,510.74072265625,209.115234375,83.83660125732422,466.02935791015625,272.07000732421875,378.033447265625,554.495849609375,223.0,140.83973693847656,
185.0384521484375,260.9984130859375,-238.07496643066406,173.0174102783203,254.9613037109375,-228.26271057128906,172.0078582763672,253.98248291015625,-228.26271057128906,171.00352478027344,252.96148681640625,-228.8948974609375,176.00070190429688,252.98193359375,-255.26266479492188,177.0,250.9141845703125,-255.5708770751953,177.0840606689453,247.99151611328125,-255.5708770751953,177.00157165527344,236.99652099609375,-156.89369201660156,186.0,228.9957275390625,-275.564697265625,196.0,258.8192138671875,-207.2538604736328,198.0174102783203,255.98187255859375,-241.92410278320312,212.99989318847656,229.98260498046875,-41.890167236328125,273.0015563964844,207.96160888671875,-282.8994445800781,198.0,254.82159423828125,159.79054260253906,377.0000305175781,190.08892822265625,-276.04638671875,201.00160217285156,304.0368957519531,347.8158264160156,358.9999084472656,282.1433410644531,-211.51968383789062,197.0233612060547,312.1109619140625,381.2552490234375,362.99993896484375,300.017822265625,-209.52658081054688,202.0114288330078,313.1094055175781,374.36895751953125,352.3670654296875,301.0145263671875,-200.5015106201172,205.04367065429688,309.2284240722656,348.0647888183594,348.9996337890625,294.01788330078125,-199.8191375732422,386.0,257.99658203125,81.99164581298828,423.9999694824219,237.0,-81.99164581298828,419.9998779296875,374.0,162.54722595214844,476.9983825683594,361.0000915527344,-102.55047607421875,431.3654479980469,278.01824951171875,289.14276123046875,508.00030517578125,244.00164794921875,56.81718826293945,427.8509826660156,255.0130615234375,305.96258544921875,510.88006591796875,209.05255126953125,80.15989685058594,465.21746826171875,272.3556823730469,379.7679443359375,554.28369140625,223.0,136.68911743164062,
185.01744079589844,260.99932861328125,-237.712158203125,173.0078582763672,254.9825439453125,-227.80825805664062,172.0035400390625,253.99212646484375,-227.80825805664062,171.0015869140625,252.98260498046875,-228.30418395996094,176.00030517578125,252.9918212890625,-254.8082275390625,177.0,250.9608154296875,-254.99595642089844,177.03842163085938,247.9962158203125,-254.99595642089844,177.00070190429688,236.9984130859375,-156.6275634765625,186.0,228.998046875,-274.9931640625,196.0,258.9156494140625,-206.80422973632812,198.0078582763672,255.991943359375,-241.64137268066406,212.99990844726562,229.99212646484375,-41.625980377197266,272.6767578125,207.982666015625,-282.9541320800781,198.0,254.91668701171875,160.17051696777344,377.0,190.0406494140625,-276.02093505859375,201.00070190429688,304.0167236328125,347.535888671875,359.0,282.06707763671875,-212.1932830810547,197.01055908203125,312.0506286621094,381.0727233886719,362.99993896484375,300.00811767578125,-210.19642639160156,202.00514221191406,313.0498962402344,373.80938720703125,352.1797790527344,301.0066223144531,-201.18504333496094,205.01976013183594,309.10595703125,347.9840393066406,348.6758728027344,294.00811767578125,-200.3421173095703,386.0,257.99847412109375,81.99622344970703,423.9999694824219,237.0,-81.99622344970703,420.0,374.0,163.58572387695312,476.9992370605469,361.0000915527344,-103.58721160888672,430.8550720214844,278.33221435546875,290.8609313964844,508.0000915527344,244.00079345703125,54.21745300292969,427.4495544433594,255.329833984375,307.452880859375,510.9453430175781,209.0238037109375,77.37764739990234,464.3052062988281,272.64654541015625,381.20574951171875,554.1416015625,223.0,133.63333129882812,
185.00787353515625,260.999755859375,-237.0605926513672,173.0035400390625,254.99212646484375,-227.1062469482422,172.0015869140625,253.9964599609375,-227.1062469482422,171.00070190429688,252.9921875,-227.3900604248047,176.0001220703125,252.99639892578125,-254.1062469482422,177.0,250.98223876953125,-254.20233154296875,177.01742553710938,247.998291015625,-254.20233154296875,177.00030517578125,236.99932861328125,-156.02194213867188,186.0,228.9991455078125,-274.2010803222656,196.0,258.9615478515625,-206.1044464111328,198.00352478027344,255.99639892578125,-241.0281982421875,212.9999542236328,229.9964599609375,-41.345176696777344,272.3681640625,207.9921875,-282.6552734375,198.0,254.9619140625,160.87335205078125,377.0,190.0184326171875,-276.0094299316406,201.00030517578125,304.007568359375,347.6154479980469,359.0,282.0307312011719,-212.92897033691406,197.00473022460938,312.0229797363281,381.34649658203125,362.99993896484375,300.00372314453125,-211.2543182373047,202.00230407714844,313.02264404296875,373.74365234375,352.0838623046875,300.6791076660156,-202.24917602539062,205.0089111328125,309.04833984375,348.30596923828125,348.36773681640625,294.00372314453125,-201.32276916503906,386.0,257.99932861328125,81.998291015625,423.9999694824219,237.0,-81.998291015625,420.0,374.0,164.28103637695312,476.9996337890625,361.0000915527344,-104.60564422607422,430.4513854980469,278.6358947753906,291.9342041015625,508.0000305175781,244.00048828125,52.28303909301758,426.8935546875,255.63482666015625,308.2636413574219,510.9751892089844,209.01080322265625,75.35633087158203,463.669189453125,272.8263854980469,382.1039733886719,554.0665893554688,223.0,131.47499084472656,
185.00355529785156,260.99993896484375,-236.23165893554688,173.0015869140625,254.9964599609375,-226.57659912109375,172.00071716308594,253.99847412109375,-226.57659912109375,171.00030517578125,252.99658203125,-226.71835327148438,176.00003051757812,252.99847412109375,-253.25270080566406,177.0,250.99200439453125,-253.29830932617188,177.0078582763672,247.999267578125,-253.29830932617188,177.00013732910156,236.99981689453125,-155.53810119628906,186.0,228.9996337890625,-273.2977600097656,196.0,258.98260498046875,-205.5758056640625,198.0015869140625,255.99835205078125,-240.2169647216797,213.0,229.99847412109375,-41.16989517211914,272.1802673339844,207.99652099609375,-282.35845947265625,198.0,254.9827880859375,162.05984497070312,377.0,190.00836181640625,-276.0042419433594,201.00010681152344,304.0034484863281,348.74700927734375,359.0,282.01397705078125,-214.41964721679688,197.00210571289062,312.01043701171875,382.6120300292969,362.99993896484375,300.001708984375,-213.05239868164062,202.0010223388672,313.0102233886719,374.4817810058594,351.7143859863281,300.3692626953125,-204.0500946044922,205.0040283203125,309.02191162109375,349.2696838378906,348.1800537109375,294.001708984375,-202.7598419189453,386.0,257.999755859375,81.99922180175781,423.9999694824219,237.0,-81.99922180175781,420.0,374.0,164.65792846679688,476.99981689453125,361.0000915527344,-105.29036712646484,430.21832275390625,278.8215637207031,292.4975891113281,508.0,244.00030517578125,51.126853942871094,426.4688720703125,255.82110595703125,308.6603088378906,510.98876953125,209.00482177734375,74.16009521484375,463.3194580078125,272.91888427734375,382.2530822753906,554.030517578125,223.0,130.53814697265625,
185.0015869140625,261.0,-235.3115997314453,173.00071716308594,254.99847412109375,-225.62933349609375,172.00030517578125,253.9993896484375,-225.62933349609375,171.0001220703125,252.99847412109375,-225.6959991455078,176.00001525878906,252.99932861328125,-251.99722290039062,177.0,250.9964599609375,-252.34213256835938,177.0035400390625,247.999755859375,-252.34213256835938,177.00003051757812,236.99993896484375,-154.935791015625,186.0,228.99993896484375,-272.0179748535156,196.0,258.99212646484375,-204.62899780273438,198.00071716308594,255.99932861328125,-238.98101806640625,213.0,229.99932861328125,-40.75550842285156,272.0841064453125,207.99847412109375,-281.8519592285156,198.0,254.6683349609375,163.30540466308594,377.0,190.0037841796875,-276.3258361816406,201.00003051757812,304.0015869140625,350.4309387207031,358.6759948730469,282.00634765625,-215.95591735839844,197.0009307861328,312.0047607421875,384.36737060546875,362.99993896484375,300.00079345703125,-215.09996032714844,202.0004425048828,313.0046691894531,375.82550048828125,351.38525390625,300.1808166503906,-206.0989227294922,205.00180053710938,309.00994873046875,350.7269592285156,348.0840148925781,294.0008239746094,-204.48208618164062,386.0,257.99993896484375,81.99964904785156,423.9999694824219,237.0,-81.99964904785156,420.0,374.0,164.8422393798828,476.9998474121094,361.0000915527344,-105.66220092773438,430.1013488769531,278.9167175292969,292.44525146484375,507.9999084472656,244.0,50.529197692871094,426.2262268066406,255.91656494140625,308.84539794921875,510.994873046875,209.00225830078125,73.54422760009766,463.1474914550781,272.9629211425781,382.1733703613281,554.0138549804688,223.0,129.87693786621094,
185.00070190429688,261.0,-233.05242919921875,173.00030517578125,254.99932861328125,-223.24444580078125,172.00013732910156,253.999755859375,-223.24444580078125,171.00003051757812,252.99932861328125,-223.5989532470703,176.0,252.999755859375,-249.74855041503906,177.0,250.9984130859375,-250.06626892089844,177.0015869140625,247.99993896484375,-250.3902130126953,177.0,237.0,-152.8686981201172,186.0,229.0,-270.40582275390625,196.0,258.9964599609375,-202.56825256347656,198.00030517578125,255.999755859375,-237.06515502929688,213.0,229.99969482421875,-39.10848617553711,272.0384216308594,207.99932861328125,-281.45001220703125,198.0,254.04052734375,169.32374572753906,377.0,190.00177001953125,-277.9287109375,201.00001525878906,304.0007629394531,359.1206970214844,358.36785888671875,281.678955078125,-220.53262329101562,197.0004119873047,312.3260803222656,393.7394104003906,362.99993896484375,300.0003662109375,-220.4047088623047,202.00018310546875,313.00213623046875,384.3129577636719,351.18798828125,300.08441162109375,-211.72817993164062,205.0008087158203,309.3284606933594,358.9440002441406,348.0384216308594,294.0003967285156,-209.2674102783203,386.0,258.0,81.99983978271484,423.9999694824219,237.0,-81.99983978271484,420.0,374.0,165.25210571289062,476.9998474121094,361.0000915527344,-105.84416198730469,430.0462341308594,278.96197509765625,292.9108581542969,507.9999084472656,244.0,48.94703674316406,426.1049499511719,255.9619140625,309.25390625,510.9976501464844,209.00103759765625,71.95382690429688,463.067138671875,272.9832458496094,382.41571044921875,554.0062255859375,223.0,128.15261840820312,
185.0003204345703,261.0,-230.83621215820312,173.00010681152344,254.99969482421875,-220.9342498779297,172.00003051757812,253.99993896484375,-220.9342498779297,171.00001525878906,252.999755859375,-221.25631713867188,176.0,252.99993896484375,-247.65045166015625,177.0,250.99932861328125,-248.16641235351562,177.00071716308594,248.0,-248.47459411621094,177.0,237.0,-150.75051879882812,186.0,229.0,-269.242919921875,196.0,258.99847412109375,-200.56631469726562,198.00010681152344,255.99993896484375,-235.279296875,213.0,229.99993896484375,-37.34419250488281,272.01739501953125,207.999755859375,-281.21771240234375,198.0,253.2225341796875,175.67782592773438,377.0,190.0008544921875,-280.32049560546875,201.0,304.0003662109375,367.87359619140625,358.18011474609375,281.36920166015625,-225.4370880126953,197.00018310546875,312.63311767578125,403.12457275390625,362.99993896484375,300.0001525878906,-225.85064697265625,202.0000457763672,313.0009765625,392.963134765625,351.08758544921875,300.0386047363281,-217.48255920410156,205.00033569335938,309.6341857910156,367.6345520019531,348.0173645019531,294.0002136230469,-214.30552673339844,386.0,258.0,81.99991607666016,423.9999694824219,237.0,-81.99991607666016,420.0,374.0,166.24746704101562,476.9998779296875,361.0000915527344,-106.90086364746094,429.697021484375,278.9827880859375,294.0447998046875,507.9999084472656,244.0,46.609947204589844,426.0478515625,255.98272705078125,310.248291015625,510.9989013671875,209.00054931640625,69.61300659179688,463.03033447265625,272.992431640625,383.3240661621094,554.0027465820312,223.0,125.39015197753906,
185.0001220703125,261.0,-229.09283447265625,173.00003051757812,254.99993896484375,-219.139404296875,172.0,254.0,-219.139404296875,171.0,252.99993896484375,-219.6573028564453,176.0,253.0,-246.32159423828125,177.0,250.999755859375,-246.72781372070312,177.00030517578125,248.0,-246.91549682617188,177.0,237.0,-149.05369567871094,186.0,229.0,-268.5953674316406,196.0,258.6754150390625,-198.95919799804688,198.32394409179688,256.0,-234.1399383544922,213.0,230.0,-35.53216552734375,272.00787353515625,207.99993896484375,-281.1011047363281,198.0,252.63140869140625,182.09335327148438,377.0,190.0003662109375,-283.3875732421875,200.6760711669922,304.0002136230469,376.6973876953125,358.08404541015625,281.18084716796875,-231.28146362304688,197.0000457763672,312.8203430175781,412.655029296875,362.99993896484375,300.0000305175781,-231.9998016357422,201.67605590820312,313.32440185546875,402.062255859375,351.0400085449219,300.0175476074219,-223.8195343017578,205.0001220703125,309.8208312988281,376.5413513183594,348.0078125,294.0001220703125,-220.2197265625,386.0,258.0,81.9999771118164,423.6759948730469,237.0,-81.9999771118164,420.0,374.0,167.393310546875,476.9999084472656,361.0000915527344,-107.86426544189453,429.3773193359375,278.99224853515625,295.6144104003906,507.9999084472656,244.0,44.55018997192383,425.69775390625,255.9921875,311.7176513671875,510.99951171875,209.0003662109375,67.55157470703125,463.013671875,272.9966125488281,384.4283752441406,554.001220703125,223.0,122.96733856201172,
185.32398986816406,261.0,-228.35980224609375,173.00001525878906,255.0,-218.3812255859375,172.0,254.0,-218.3812255859375,171.0,253.0,-218.788330078125,176.0,253.0,-245.62277221679688,177.0,250.67596435546875,-245.85699462890625,177.00013732910156,248.0,-245.9530487060547,177.0,237.0,-148.01812744140625,186.0,229.0,-268.2753601074219,196.0,258.36761474609375,-197.97320556640625,198.63214111328125,256.0,-233.53799438476562,213.0,230.0,-34.29403305053711,272.0035095214844,208.0,-281.3700866699219,198.0,252.30242919921875,186.4535675048828,376.67608642578125,190.000244140625,-285.937255859375,200.3678436279297,304.0001220703125,382.7126159667969,358.0384216308594,281.0844421386719,-235.48948669433594,197.0,313.2401123046875,419.4978332519531,362.99993896484375,300.0000305175781,-236.35906982421875,201.36785888671875,313.63238525390625,408.3633117675781,350.6941833496094,300.0079650878906,-228.2749481201172,205.00003051757812,309.91644287109375,382.6309509277344,348.0035400390625,294.0,-224.461181640625,386.0,258.0,82.32390594482422,423.3677978515625,237.0,-82.32390594482422,420.0,374.0,168.18109130859375,476.99993896484375,361.0000915527344,-108.44500732421875,429.18438720703125,278.9965515136719,296.7644958496094,507.9999084472656,244.0,43.59114074707031,425.7015686035156,255.9964599609375,312.8133544921875,510.9997253417969,209.00018310546875,66.59175109863281,463.0060729980469,272.9985046386719,385.19696044921875,553.6765747070312,223.0,121.7939453125,
185.63214111328125,261.0,-228.11912536621094,173.0,255.0,-218.12884521484375,172.0,254.0,-218.12884521484375,171.0,253.0,-218.3634796142578,176.0,253.0,-245.28599548339844,177.0,250.36785888671875,-245.40347290039062,177.00003051757812,248.0,-245.44911193847656,177.0,237.0,-147.80291748046875,186.0,229.0,-268.12542724609375,196.0,258.1800537109375,-197.78221130371094,198.81982421875,256.0,-233.2472381591797,213.0,229.67608642578125,-33.617122650146484,272.00152587890625,208.0001220703125,-281.65301513671875,198.0,252.139892578125,187.86099243164062,376.3678283691406,190.000244140625,-287.488037109375,200.18014526367188,304.323974609375,384.7053527832031,358.0173645019531,281.03863525390625,-237.18948364257812,196.99998474121094,313.5938415527344,421.75531005859375,362.99993896484375,300.0000305175781,-238.1300506591797,201.18011474609375,313.8199768066406,410.5335998535156,350.37603759765625,300.00360107421875,-230.09158325195312,205.00001525878906,310.2857360839844,384.66619873046875,348.0015563964844,293.6761169433594,-226.1766357421875,386.0,258.0,82.63211059570312,423.1800842285156,237.0,-82.63211059570312,420.0,374.0,168.61021423339844,476.9999694824219,361.0000915527344,-108.74118041992188,429.0859680175781,278.99853515625,297.4076843261719,507.9999084472656,244.0,43.228485107421875,425.816650390625,255.9984130859375,313.4301452636719,510.6759338378906,209.0,66.22876739501953,463.0027160644531,272.9993591308594,385.9413146972656,553.3680419921875,223.0,121.64678955078125,
185.81982421875,261.0,-228.0433349609375,173.0,254.67608642578125,-218.0477294921875,172.0,254.0,-218.0477294921875,171.0,253.0,-218.16539001464844,176.0,253.0,-245.1299285888672,177.0,250.18017578125,-245.185302734375,177.32391357421875,248.0,-245.206298828125,177.0,237.0,-147.85198974609375,186.0,229.0,-268.0567932128906,196.0,258.08416748046875,-197.84259033203125,198.9158935546875,256.0,-233.1123504638672,213.0,229.367919921875,-33.608848571777344,272.0006408691406,208.0001220703125,-281.82928466796875,198.0,252.06378173828125,187.77931213378906,376.18011474609375,190.000244140625,-288.29052734375,199.76014709472656,304.6321716308594,384.114990234375,358.0078125,281.0175476074219,-237.41111755371094,196.676025390625,313.8025207519531,420.8592834472656,362.99993896484375,300.0000305175781,-238.3842010498047,201.08404541015625,313.916015625,409.7108154296875,350.1838073730469,300.0016784667969,-230.04281616210938,204.67605590820312,310.61480712890625,383.7729797363281,348.00067138671875,293.367919921875,-226.40528869628906,385.676025390625,258.0,82.81983947753906,423.08404541015625,237.0,-82.81983947753906,420.0,374.0,168.82020568847656,477.0,361.0000915527344,-108.8816909790039,429.039306640625,278.9993591308594,297.40203857421875,507.9999084472656,244.0,43.41752624511719,425.9058532714844,255.99932861328125,313.7362060546875,510.3677978515625,209.0,66.41764831542969,463.00115966796875,272.9997863769531,386.13165283203125,553.1802368164062,223.0,121.76880645751953,
185.9158935546875,261.0,-228.01742553710938,173.0,254.367919921875,-218.01942443847656,172.0,254.0,-218.01942443847656,171.0,253.0,-218.0748748779297,176.0,253.0,-245.05877685546875,177.0,250.0841064453125,-245.0841827392578,177.3081817626953,248.0,-245.4176788330078,177.0,237.0,-147.91973876953125,186.0,229.0,-267.70172119140625,196.0,258.0384521484375,-197.91546630859375,198.96151733398438,256.0,-233.0508270263672,213.0,229.18023681640625,-34.08578872680664,272.0002746582031,208.0001220703125,-281.5962219238281,198.0,252.0289306640625,184.5374755859375,376.08404541015625,190.00018310546875,-287.7029113769531,199.4062957763672,304.81988525390625,379.3065185546875,358.0035400390625,281.0079345703125,-235.97640991210938,196.36785888671875,313.90814208984375,415.3921203613281,362.99993896484375,300.0000305175781,-236.96424865722656,201.0384063720703,313.9616394042969,404.6376647949219,350.4096374511719,300.0007629394531,-228.64817810058594,204.36785888671875,310.81201171875,378.9901123046875,348.00030517578125,293.18023681640625,-225.2977294921875,385.3677978515625,258.0,82.59198760986328,423.0384216308594,237.0,-82.59198760986328,420.0,374.0,167.94638061523438,477.0,361.0000915527344,-108.29847717285156,429.0177917480469,278.999755859375,295.62335205078125,507.9999084472656,244.0,44.96813201904297,425.9552001953125,255.999755859375,311.93609619140625,510.1800842285156,209.0,67.96817779541016,463.00048828125,272.99993896484375,384.1637268066406,553.0841064453125,223.0,123.8232421875,
185.96151733398438,261.0,-228.00746154785156,173.0,254.18023681640625,-218.00836181640625,172.0,254.0,-218.00836181640625,171.0,253.0,-218.0338134765625,176.0,253.0,-245.02651977539062,177.0,250.03851318359375,-245.03810119628906,177.1876983642578,248.0,-245.35060119628906,177.0,237.0,-147.9611053466797,186.0,229.0,-267.37945556640625,196.0,258.01751708984375,-197.95916748046875,198.6586151123047,256.0,-233.02294921875,213.0,229.08416748046875,-34.83464431762695,272.00006103515625,208.0001220703125,-281.00738525390625,198.0,252.3370361328125,180.88912963867188,376.03839111328125,190.0001220703125,-286.6319580078125,199.1975555419922,304.916015625,374.033935546875,358.0015563964844,281.00360107421875,-234.6132049560547,196.18011474609375,313.95806884765625,409.6029052734375,362.99993896484375,300.0000305175781,-235.60772705078125,201.0174102783203,313.98260498046875,399.5213623046875,350.6712951660156,300.0003662109375,-227.09254455566406,204.1801300048828,310.9124450683594,373.842529296875,348.00006103515625,293.4080505371094,-223.9202423095703,385.5039978027344,258.0,82.32942199707031,423.0173645019531,237.0,-82.32942199707031,420.0,374.0,166.7426300048828,477.3239440917969,361.0000915527344,-107.06361389160156,429.3319091796875,278.99993896484375,293.3150939941406,507.9999084472656,244.0,47.014034271240234,425.9793395996094,255.99993896484375,309.50482177734375,510.0840148925781,209.0,70.01405334472656,463.0002136230469,272.9999694824219,381.6190490722656,553.0383911132812,223.32403564453125,126.05925750732422,
185.6586151123047,261.0,-228.97509765625,173.0,254.08416748046875,-219.2994384765625,172.0,254.0,-219.2994384765625,171.0,253.0,-219.3109893798828,176.0,253.0,-245.98374938964844,177.0,250.017578125,-245.98899841308594,177.09605407714844,248.0,-246.1786651611328,177.0,237.0,-149.27767944335938,186.0,229.0,-267.5093078613281,196.0,258.00799560546875,-198.95286560058594,198.35997009277344,256.0,-233.658203125,213.0,229.0384521484375,-37.01409149169922,272.0000305175781,208.0001220703125,-280.53143310546875,198.0,252.9620361328125,172.95648193359375,376.0174255371094,190.00006103515625,-284.22186279296875,199.09193420410156,304.9616394042969,362.12017822265625,358.00067138671875,281.3255615234375,-230.2249755859375,196.08404541015625,313.98101806640625,396.4224853515625,362.99993896484375,300.0000305175781,-230.89854431152344,201.0078582763672,313.9921875,387.1810302734375,350.83758544921875,300.32415771484375,-222.1687469482422,204.08404541015625,311.2839660644531,362.0224609375,348.0000305175781,293.9945373535156,-219.4121551513672,385.71612548828125,258.0,81.83877563476562,423.0078125,237.0,-81.83877563476562,420.0,374.0,164.59585571289062,477.6321105957031,361.0000915527344,-104.78936004638672,429.6357116699219,279.323974609375,288.13177490234375,507.9999084472656,244.0,51.70685958862305,425.9906005859375,256.32391357421875,303.90478515625,510.0383605957031,209.0,75.03079986572266,463.3240051269531,273.323974609375,375.9586486816406,553.0173950195312,223.6322021484375,131.73582458496094,
185.35997009277344,261.0,-232.81326293945312,173.0,254.0384521484375,-223.1216278076172,172.0,254.0,-223.1216278076172,171.0,253.0,-223.12686157226562,176.0,253.0,-249.16928100585938,177.0,250.0079345703125,-249.17166137695312,177.3695526123047,248.0,-249.26861572265625,177.0,237.0,-152.78781127929688,186.0,229.0,-268.36639404296875,196.0,258.003662109375,-202.47918701171875,198.1765594482422,256.0,-236.5364227294922,213.0,229.66534423828125,-40.813541412353516,272.0,208.0001220703125,-280.2567138671875,198.0,253.77862548828125,163.50411987304688,376.00787353515625,190.6478271484375,-281.59368896484375,199.04197692871094,305.30657958984375,349.6494140625,358.00030517578125,282.28076171875,-226.09011840820312,196.0384063720703,313.991455078125,383.2040100097656,362.99993896484375,300.64794921875,-226.4568634033203,201.0035400390625,313.99652099609375,375.2119140625,351.2478332519531,301.2801513671875,-217.59068298339844,204.0384063720703,311.614013671875,349.9269714355469,348.0,294.79339599609375,-215.18594360351562,385.8582458496094,258.0,81.12013244628906,423.0035400390625,237.0,-81.12013244628906,420.0,374.0,162.57235717773438,477.8197937011719,361.0000915527344,-101.69927978515625,429.8214111328125,279.9561462402344,284.1781311035156,507.9999084472656,244.0,56.885520935058594,425.9957580566406,256.9560546875,299.9159240722656,507.7498474121094,211.26763916015625,80.51764678955078,463.63214111328125,274.2800598144531,371.940673828125,553.0078735351562,223.8199462890625,137.49276733398438,
185.1765899658203,261.0,-237.445068359375,173.0,254.0174560546875,-227.95677185058594,172.0,254.0,-227.95677185058594,171.0,253.0,-227.9591522216797,176.0,253.0,-253.5065155029297,177.0,250.00360107421875,-253.50755310058594,177.65310668945312,248.0,-253.55360412597656,177.0,237.0,-156.9962615966797,186.0,229.0,-269.7714538574219,196.0,258.001708984375,-207.13230895996094,198.0824432373047,256.0,-240.0384521484375,213.0,230.59613037109375,-45.05316162109375,272.0,208.0001220703125,-280.1191101074219,198.0,254.69305419921875,155.61404418945312,376.0035095214844,191.5882568359375,-279.49835205078125,199.01901245117188,305.62432861328125,340.1024169921875,358.00006103515625,283.0844421386719,-223.19357299804688,196.34133911132812,314.3200988769531,373.3329162597656,362.99993896484375,301.2642822265625,-223.3732452392578,201.0015869140625,314.32244873046875,366.29095458984375,351.5972900390625,302.4081726074219,-214.43597412109375,204.01739501953125,312.1356506347656,340.71319580078125,347.99993896484375,295.69976806640625,-212.23912048339844,385.9332580566406,258.0,80.5829086303711,423.0015563964844,237.0,-80.5829086303711,420.0,374.0,160.96054077148438,477.9158630371094,360.6761779785156,-98.46312713623047,429.9165954589844,280.4520568847656,281.9864196777344,507.9999084472656,244.0,61.36098098754883,426.322021484375,257.4520263671875,297.4959716796875,504.61114501953125,214.07281494140625,85.18081665039062,463.81982421875,275.4081115722656,369.5071716308594,553.0035400390625,223.916015625,142.20591735839844,
185.0824737548828,261.0,-240.33119201660156,173.0,254.00799560546875,-230.73550415039062,172.0,254.0,-230.73550415039062,171.0,253.0,-230.73655700683594,176.0,252.6761474609375,-256.0005187988281,177.0,250.001708984375,-256.32489013671875,177.82936096191406,248.0,-256.3460998535156,177.0,237.0,-159.60545349121094,186.0,229.0,-271.8095397949219,196.0,258.0008544921875,-209.81747436523438,198.03768920898438,256.0,-242.46803283691406,213.0,231.2755126953125,-47.641902923583984,272.0,208.0001220703125,-280.7021789550781,198.3239288330078,255.006103515625,151.41395568847656,376.00152587890625,193.24371337890625,-278.8810119628906,199.0085906982422,306.4642333984375,336.71697998046875,358.0000305175781,284.20367431640625,-221.5490264892578,196.96392822265625,315.9261779785156,370.13916015625,362.99993896484375,302.2876281738281,-221.63290405273438,201.32464599609375,315.603271484375,363.3133850097656,351.8039855957031,303.51177978515625,-212.98558044433594,204.331787109375,313.5162353515625,337.52703857421875,347.99993896484375,296.6570129394531,-210.5700225830078,385.9693603515625,258.0,80.2800521850586,423.00067138671875,237.0,-80.2800521850586,420.0,374.0,160.29747009277344,477.9615173339844,360.367919921875,-95.29951477050781,430.2857666015625,280.73583984375,280.9142761230469,507.9999084472656,244.0,64.50508117675781,426.6312561035156,257.73583984375,296.5196838378906,503.9879150390625,214.70751953125,88.09706115722656,464.23980712890625,276.18780517578125,368.5247497558594,553.0015869140625,223.9615478515625,144.79336547851562,
185.36166381835938,261.0,-240.803466796875,173.0,254.00360107421875,-231.3607940673828,172.0,254.0,-231.3607940673828,171.0,253.0,-231.3612518310547,176.0,252.367919921875,-256.8076171875,177.0,250.0008544921875,-257.115966796875,177.92022705078125,248.0,-257.1256103515625,177.0,237.0,-160.58016967773438,186.0,229.0,-273.3375244140625,196.0,258.00042724609375,-210.3982696533203,198.01707458496094,256.0,-243.1466064453125,213.0,231.6533203125,-48.59881591796875,272.3239440917969,208.0001220703125,-281.288818359375,198.95606994628906,255.69586181640625,151.12515258789062,376.0006408691406,196.49169921875,-278.5191345214844,199.65174865722656,308.7983093261719,335.9764099121094,358.0,286.0295715332031,-220.7215118408203,198.10336303710938,318.96728515625,369.3276062011719,362.99993896484375,304.0679626464844,-221.08380126953125,202.28028869628906,318.6595764160156,361.1671447753906,352.232666015625,305.5411682128906,-212.405029296875,205.28353881835938,315.971923828125,336.56396484375,347.99993896484375,298.2855224609375,-210.05499267578125,385.98602294921875,258.0,79.80574798583984,423.0002746582031,236.67608642578125,-79.80574798583984,420.0,374.0,160.7384033203125,477.6585693359375,360.504150390625,-90.59290313720703,430.938720703125,281.2014465332031,280.41552734375,507.9999084472656,244.0,66.30123901367188,427.1433410644531,258.20147705078125,295.8626403808594,505.5870361328125,213.87481689453125,89.63066864013672,465.24151611328125,276.93719482421875,367.8648986816406,553.0006713867188,223.98260498046875,146.3334503173828,
185.64923095703125,261.0,-239.25344848632812,173.3239288330078,254.00164794921875,-230.32659912109375,172.32391357421875,253.6761474609375,-230.32659912109375,171.0,252.6761474609375,-230.32679748535156,176.0,252.18017578125,-255.3668670654297,177.0,250.00048828125,-255.8786163330078,177.9635009765625,247.6761474609375,-255.8829803466797,177.0,237.0,-160.87246704101562,186.3239288330078,228.6761474609375,-272.58099365234375,196.0,258.000244140625,-209.34359741210938,198.33164978027344,255.67608642578125,-241.88394165039062,213.0,231.83978271484375,-49.205230712890625,272.632080078125,208.0001220703125,-281.3268127441406,199.45193481445312,258.5643310546875,149.88528442382812,376.0002136230469,202.0068359375,-276.97723388671875,200.5899200439453,313.0287780761719,327.8094482421875,358.9717102050781,290.35723876953125,-218.71014404296875,200.2973175048828,324.2710266113281,359.7205505371094,363.9717102050781,308.0507507324219,-220.00755310058594,204.37994384765625,323.75958251953125,349.6182861328125,353.2382507324219,310.08538818359375,-212.1729736328125,207.0574951171875,320.477294921875,327.81292724609375,349.295654296875,302.8085632324219,-208.6705322265625,385.9936218261719,258.0,79.10304260253906,423.00006103515625,236.367919921875,-79.10304260253906,419.676025390625,374.0,161.94248962402344,477.3599548339844,360.7162170410156,-87.62974548339844,431.4441223144531,281.9002380371094,280.1880187988281,507.9999084472656,244.0,66.23619079589844,427.8717346191406,258.90020751953125,295.4407958984375,504.88226318359375,214.96270751953125,88.75105285644531,466.0666198730469,277.7777099609375,367.7657165527344,552.6763916015625,223.9921875,146.86434936523438,
185.82754516601562,261.0,-236.46595764160156,173.6321258544922,254.00079345703125,-227.97311401367188,172.63211059570312,253.367919921875,-227.97311401367188,171.3239288330078,252.367919921875,-228.2971649169922,176.0,252.0841064453125,-252.5540771484375,177.0,250.000244140625,-252.95840454101562,177.9834442138672,247.367919921875,-252.9604034423828,177.0,237.0,-160.6327667236328,186.63211059570312,228.367919921875,-270.17333984375,196.0,258.0,-207.62867736816406,198.63558959960938,255.367919921875,-239.2830047607422,213.0,232.25103759765625,-51.53648376464844,272.81982421875,208.0001220703125,-280.55682373046875,199.73573303222656,263.99688720703125,136.6199493408203,376.00006103515625,208.8741455078125,-272.04071044921875,202.24435424804688,319.57757568359375,295.5198669433594,359.8963623046875,297.8250427246094,-212.77781677246094,203.34210205078125,331.3288879394531,322.8566589355469,364.8963623046875,315.2008056640625,-216.16549682617188,207.0559539794922,330.6007995605469,311.34906005859375,354.7130126953125,317.3665466308594,-209.8085174560547,209.42449951171875,326.6290283203125,294.7255859375,351.1763610839844,310.51702880859375,-203.8795928955078,385.9970703125,258.0,77.27906036376953,423.0000305175781,236.18017578125,-77.27906036376953,418.71990966796875,373.6761169433594,163.88731384277344,476.85260009765625,360.85833740234375,-86.50853729248047,430.11248779296875,283.0745849609375,280.08489990234375,507.9999084472656,244.323974609375,57.31914520263672,426.793701171875,260.3985595703125,295.2107849121094,503.0238952636719,217.26239013671875,78.48322296142578,463.9562072753906,279.9905090332031,367.8433837890625,552.0440673828125,224.3204345703125,136.94630432128906,
185.9193878173828,261.0,-234.3314208984375,173.81982421875,254.00048828125,-226.09251403808594,172.81980895996094,253.18023681640625,-226.09251403808594,171.63211059570312,252.18017578125,-226.4007568359375,176.0,252.0384521484375,-250.3802032470703,177.0,249.67620849609375,-250.6136016845703,177.99249267578125,247.18017578125,-250.61447143554688,177.0,237.0,-160.3511505126953,186.81982421875,227.85626220703125,-268.52740478515625,196.0,258.0,-206.03631591796875,198.82138061523438,255.1802978515625,-237.24569702148438,212.6760711669922,232.923095703125,-54.893463134765625,272.9158935546875,207.67626953125,-279.84124755859375,200.2013702392578,269.23980712890625,124.08231353759766,375.6760559082031,215.7261962890625,-268.80072021484375,204.52017211914062,326.4985046386719,263.2218933105469,360.45947265625,305.88330078125,-209.3704071044922,206.55592346191406,339.3915100097656,286.3468017578125,365.45947265625,324.36273193359375,-212.83840942382812,210.26490783691406,338.20208740234375,273.08837890625,355.4873962402344,326.4837646484375,-208.58084106445312,212.12139892578125,333.7344970703125,261.5217590332031,352.21966552734375,319.3784484863281,-200.72344970703125,385.9986572265625,258.0,75.09994506835938,423.0,235.76025390625,-75.09994506835938,416.9440002441406,373.04400634765625,167.64027404785156,476.1263732910156,360.93341064453125,-87.78216552734375,426.7716064453125,284.63653564453125,285.22125244140625,507.9999084472656,244.95611572265625,43.75789260864258,423.2900390625,262.2686767578125,300.2804260253906,500.92803955078125,219.37139892578125,63.56489944458008,458.493408203125,282.507568359375,373.74835205078125,551.22412109375,224.630615234375,121.25548553466797,
185.9630889892578,261.0,-239.27603149414062,173.91590881347656,254.00030517578125,-231.48895263671875,172.91590881347656,253.08416748046875,-231.48895263671875,171.81982421875,252.0841064453125,-231.6766815185547,176.3239288330078,252.0174560546875,-255.6238250732422,177.32391357421875,249.367919921875,-255.7409210205078,178.32052612304688,246.76019287109375,-255.74131774902344,177.0,237.0,-165.3560333251953,186.91587829589844,227.4520263671875,-272.5556640625,196.3239288330078,258.32403564453125,-210.52627563476562,199.24053955078125,255.4080810546875,-241.5889129638672,211.71998596191406,234.73284912109375,-61.892337799072266,273.28546142578125,207.0440673828125,-283.6216735839844,200.90016174316406,277.7962341308594,106.68856048583984,374.07208251953125,223.860107421875,-270.4819641113281,207.49078369140625,335.0591735839844,223.7745361328125,360.4237976074219,314.2627868652344,-210.5450897216797,210.03306579589844,349.2522888183594,243.00733947753906,365.4237976074219,334.5248718261719,-217.0220489501953,213.85311889648438,347.35931396484375,227.7926483154297,355.47314453125,336.9143981933594,-213.03172302246094,215.30519104003906,342.2908020019531,220.79347229003906,352.3471984863281,329.7511291503906,-202.77020263671875,385.9993591308594,258.32403564453125,73.90828704833984,422.9999084472656,235.406494140625,-73.90828704833984,415.2240295410156,372.8719482421875,166.43032836914062,475.26177978515625,360.9695129394531,-91.81004333496094,424.0513610839844,285.7763366699219,288.8355712890625,507.9999084472656,245.4520263671875,34.395835876464844,420.6693115234375,263.920166015625,304.5105895996094,499.49224853515625,221.01715087890625,52.98408508300781,454.99578857421875,283.9004821777344,377.3951416015625,550.632080078125,224.8192138671875,112.17097473144531,
186.30718994140625,261.0,-249.71273803710938,173.96151733398438,254.0,-241.97027587890625,172.9615478515625,253.0384521484375,-241.97027587890625,171.91587829589844,252.0384521484375,-242.39027404785156,176.63211059570312,252.0079345703125,-266.679931640625,177.63211059570312,249.18023681640625,-266.735107421875,178.6305694580078,246.4063720703125,-266.7353210449219,177.0,237.0,-174.40614318847656,187.28546142578125,227.21868896484375,-281.9786682128906,196.63211059570312,258.9560546875,-219.76266479492188,199.59396362304688,255.670654296875,-251.10675048828125,210.59193420410156,237.22943115234375,-69.85103607177734,274.5864562988281,206.548095703125,-292.59185791015625,202.39842224121094,285.81036376953125,90.90670013427734,371.6797790527344,233.92999267578125,-277.0833740234375,210.6343231201172,344.52947998046875,189.8407745361328,359.6046447753906,322.9165344238281,-215.37071228027344,213.7473907470703,359.61065673828125,207.1452178955078,364.6046447753906,344.49932861328125,-225.4428253173828,217.6548309326172,357.5115051269531,189.2758026123047,354.3119201660156,346.8393249511719,-220.77621459960938,218.87347412109375,351.9975280761719,185.57101440429688,351.578125,339.72796630859375,-208.40353393554688,385.99969482421875,258.6322021484375,73.3871078491211,422.9999084472656,235.19769287109375,-73.3871078491211,411.5234069824219,372.8963928222656,162.8624267578125,474.6492004394531,360.9861755371094,-95.17935180664062,422.79962158203125,285.4416198730469,288.65313720703125,507.67596435546875,245.73583984375,40.7523307800293,419.2541198730469,263.34173583984375,304.6057434082031,498.38641357421875,222.6650390625,59.84831237792969,454.29888916015625,281.6084289550781,377.00244140625,549.9786987304688,225.2396240234375,120.3987045288086,
186.62454223632812,261.0,-255.33631896972656,173.9825439453125,254.0,-247.5010986328125,172.9825439453125,253.01751708984375,-247.5010986328125,171.96153259277344,252.0174560546875,-247.85494995117188,176.81982421875,252.00360107421875,-272.4695129394531,177.81980895996094,249.08416748046875,-272.49481201171875,178.81910705566406,246.19769287109375,-272.4949035644531,177.0,237.0,-178.7807159423828,187.6146697998047,227.1015625,-289.5529479980469,196.81982421875,259.4520263671875,-224.7408905029297,199.80250549316406,256.16119384765625,-256.38043212890625,209.81224060058594,239.05029296875,-73.69737243652344,276.3561706542969,206.26434326171875,-301.4790344238281,203.94459533691406,291.882568359375,78.98814392089844,368.93646240234375,243.149658203125,-284.6058044433594,213.74676513671875,353.6926574707031,159.71286010742188,357.56781005859375,331.74383544921875,-220.39242553710938,217.60691833496094,368.9319152832031,174.29708862304688,362.8917236328125,354.0649719238281,-233.22311401367188,221.5628662109375,366.5174560546875,153.8012237548828,352.9234313964844,356.26739501953125,-227.6106719970703,222.66439819335938,361.3993225097656,153.94024658203125,349.5575256347656,348.8840637207031,-213.91799926757812,385.9997863769531,258.8199462890625,74.13999938964844,422.67596435546875,235.092041015625,-74.13999938964844,408.7935485839844,373.266357421875,157.4678955078125,474.3104248046875,360.9937438964844,-96.1764144897461,425.55657958984375,283.8604431152344,284.9945983886719,507.04388427734375,245.87744140625,55.300941467285156,418.8976135253906,261.0535888671875,301.00762939453125,498.66729736328125,222.830078125,75.8565673828125,457.3999938964844,277.8062438964844,373.17486572265625,549.183837890625,225.91754150390625,136.52499389648438,
186.81642150878906,261.0,-256.2744140625,173.9920654296875,254.0,-248.36009216308594,172.99209594726562,253.00799560546875,-248.36009216308594,171.9825439453125,252.0079345703125,-248.56883239746094,176.91587829589844,252.001708984375,-273.70428466796875,177.91590881347656,249.0384521484375,-273.71575927734375,178.9155731201172,246.09210205078125,-273.7158203125,177.0,237.0,-179.3006134033203,187.81195068359375,227.04644775390625,-293.9198913574219,196.91587829589844,259.73583984375,-225.42832946777344,199.90809631347656,256.555908203125,-257.8990478515625,209.38674926757812,240.0660400390625,-74.48640441894531,277.96002197265625,206.12261962890625,-307.87249755859375,205.287841796875,295.8202209472656,71.56562042236328,366.69488525390625,249.3812255859375,-290.69219970703125,216.16085815429688,360.08892822265625,139.43246459960938,355.24432373046875,338.39495849609375,-224.32681274414062,220.5694122314453,375.2554016113281,151.8621368408203,361.20037841796875,361.0810852050781,-238.7770233154297,224.54913330078125,372.57159423828125,129.63272094726562,351.65228271484375,363.183837890625,-232.48953247070312,225.59544372558594,367.9443664550781,132.58351135253906,347.239990234375,355.52301025390625,-218.1051788330078,385.99981689453125,258.916015625,75.2947998046875,422.3678283691406,235.0421142578125,-75.2947998046875,407.31549072265625,373.92791748046875,152.4407501220703,473.8194885253906,360.9972229003906,-95.27130126953125,429.4255065917969,281.8725891113281,281.09881591796875,506.5479736328125,245.9442138671875,67.59381103515625,419.216064453125,258.499267578125,297.1133117675781,499.549560546875,221.8831787109375,89.31206512451172,461.38323974609375,274.3521728515625,369.1847229003906,548.287841796875,226.75848388671875,149.73513793945312,
186.91436767578125,261.0,-255.23756408691406,173.99639892578125,254.0,-247.27850341796875,172.9964141845703,253.003662109375,-247.27850341796875,171.99208068847656,252.00360107421875,-247.3841552734375,176.96153259277344,252.00079345703125,-273.5762023925781,177.9615478515625,249.0174560546875,-273.5814208984375,178.96139526367188,246.04205322265625,-273.5814514160156,177.0,237.0,-178.1964111328125,187.91233825683594,227.02105712890625,-298.69818115234375,196.96153259277344,259.87750244140625,-224.62342834472656,199.95802307128906,256.78497314453125,-258.4527893066406,209.5023193359375,240.56817626953125,-73.7409896850586,278.9794616699219,206.0560302734375,-316.0713195800781,206.46539306640625,299.28472900390625,69.54335021972656,364.3599853515625,254.11883544921875,-301.1902770996094,218.5746612548828,365.6144104003906,129.24124145507812,353.3283386230469,344.8762512207031,-235.4400177001953,222.96690368652344,380.37896728515625,140.41925048828125,359.1324462890625,367.4093933105469,-252.0115509033203,226.95767211914062,377.5335998535156,116.28717041015625,349.5357666015625,369.4580383300781,-245.0277862548828,227.97866821289062,373.2227783203125,121.46893310546875,344.6785888671875,361.62493896484375,-229.0147247314453,386.6477355957031,258.9615478515625,77.74466705322266,422.18011474609375,235.0191650390625,-77.74466705322266,406.9264221191406,374.7628173828125,149.87289428710938,473.43316650390625,360.998779296875,-94.25130462646484,433.44805908203125,280.47247314453125,282.12030029296875,506.26416015625,245.9747314453125,77.2126693725586,421.1890869140625,256.7745361328125,298.7764587402344,500.567138671875,220.68768310546875,99.91939544677734,466.4082946777344,271.8475341796875,369.83587646484375,547.6610107421875,227.36004638671875,159.16629028320312,
186.96084594726562,261.0,-256.1481018066406,173.99835205078125,254.0,-248.16697692871094,172.9983673095703,253.001708984375,-248.16697692871094,171.9964141845703,252.001708984375,-248.2169647216797,176.9825439453125,252.00042724609375,-275.58477783203125,177.9825439453125,249.00799560546875,-275.9111022949219,178.98248291015625,246.0191650390625,-275.9111022949219,177.32391357421875,237.0,-179.11715698242188,187.95994567871094,227.00958251953125,-304.7847595214844,197.3064727783203,259.9442138671875,-225.48265075683594,199.98095703125,256.900146484375,-260.99658203125,210.36117553710938,240.4793701171875,-76.51190185546875,280.166015625,206.349365234375,-323.53106689453125,207.8740234375,302.242919921875,60.70859909057617,362.4050598144531,259.64794921875,-310.2259216308594,220.56541442871094,370.8675231933594,111.36907958984375,351.8300476074219,353.5328674316406,-245.63275146484375,224.8019256591797,385.9258728027344,120.2970962524414,356.6536560058594,375.83599853515625,-264.4776306152344,228.79776000976562,382.6741027832031,94.7874526977539,345.9216003417969,377.5343933105469,-256.67864990234375,229.80722045898438,378.20440673828125,102.668212890625,341.5931396484375,369.9364013671875,-239.27857971191406,387.5881042480469,258.98260498046875,79.74324035644531,422.08404541015625,235.0086669921875,-79.74324035644531,406.5814208984375,375.3619689941406,148.13943481445312,473.2096862792969,360.99951171875,-92.3189697265625,436.1727600097656,279.70257568359375,285.1327819824219,506.1224670410156,245.98858642578125,82.48068237304688,422.94940185546875,255.84271240234375,302.72503662109375,500.2967834472656,220.183837890625,105.178955078125,469.7415771484375,270.3917236328125,372.8425598144531,547.315673828125,227.69384765625,162.7388916015625,
186.98223876953125,261.0,-262.8849792480469,173.99925231933594,254.0,-254.89353942871094,172.999267578125,253.0008544921875,-254.89353942871094,171.99838256835938,252.00079345703125,-254.91648864746094,176.99208068847656,252.00018310546875,-283.4099426269531,177.99209594726562,249.00360107421875,-283.71923828125,178.99205017089844,246.0086669921875,-283.71923828125,177.63211059570312,236.67608642578125,-185.54457092285156,187.98182678222656,227.00433349609375,-314.40728759765625,197.6242218017578,259.9747314453125,-231.7603302001953,200.3153076171875,256.95452880859375,-268.8028564453125,211.7686767578125,239.954833984375,-83.95210266113281,281.36669921875,207.29144287109375,-332.479248046875,209.2212371826172,305.0893249511719,46.77777862548828,360.2233581542969,268.20013427734375,-319.913818359375,222.43936157226562,376.6422119140625,87.31546783447266,350.2626647949219,362.5738220214844,-258.38214111328125,226.5596466064453,392.1063537597656,94.08094787597656,354.5600891113281,384.72467041015625,-279.4232177734375,230.55776977539062,388.8310852050781,66.8255386352539,342.7851257324219,386.10272216796875,-271.3667297363281,231.885986328125,383.8083190917969,77.65584564208984,339.0501403808594,379.094482421875,-252.17364501953125,388.271728515625,258.9921875,80.90655517578125,422.03839111328125,235.00396728515625,-80.90655517578125,407.93084716796875,375.69464111328125,145.7798614501953,473.097412109375,361.32373046875,-91.08252716064453,439.59771728515625,278.676513671875,289.0893249511719,505.7319030761719,245.99493408203125,84.6423110961914,424.9723815917969,254.74041748046875,307.36297607421875,500.40301513671875,219.39337158203125,107.0675048828125,472.77587890625,268.03094482421875,376.5858154296875,547.1458129882812,227.8585205078125,162.74386596679688,
186.99195861816406,261.0,-268.93731689453125,173.99966430664062,254.0,-260.9411926269531,172.99966430664062,253.00042724609375,-260.9411926269531,171.99925231933594,252.00042724609375,-260.95159912109375,176.9964141845703,252.0,-290.5127258300781,177.9964141845703,249.00164794921875,-290.7008972167969,178.99639892578125,246.00396728515625,-290.7008972167969,177.81980895996094,236.04400634765625,-190.6494598388672,187.99179077148438,227.001953125,-322.79498291015625,197.8162384033203,259.9886474609375,-237.08251953125,200.6282196044922,256.9794921875,-275.4254150390625,213.4842987060547,238.85986328125,-88.78839874267578,282.1711120605469,209.06109619140625,-341.57647705078125,210.4267120361328,307.9783935546875,35.02854537963867,356.39874267578125,277.35955810546875,-329.0057373046875,224.6673583984375,381.9958190917969,62.33388900756836,347.2213134765625,370.9496154785156,-270.37799072265625,228.72433471679688,398.37646484375,66.74409484863281,351.64996337890625,392.696533203125,-293.849365234375,232.72344970703125,395.52764892578125,37.85565185546875,339.57177734375,393.88128662109375,-285.77813720703125,234.3575439453125,390.04541015625,51.694740295410156,335.88592529296875,387.3494873046875,-264.59649658203125,388.9754943847656,258.9964599609375,82.46368408203125,422.0173645019531,235.3258056640625,-82.46368408203125,411.9039001464844,375.8588562011719,144.30580139160156,473.04443359375,361.6320495605469,-91.45585632324219,443.79156494140625,277.2355651855469,294.5389404296875,505.3931579589844,245.673828125,84.80738830566406,432.26165771484375,252.940673828125,313.83935546875,499.02423095703125,219.39208984375,107.02455139160156,476.4546203613281,263.86968994140625,381.8144226074219,547.0663452148438,227.93560791015625,161.3946990966797,
186.99636840820312,261.0,-277.4159851074219,173.99981689453125,254.0,-269.0938415527344,172.99984741210938,253.000244140625,-269.0938415527344,171.99964904785156,252.00018310546875,-269.4224548339844,176.99838256835938,252.0,-300.0162658691406,177.9983673095703,249.00079345703125,-300.1125183105469,178.99835205078125,246.00177001953125,-300.1125183105469,177.91590881347656,235.548095703125,-197.680419921875,187.9962921142578,227.00091552734375,-333.4605712890625,197.91424560546875,259.994873046875,-244.68809509277344,200.81805419921875,256.9908447265625,-284.18048095703125,214.70480346679688,237.9818115234375,-94.36243438720703,282.6061096191406,211.42620849609375,-352.8719177246094,211.53082275390625,310.91845703125,22.401939392089844,352.402099609375,285.19061279296875,-339.8064270019531,227.2467803955078,387.09161376953125,37.687034606933594,343.79290771484375,379.33551025390625,-283.65252685546875,230.94903564453125,404.55413818359375,39.79458999633789,348.1407470703125,400.4119567871094,-309.1598205566406,234.94866943359375,402.096923828125,9.530313491821289,336.37542724609375,401.1741943359375,-301.11688232421875,236.76939392089844,396.0235900878906,26.381393432617188,332.5740051269531,394.9172668457031,-277.910888671875,389.4710388183594,258.99847412109375,84.31231689453125,422.33172607421875,235.63299560546875,-84.31231689453125,416.8466796875,375.9356994628906,143.5880126953125,473.0201110839844,362.143798828125,-93.08389282226562,448.0928039550781,275.51507568359375,300.21484375,505.1915283203125,245.36688232421875,84.18152618408203,440.2447814941406,250.5721435546875,320.3185729980469,497.0102233886719,220.27423095703125,106.28456115722656,480.7454833984375,259.9632568359375,387.027099609375,547.0299682617188,227.64697265625,159.93826293945312,
186.99835205078125,261.0,-283.8780822753906,173.99993896484375,254.0,-275.5706787109375,172.99990844726562,253.0,-275.5706787109375,171.9998321533203,252.0,-275.88104248046875,176.99925231933594,252.0,-307.4899597167969,177.999267578125,249.00048828125,-307.53570556640625,178.99925231933594,246.0008544921875,-307.53570556640625,177.9615478515625,235.26434326171875,-203.05661010742188,187.99832153320312,227.00048828125,-342.025146484375,197.96078491210938,259.99774169921875,-250.8562469482422,200.9151153564453,256.995849609375,-291.0949401855469,215.70448303222656,237.15069580078125,-98.16268157958984,282.4945068359375,213.474365234375,-362.085205078125,212.58009338378906,313.2415771484375,14.463089942932129,349.4103698730469,290.1028747558594,-348.908203125,229.39306640625,390.8133850097656,22.430994033813477,341.118408203125,385.0426025390625,-294.3252868652344,232.77284240722656,409.02752685546875,23.00666046142578,344.9984130859375,405.6053771972656,-321.4121398925781,236.77267456054688,406.8047790527344,-8.124513626098633,333.9016418457031,406.3365173339844,-313.3906555175781,238.68898010253906,400.6129455566406,10.761863708496094,330.00433349609375,400.2173156738281,-288.81396484375,389.7464599609375,258.9993896484375,85.94258880615234,422.6356201171875,236.1441650390625,-85.94258880615234,420.6552429199219,375.9709167480469,143.587158203125,473.0090637207031,362.548095703125,-95.10038757324219,451.3192138671875,273.9705505371094,304.6912841796875,505.0892028808594,245.17974853515625,83.30338287353516,446.2169494628906,248.5245361328125,325.2578430175781,496.5223388671875,221.0726318359375,105.35078430175781,484.4294128417969,257.154541015625,391.1229553222656,547.0134887695312,227.354736328125,158.65260314941406,
186.99923706054688,261.0,-291.7760314941406,173.99996948242188,254.0,-283.9125671386719,172.99990844726562,253.0,-283.9125671386719,171.9999237060547,252.0,-284.1012878417969,176.99964904785156,252.0,-315.74530029296875,177.99966430664062,249.00030517578125,-315.7663879394531,178.99966430664062,246.00048828125,-315.7663879394531,177.9825439453125,235.12255859375,-210.3422088623047,187.9992218017578,227.000244140625,-350.03076171875,198.30615234375,259.9990234375,-258.3969421386719,200.96116638183594,256.67425537109375,-299.0357360839844,216.34584045410156,236.5882568359375,-104.40396118164062,282.28521728515625,214.74566650390625,-369.5740051269531,213.27880859375,315.6116943359375,2.6680359840393066,347.0174560546875,293.9850769042969,-356.44830322265625,231.0327606201172,394.25775146484375,3.9929556846618652,338.8823547363281,389.1313781738281,-304.3190002441406,234.54225158691406,412.8832702636719,2.7697863578796387,342.67730712890625,409.72613525390625,-332.6930847167969,238.54217529296875,410.779541015625,-29.14358901977539,332.1029052734375,410.5563049316406,-324.6829833984375,240.50390625,404.6448974609375,-8.502211570739746,328.15179443359375,404.177978515625,-299.0367736816406,389.8826599121094,259.32373046875,86.9720458984375,422.82135009765625,236.5482177734375,-86.9720458984375,423.8529052734375,375.9869079589844,141.48275756835938,473.00408935546875,362.78143310546875,-97.16284942626953,454.4983215332031,272.66302490234375,306.4110412597656,505.0407409667969,245.08392333984375,82.34727478027344,450.0149841308594,246.60601806640625,327.209716796875,496.96142578125,221.22467041015625,104.6927490234375,487.3730163574219,255.21270751953125,392.62042236328125,547.0060424804688,227.17431640625,157.1822967529297,
186.99964904785156,261.0,-299.8917236328125,173.99996948242188,254.0,-292.1040344238281,172.9999542236328,253.0,-292.1040344238281,171.99998474121094,252.0,-292.2005310058594,176.9998321533203,252.0,-323.9231262207031,177.99984741210938,249.0,-323.93267822265625,178.99981689453125,246.00018310546875,-323.93267822265625,177.99209594726562,235.055908203125,-216.85816955566406,187.9996337890625,227.00006103515625,-357.67376708984375,198.62405395507812,259.99957275390625,-265.9000244140625,201.30630493164062,256.3670654296875,-306.73358154296875,216.68942260742188,236.28076171875,-110.03697204589844,282.1427307128906,215.7337646484375,-376.8689270019531,213.9809112548828,318.2301330566406,-7.5806050300598145,344.86566162109375,297.1144104003906,-366.06884765625,232.34918212890625,397.87384033203125,-12.411138534545898,336.1562194824219,392.2330322265625,-318.15234375,235.74391174316406,416.7010192871094,-14.962458610534668,340.3411865234375,413.3145751953125,-348.3089599609375,239.41995239257812,414.9775390625,-48.05362319946289,329.7406921386719,414.2265930175781,-339.98040771484375,241.72650146484375,408.5816345214844,-25.605878829956055,325.7632141113281,407.245849609375,-313.0130920410156,389.946533203125,259.95599365234375,87.5148696899414,422.91656494140625,237.10546875,-87.5148696899414,426.2315979003906,375.994140625,140.09600830078125,473.0018005371094,362.8985290527344,-98.23200988769531,457.3369140625,271.83416748046875,310.4390869140625,505.01837158203125,245.0384521484375,84.2802505493164,452.4112854003906,245.00189208984375,331.671142578125,497.43402099609375,221.15777587890625,106.92210388183594,489.1925964355469,253.7611083984375,396.8603820800781,547.002685546875,227.0814208984375,157.74827575683594,
186.9998321533203,261.0,-305.67987060546875,173.99996948242188,254.0,-297.822021484375,173.0,253.0,-297.822021484375,172.0,252.0,-297.867919921875,176.9999237060547,252.0,-329.3808898925781,177.99990844726562,249.0,-329.7091979980469,178.99993896484375,246.00006103515625,-329.7091979980469,178.32034301757812,234.7015380859375,-221.2708740234375,187.9998321533203,227.0,-362.1107177734375,198.81617736816406,259.9998779296875,-271.20965576171875,201.62413024902344,256.1798095703125,-311.80999755859375,216.85684204101562,236.45361328125,-114.51798248291016,282.067138671875,216.36126708984375,-380.5279541015625,214.7978515625,321.359130859375,-14.838537216186523,342.4801330566406,300.0328063964844,-372.5680236816406,233.1735076904297,402.31683349609375,-22.4123477935791,332.8641052246094,394.7746887207031,-329.8790283203125,236.7246856689453,420.914306640625,-25.390932083129883,337.0986328125,416.6077880859375,-361.06585693359375,240.09255981445312,419.52490234375,-59.38917922973633,326.9861145019531,417.24188232421875,-352.7555847167969,242.39291381835938,413.1819152832031,-36.02056121826172,322.99639892578125,410.1026916503906,-324.81378173828125,389.9757080078125,261.09979248046875,87.77702331542969,422.9618225097656,237.53070068359375,-87.77702331542969,427.9633483886719,375.99737548828125,136.873779296875,473.0007629394531,363.2776794433594,-98.35664367675781,459.1594543457031,271.0706787109375,313.9309387207031,505.00823974609375,245.0174560546875,85.73759460449219,454.0690612792969,243.99908447265625,334.54962158203125,498.04742431640625,221.08428955078125,108.23789978027344,490.4714050292969,252.8760986328125,399.6357116699219,547.001220703125,226.71331787109375,156.4342041015625,
186.9999237060547,261.0,-309.92034912109375,173.99996948242188,254.0,-301.9954528808594,173.0,253.0,-301.9954528808594,172.0,252.0,-302.01654052734375,176.99998474121094,252.0,-333.6255798339844,177.99990844726562,249.0,-333.9357604980469,178.99996948242188,246.0,-333.9357604980469,178.6304931640625,234.37939453125,-225.01904296875,187.99990844726562,227.0,-365.8634338378906,198.91424560546875,259.99993896484375,-274.85205078125,201.81622314453125,256.083984375,-315.50958251953125,216.93484497070312,237.01513671875,-117.92082214355469,282.03076171875,216.69677734375,-383.9461975097656,216.02781677246094,324.2508544921875,-20.315032958984375,339.4978332519531,302.6292419433594,-379.55389404296875,233.60928344726562,406.83441162109375,-29.47421646118164,328.8894958496094,397.35321044921875,-342.2138671875,237.6793212890625,425.16668701171875,-32.518768310546875,333.68963623046875,419.74700927734375,-374.83563232421875,240.85948181152344,423.9767761230469,-67.35943603515625,324.0755615234375,420.7433776855469,-366.32305908203125,243.0436553955078,418.0968933105469,-43.29182434082031,319.4323425292969,413.3107604980469,-337.5079650878906,389.98895263671875,262.00006103515625,87.89865112304688,422.9826354980469,237.77362060546875,-87.89865112304688,429.3184509277344,375.9988708496094,134.467529296875,473.00030517578125,363.28729248046875,-98.23098754882812,460.45294189453125,269.90167236328125,314.7191162109375,505.0036926269531,245.0078125,86.1221694946289,455.04718017578125,242.82354736328125,334.623779296875,498.5032653808594,221.0406494140625,108.4079360961914,491.564208984375,252.08917236328125,399.9866638183594,547.0005493164062,226.0609130859375,154.60072326660156,
186.99998474121094,261.0,-312.80291748046875,174.3238983154297,254.0,-304.8389892578125,173.0,253.0,-304.8389892578125,172.32391357421875,251.67608642578125,-304.84857177734375,177.0,251.67608642578125,-336.6216125488281,177.9999542236328,249.0,-336.81024169921875,178.99996948242188,246.0,-336.81024169921875,178.81910705566406,234.18536376953125,-227.7958221435547,187.99990844726562,227.0,-368.6958923339844,199.2847137451172,260.0,-277.289306640625,201.91427612304688,256.0384521484375,-318.08612060546875,216.97048950195312,237.47882080078125,-120.3029556274414,282.01397705078125,216.8602294921875,-386.6973571777344,216.9674072265625,326.4399719238281,-24.31715965270996,337.006103515625,304.6271667480469,-384.9022216796875,233.8202362060547,409.86834716796875,-34.722900390625,325.716552734375,399.45440673828125,-351.4929504394531,238.32591247558594,428.03240966796875,-38.07953643798828,330.736572265625,422.1634521484375,-384.9126281738281,241.73394775390625,427.26788330078125,-73.48749542236328,320.7859802246094,423.2750549316406,-376.5079650878906,243.5045166015625,421.4726257324219,-48.639583587646484,316.49560546875,415.906982421875,-346.78765869140625,389.9950256347656,262.5172119140625,87.95413208007812,422.99212646484375,238.21893310546875,-87.95413208007812,430.4836730957031,375.99951171875,132.51390075683594,473.0000915527344,363.1783142089844,-98.11992645263672,461.5552062988281,268.99853515625,313.89837646484375,505.0016784667969,245.00360107421875,85.80062866210938,455.876220703125,241.6285400390625,333.3462829589844,498.76092529296875,221.018798828125,107.94322204589844,492.2738037109375,251.5577392578125,399.3199157714844,547.3240966796875,225.55572509765625,152.6747589111328,
187.0,261.0,-315.0924072265625,174.632080078125,254.0,-307.4329833984375,173.3239288330078,253.0,-307.4329833984375,172.63211059570312,251.367919921875,-307.4373779296875,177.0,251.367919921875,-339.32330322265625,178.0,249.0,-339.419677734375,178.99996948242188,246.0,-339.419677734375,178.9155731201172,234.08648681640625,-230.07705688476562,187.9999542236328,227.0,-370.7005615234375,199.61431884765625,260.0,-279.6506042480469,201.96080017089844,256.0174560546875,-320.22357177734375,216.9866485595703,238.07196044921875,-122.97705841064453,282.0063171386719,216.93646240234375,-388.69232177734375,217.8263397216797,328.064697265625,-28.636276245117188,334.5136413574219,306.8002014160156,-388.9990539550781,234.5661163330078,412.8067932128906,-40.48145294189453,323.50006103515625,401.7109680175781,-358.826904296875,239.3265380859375,430.55975341796875,-44.454776763916016,328.54583740234375,424.5763244628906,-392.9104919433594,242.67318725585938,430.15142822265625,-80.17237091064453,318.139892578125,425.34002685546875,-384.3529968261719,244.08595275878906,424.6141052246094,-54.767608642578125,314.3975524902344,418.447021484375,-354.008544921875,389.9977111816406,263.0999755859375,87.97926330566406,422.9964294433594,238.58428955078125,-87.97926330566406,431.2351989746094,375.9997863769531,131.91558837890625,473.0000305175781,363.415771484375,-95.78964233398438,461.94573974609375,268.15789794921875,313.0334777832031,505.000732421875,245.001708984375,86.08775329589844,456.4266052246094,240.82666015625,332.5674133300781,498.88922119140625,221.0086669921875,108.15479278564453,492.6551208496094,251.26654052734375,398.37945556640625,547.6321411132812,225.2677001953125,152.0117950439453,
187.32391357421875,261.0,-316.2145080566406,174.81980895996094,254.0,-308.8542785644531,173.6321258544922,253.0,-308.8542785644531,172.81980895996094,251.18017578125,-308.8562927246094,177.32391357421875,251.18017578125,-340.47845458984375,178.0,249.0,-340.5242919921875,179.3238983154297,246.0,-340.5242919921875,178.96139526367188,234.03961181640625,-231.85305786132812,188.0,227.0,-370.89990234375,199.81175231933594,260.0,-280.9552917480469,202.30615234375,256.00787353515625,-321.2743225097656,216.9939727783203,238.51513671875,-125.88363647460938,282.0028076171875,216.9713134765625,-388.5704040527344,218.725341796875,329.68975830078125,-34.6253776550293,332.1530456542969,309.31805419921875,-390.86181640625,235.55117797851562,415.48992919921875,-48.156986236572266,320.9256896972656,403.6276550292969,-364.0546875,240.43983459472656,433.2169494628906,-52.6171989440918,325.955322265625,426.5662841796875,-398.5843811035156,243.64500427246094,432.6944885253906,-88.16285705566406,315.89862060546875,427.3067321777344,-389.5111389160156,244.84584045410156,427.72412109375,-62.44810104370117,311.8788757324219,420.82916259765625,-359.1479797363281,389.99896240234375,263.52996826171875,87.66670227050781,422.9983825683594,238.79815673828125,-87.66670227050781,431.63726806640625,375.6759948730469,132.18972778320312,473.0,363.6758728027344,-89.71424865722656,462.0211181640625,267.5914306640625,312.1809387207031,505.0002746582031,245.0008544921875,88.42362213134766,457.0503845214844,240.0689697265625,332.233154296875,499.27337646484375,220.6800537109375,110.13043212890625,492.84100341796875,251.1231689453125,397.3843078613281,547.81982421875,225.1241455078125,153.20968627929688,
187.63211059570312,261.0,-317.3233642578125,174.91587829589844,254.0,-310.1466369628906,173.81982421875,253.0,-310.1466369628906,172.91590881347656,251.0841064453125,-310.1475524902344,177.63211059570312,251.0841064453125,-341.166748046875,178.3239288330078,249.0,-341.18780517578125,179.632080078125,246.0,-341.18780517578125,178.98248291015625,234.01800537109375,-233.90689086914062,188.0,227.0,-370.89892578125,199.9122314453125,260.0,-282.1927185058594,202.62408447265625,256.00360107421875,-322.0264892578125,216.9972686767578,238.7664794921875,-129.51300048828125,282.00128173828125,217.31103515625,-388.26397705078125,219.3467254638672,331.1374816894531,-41.37916564941406,329.6241760253906,311.7514953613281,-393.1807556152344,236.2550811767578,417.55523681640625,-56.43177032470703,317.74676513671875,405.4676208496094,-369.6837463378906,241.20425415039062,435.7074279785156,-61.495262145996094,322.761962890625,428.4397888183594,-404.7825622558594,244.30821228027344,434.9828796386719,-97.12769317626953,312.1932067871094,428.951904296875,-395.275390625,245.40171813964844,430.47027587890625,-70.61177825927734,309.04949951171875,423.0439147949219,-364.7281188964844,389.99951171875,263.77362060546875,87.03970336914062,422.9992370605469,238.90618896484375,-87.03970336914062,431.8328552246094,375.36785888671875,132.5489959716797,472.9999084472656,363.8400573730469,-82.09607696533203,462.6681823730469,266.958251953125,312.8988037109375,505.00006103515625,245.00048828125,93.12461853027344,457.8297119140625,239.22503662109375,333.7183532714844,499.6092224121094,220.36968994140625,114.18252563476562,493.25152587890625,250.73223876953125,397.0298767089844,547.9158935546875,225.056640625,155.76368713378906,
187.81980895996094,261.0,-319.7452392578125,174.96153259277344,254.0,-312.6627197265625,173.91590881347656,253.0,-312.6627197265625,172.9615478515625,251.03851318359375,-312.66314697265625,177.81980895996094,251.03851318359375,-343.52386474609375,178.6321258544922,249.0,-343.5334167480469,179.81980895996094,246.0,-343.5334167480469,178.99205017089844,234.00823974609375,-236.69094848632812,188.0,227.0,-372.5500183105469,199.95986938476562,260.0,-284.35968017578125,202.81619262695312,256.001708984375,-324.12530517578125,216.99874877929688,239.21563720703125,-132.47959899902344,282.0005187988281,217.6263427734375,-390.052734375,220.0120086669922,332.0649108886719,-46.39740753173828,327.2135009765625,313.680908203125,-397.8964538574219,236.64410400390625,418.7941589355469,-63.393123626708984,314.8056640625,407.0323181152344,-377.2605895996094,241.94500732421875,437.33734130859375,-68.90445709228516,319.4889831542969,430.0197448730469,-413.112548828125,244.67025756835938,436.79931640625,-105.01378631591797,308.2958679199219,430.6264953613281,-403.3513488769531,245.7129669189453,432.2275390625,-77.80964660644531,305.4563903808594,424.82684326171875,-372.6049499511719,390.32366943359375,263.89508056640625,86.54610443115234,422.9996337890625,238.9571533203125,-86.54610443115234,431.9239196777344,375.18017578125,133.10171508789062,472.9999084472656,363.6011962890625,-77.67064666748047,462.95166015625,266.4981689453125,314.78790283203125,505.0000305175781,245.000244140625,96.85394287109375,458.39434814453125,238.6304931640625,336.175537109375,499.8094482421875,220.1810302734375,117.73223114013672,493.5993347167969,249.7454833984375,397.29229736328125,547.9614868164062,225.0257568359375,157.77615356445312,
187.91590881347656,261.0,-322.06329345703125,174.9825439453125,254.0,-315.0255432128906,173.96151733398438,253.0,-315.0255432128906,172.9825439453125,251.01751708984375,-315.0257568359375,177.91590881347656,251.01751708984375,-345.91705322265625,178.81982421875,249.0,-345.9213562011719,179.91587829589844,246.0,-345.9213562011719,178.99639892578125,234.0037841796875,-239.08184814453125,188.0,227.0,-374.4466552734375,199.98179626464844,260.0,-286.4028625488281,202.91424560546875,256.00079345703125,-326.24896240234375,216.99942016601562,239.582763671875,-134.26736450195312,282.0002136230469,217.8172607421875,-392.1622009277344,220.488037109375,332.88165283203125,-48.95766067504883,325.3014831542969,314.8524475097656,-402.35894775390625,236.83558654785156,419.43402099609375,-67.71666717529297,312.5873718261719,408.01654052734375,-383.537353515625,242.13339233398438,438.535400390625,-73.15750122070312,317.28253173828125,431.3348388671875,-419.94189453125,244.84779357910156,437.9085998535156,-109.68138885498047,305.6836853027344,431.7825622558594,-410.05291748046875,245.86715698242188,433.1614074707031,-82.0689468383789,302.5064697265625,426.2449645996094,-378.8548889160156,390.6319885253906,263.95220947265625,86.26335144042969,422.9998474121094,238.9805908203125,-86.26335144042969,431.96551513671875,375.0841064453125,133.5282440185547,472.9999084472656,363.3336181640625,-75.61817932128906,463.33697509765625,266.239501953125,316.9563903808594,505.0,245.00006103515625,98.99821472167969,458.7096252441406,238.30157470703125,338.9865417480469,499.9112243652344,219.7606201171875,119.89745330810547,494.12890625,248.603515625,397.9310607910156,547.9824829101562,225.0115966796875,158.92791748046875,
187.9615478515625,261.0,-323.8598937988281,174.9921112060547,254.0,-316.8427734375,173.9825439453125,253.0,-316.8427734375,172.99209594726562,251.0079345703125,-316.84283447265625,177.9615478515625,251.0079345703125,-347.78289794921875,178.91590881347656,249.0,-347.7848815917969,179.96153259277344,246.0,-347.7848815917969,178.99835205078125,234.001708984375,-240.87860107421875,188.0,227.0,-376.3606872558594,199.9917755126953,260.0,-288.0271911621094,202.96078491210938,256.00048828125,-327.94647216796875,216.9997100830078,239.7974853515625,-135.51210021972656,282.00006103515625,217.914794921875,-393.89471435546875,221.07810974121094,333.42864990234375,-49.77849578857422,323.81536865234375,315.460693359375,-405.5121765136719,236.92510986328125,420.06439208984375,-69.65800476074219,310.9479675292969,408.5357360839844,-387.3272399902344,242.75599670410156,439.26898193359375,-75.24076080322266,315.4378662109375,432.16534423828125,-424.3654479980469,244.93069458007812,438.8103942871094,-112.00947570800781,303.9501647949219,432.4183654785156,-414.4161071777344,245.93943786621094,433.9381103515625,-84.18994903564453,300.7263488769531,427.1242370605469,-382.8431396484375,390.8197326660156,263.6544189453125,86.12212371826172,422.9999084472656,238.99127197265625,-86.12212371826172,431.9844055175781,375.0384521484375,133.44837951660156,472.9999084472656,363.1646423339844,-75.04060363769531,463.9705505371094,266.11102294921875,318.7718200683594,505.0,245.0,100.71907806396484,459.1895751953125,238.139404296875,341.2680358886719,499.9593811035156,219.40655517578125,121.66275787353516,494.54132080078125,247.81744384765625,399.08636474609375,547.9920654296875,225.00531005859375,159.82687377929688,
188.3064727783203,261.0,-326.23809814453125,175.32034301757812,254.0,-319.5543212890625,173.9920654296875,253.0,-319.5543212890625,172.9964141845703,251.00360107421875,-319.55438232421875,177.9825439453125,251.00360107421875,-350.84906005859375,178.96151733398438,249.0,-350.8499755859375,179.9825439453125,246.0,-350.8499755859375,178.99925231933594,234.00079345703125,-242.92477416992188,188.0,227.0,-380.24652099609375,200.3201904296875,260.0,-290.31640625,202.98220825195312,256.00018310546875,-330.6016540527344,216.99984741210938,239.9058837890625,-136.26014709472656,282.0000305175781,217.9610595703125,-398.1954345703125,221.51828002929688,334.05133056640625,-49.96979904174805,322.25555419921875,316.4004211425781,-411.1947021484375,236.966064453125,420.5142822265625,-72.06062316894531,309.3160095214844,409.7583923339844,-393.814453125,243.64822387695312,439.97857666015625,-77.82317352294922,313.58856201171875,433.2531433105469,-431.9621887207031,245.29254150390625,439.7203369140625,-115.36346435546875,302.6309509277344,433.379150390625,-421.6612548828125,246.29649353027344,434.7806396484375,-86.79804992675781,299.1611022949219,428.23455810546875,-389.54449462890625,390.91583251953125,263.358154296875,86.37962341308594,422.9999084472656,238.99609375,-86.37962341308594,432.31683349609375,374.69354248046875,133.58615112304688,472.9999084472656,363.0771179199219,-75.2762680053711,464.7841796875,266.0506591796875,323.78033447265625,505.0,245.0,103.78416442871094,459.8948059082031,238.0634765625,346.5382385253906,498.0379333496094,219.52166748046875,125.08047485351562,494.7783508300781,247.7130126953125,403.5567932128906,547.9963989257812,225.00250244140625,162.34902954101562,
188.62420654296875,261.0,-328.3555603027344,175.63047790527344,254.0,-321.6603088378906,173.99639892578125,253.0,-321.6603088378906,172.9983673095703,251.001708984375,-321.9842529296875,177.99209594726562,251.32568359375,-353.27880859375,178.9825439453125,249.0,-353.27923583984375,179.9921112060547,246.0,-353.27923583984375,178.99966430664062,234.00048828125,-245.0525360107422,188.0,227.0,-383.4164123535156,200.63043212890625,260.0,-292.391357421875,203.3158721923828,256.00006103515625,-332.68170166015625,216.99993896484375,239.95697021484375,-137.29884338378906,282.0,217.98236083984375,-401.5062561035156,221.76792907714844,334.5062255859375,-50.973838806152344,320.51373291015625,317.7997741699219,-415.47314453125,236.98464965820312,421.0904846191406,-74.5674819946289,307.2172546386719,411.7712097167969,-398.41357421875,244.3011474609375,440.7972412109375,-80.44886779785156,311.3520812988281,434.73052978515625,-437.43743896484375,245.61793518066406,440.6688232421875,-118.66401672363281,300.8432312011719,434.7897644042969,-426.8157043457031,246.61973571777344,435.37261962890625,-89.4371337890625,296.8106384277344,429.7221374511719,-394.2799072265625,390.96148681640625,263.17584228515625,86.6573486328125,422.9999084472656,238.998291015625,-86.6573486328125,432.62890625,374.37579345703125,134.41195678710938,472.9999084472656,362.7113952636719,-73.65225219726562,465.3719177246094,266.02294921875,329.3602294921875,505.0,245.0,108.50800323486328,460.74810791015625,238.02880859375,352.572021484375,496.5227966308594,219.72418212890625,130.1272430419922,494.8970642089844,247.4876708984375,408.7632751464844,547.998291015625,225.0010986328125,165.8056182861328,
188.81625366210938,261.0,-330.979248046875,175.81907653808594,254.0,-324.48931884765625,174.32229614257812,253.0,-324.48931884765625,173.3231964111328,251.00079345703125,-324.79754638671875,178.32034301757812,251.63299560546875,-356.3029479980469,178.9920654296875,249.0,-356.30316162109375,179.99639892578125,246.0,-356.30316162109375,178.99981689453125,234.00030517578125,-248.1178741455078,188.0,227.323974609375,-386.88275146484375,200.81906127929688,260.0,-294.67156982421875,203.6284637451172,256.0,-335.1750793457031,216.99998474121094,240.304443359375,-138.7516632080078,281.6760559082031,217.99212646484375,-404.6365966796875,222.21632385253906,335.0864562988281,-52.54822540283203,318.6438293457031,319.17706298828125,-419.7890625,236.99305725097656,421.8479309082031,-76.90484619140625,305.02410888671875,413.6359558105469,-403.7711181640625,244.66531372070312,441.7037048339844,-82.84900665283203,308.76336669921875,436.14532470703125,-443.2994079589844,245.8134307861328,441.9673156738281,-121.46643829345703,298.8408508300781,436.4964294433594,-432.4842529296875,246.81422424316406,436.3478088378906,-91.8436508178711,294.3521423339844,431.14154052734375,-399.3844299316406,390.6585998535156,263.08221435546875,86.83124542236328,422.9999084472656,238.999267578125,-86.83124542236328,433.14227294921875,374.1837463378906,136.11813354492188,472.9999084472656,362.38397216796875,-71.68388366699219,465.6991882324219,265.68646240234375,335.3949279785156,505.0,245.0,113.3847427368164,461.35528564453125,237.68914794921875,359.2998352050781,496.3571472167969,219.5379638671875,135.52264404296875,494.9529724121094,246.9454345703125,414.5888671875,547.67529296875,225.00054931640625,169.9367218017578,
188.91427612304688,261.0,-334.52813720703125,175.91555786132812,254.0,-328.255615234375,174.63137817382812,253.0,-328.5796203613281,173.6317901611328,251.00048828125,-328.7673034667969,178.6304931640625,251.8201904296875,-360.49267578125,179.3203125,249.0,-360.49273681640625,180.32229614257812,246.0,-360.49273681640625,178.99993896484375,234.0,-251.7413330078125,188.0,227.63214111328125,-392.2687683105469,200.91555786132812,260.0,-297.9033203125,203.81814575195312,256.0,-338.9517822265625,216.676025390625,240.6234130859375,-140.1549072265625,281.36785888671875,217.9964599609375,-410.3286437988281,222.90696716308594,335.5221252441406,-52.430381774902344,316.7052307128906,320.4046936035156,-426.03973388671875,236.99685668945312,422.4027099609375,-76.49227142333984,303.2149353027344,415.1435852050781,-410.94976806640625,244.8452606201172,442.335205078125,-82.46665954589844,306.287841796875,437.3902587890625,-451.0548095703125,245.9130096435547,442.939697265625,-121.2884292602539,296.8055114746094,437.7107849121094,-439.8169860839844,246.58944702148438,437.12554931640625,-91.78816986083984,292.052734375,432.7124328613281,-406.2889099121094,390.35992431640625,263.03759765625,87.89286804199219,422.67596435546875,238.99969482421875,-87.89286804199219,433.5473937988281,374.085693359375,139.74807739257812,472.9999084472656,361.8635559082031,-70.35552978515625,465.86090087890625,265.37261962890625,345.0934143066406,505.0,245.0,119.23829650878906,461.6916198730469,237.37371826171875,369.522216796875,496.9107666015625,219.3028564453125,142.10760498046875,494.9786376953125,246.50091552734375,423.2115783691406,547.3674926757812,225.00030517578125,174.81968688964844,
189.2847442626953,261.0,-337.47918701171875,175.96139526367188,254.0,-331.0204162597656,174.81948852539062,253.0,-331.6526184082031,173.81967163085938,251.32415771484375,-331.7486877441406,178.81910705566406,251.91619873046875,-363.9367980957031,179.6304931640625,249.0,-363.9368591308594,180.6313934326172,246.0,-363.9368591308594,178.99996948242188,234.0,-254.29786682128906,188.0,227.81988525390625,-396.7437744140625,200.96136474609375,260.0,-300.3387145996094,203.9151611328125,256.0,-342.1585998535156,216.36785888671875,240.81591796875,-140.74668884277344,281.1800842285156,217.99847412109375,-415.2099609375,223.42971801757812,335.76971435546875,-51.5361328125,315.38128662109375,321.52056884765625,-431.1130676269531,236.99856567382812,422.7135009765625,-74.4932861328125,302.10003662109375,416.3994445800781,-416.25665283203125,244.6055450439453,442.6825866699219,-80.48165130615234,304.6612548828125,438.1900939941406,-457.1128234863281,245.63629150390625,443.4898986816406,-119.7241439819336,295.1048583984375,438.70733642578125,-445.5200500488281,246.32827758789062,437.5765380859375,-90.1126708984375,290.2196960449219,433.8214416503906,-411.42376708984375,389.8525695800781,263.01708984375,89.1841812133789,422.3678283691406,238.99993896484375,-89.1841812133789,433.4571533203125,374.03924560546875,143.6625518798828,472.9999084472656,361.4552917480469,-69.64196014404297,465.9366149902344,265.182373046875,352.9621276855469,505.0,244.67608642578125,123.78849792480469,461.857421875,237.182861328125,378.0113525390625,497.4175720214844,218.82647705078125,146.87689208984375,494.99029541015625,246.2425537109375,430.4306945800781,547.179931640625,225.00006103515625,178.29806518554688,
189.61431884765625,261.0,-338.2938537597656,175.9824981689453,254.0,-331.9224548339844,174.91575622558594,253.0,-332.4183349609375,173.91586303710938,251.63226318359375,-332.4639892578125,178.9155731201172,251.961669921875,-364.7085266113281,179.81907653808594,249.0,-364.7085266113281,180.81948852539062,246.0,-364.7085266113281,178.99996948242188,234.0,-255.0609130859375,188.0,227.916015625,-398.1275329589844,200.9824676513672,260.0,-301.0711975097656,203.96119689941406,256.0,-343.13543701171875,216.18011474609375,240.91412353515625,-140.927734375,281.08404541015625,217.99932861328125,-416.5375061035156,223.72569274902344,335.8932800292969,-51.129459381103516,314.01043701171875,322.2514953613281,-431.85430908203125,236.99932861328125,422.8674621582031,-73.16658020019531,301.1938781738281,417.52020263671875,-416.3260192871094,244.65982055664062,442.8533935546875,-79.16132354736328,303.4640808105469,439.2642517089844,-457.0848388671875,245.34982299804688,443.763671875,-118.4325942993164,294.048095703125,439.67108154296875,-445.6068115234375,246.1621856689453,437.8033142089844,-88.98067474365234,289.1004943847656,435.08380126953125,-411.4041748046875,389.4502868652344,263.00775146484375,90.07526397705078,422.18011474609375,239.0,-90.07526397705078,433.26617431640625,374.01788330078125,145.97061157226562,472.9999084472656,361.22021484375,-68.97144317626953,465.97125244140625,265.0850830078125,354.6802062988281,505.0,244.367919921875,125.16130828857422,461.9350280761719,237.08538818359375,379.8611145019531,497.7174072265625,218.4384765625,148.2469482421875,494.99560546875,246.11279296875,432.1953125,547.083984375,225.0,179.5802001953125,
189.811767578125,261.0,-337.6428527832031,176.31600952148438,254.0,-331.4261474609375,174.9614715576172,253.0,-331.7099304199219,173.96151733398438,251.8199462890625,-332.0549011230469,178.96139526367188,251.98260498046875,-363.8895568847656,179.91555786132812,249.0,-363.8895568847656,180.91575622558594,246.0,-363.8895568847656,178.99996948242188,234.0,-254.8152618408203,188.0,227.961669921875,-397.29498291015625,200.99205017089844,260.0,-300.8182067871094,203.98239135742188,256.0,-342.5686340332031,216.08404541015625,240.96075439453125,-140.97755432128906,281.0384216308594,217.999755859375,-415.86175537109375,224.19683837890625,335.9513854980469,-51.019657135009766,312.71563720703125,322.64459228515625,-430.25933837890625,236.9996795654297,422.93963623046875,-72.19761657714844,300.28167724609375,418.251708984375,-413.7378234863281,244.79782104492188,443.2572326660156,-78.19522857666016,302.7308349609375,440.08770751953125,-453.8649597167969,245.1719970703125,443.89227294921875,-117.04231262207031,293.49395751953125,440.3221740722656,-442.5892333984375,246.075927734375,438.23419189453125,-88.11093139648438,288.5177001953125,436.0034484863281,-408.7735595703125,389.21783447265625,263.00360107421875,90.23623657226562,421.7601013183594,239.0,-90.23623657226562,433.1337585449219,374.00811767578125,146.4355010986328,472.9999084472656,361.102294921875,-68.17822265625,465.9869689941406,265.0389404296875,353.6098937988281,505.0,244.18023681640625,124.6369400024414,461.9705810546875,237.0390625,378.09173583984375,498.19256591796875,218.2125244140625,147.68643188476562,494.9980163574219,246.05145263671875,431.322509765625,547.038330078125,225.0,179.59255981445312,
189.9122314453125,261.0,-336.9036865234375,176.6285400390625,254.0,-331.1183776855469,174.98251342773438,253.0,-331.2601318359375,173.9825439453125,251.91595458984375,-331.577880859375,178.98248291015625,251.9921875,-363.0285949707031,179.9613800048828,249.0,-363.0285949707031,180.96145629882812,246.0,-363.0285949707031,178.99996948242188,234.0,-254.45648193359375,188.0,227.98260498046875,-395.9488525390625,200.99639892578125,260.0,-300.4574890136719,203.9920196533203,256.0,-341.8697204589844,216.0384063720703,240.98223876953125,-140.991943359375,280.6935119628906,218.3238525390625,-414.7038879394531,224.89808654785156,335.9779968261719,-51.64715576171875,311.5425109863281,322.83624267578125,-428.10198974609375,237.3237762451172,422.97265625,-73.21987915039062,299.656005859375,418.644775390625,-411.186767578125,245.2213134765625,443.6019287109375,-78.89486694335938,302.0212707519531,440.5594177246094,-450.78314208984375,245.40431213378906,444.275146484375,-117.67520141601562,292.9029541015625,440.677001953125,-439.64508056640625,246.35867309570312,438.5914611816406,-88.85633087158203,287.9137268066406,436.52093505859375,-406.2029724121094,388.7772521972656,263.00164794921875,90.16508483886719,421.40625,239.0,-90.16508483886719,433.386962890625,373.6797790527344,145.6762237548828,472.9999084472656,361.0467224121094,-67.93273162841797,465.99407958984375,265.01763916015625,351.44683837890625,505.0,244.08416748046875,123.58965301513672,461.98663330078125,237.0177001953125,375.5762939453125,498.5721740722656,218.09881591796875,146.29025268554688,494.9990234375,246.3472900390625,429.9495849609375,547.0173950195312,225.0,179.03102111816406,
189.9598846435547,261.0,-336.767333984375,176.8181915283203,254.0,-331.347900390625,175.31602478027344,253.0,-331.4145812988281,173.9920654296875,251.96160888671875,-331.6065979003906,178.99205017089844,251.99652099609375,-362.8264465332031,179.98245239257812,249.0,-362.8264465332031,180.9824981689453,246.0,-362.8264465332031,178.99996948242188,234.0,-254.54920959472656,188.0,227.9921875,-394.994384765625,200.9983367919922,260.0,-300.2256774902344,203.9963836669922,256.0,-341.42803955078125,215.6934814453125,240.99200439453125,-140.99673461914062,280.3757019042969,218.632080078125,-413.54840087890625,225.7496337890625,336.31402587890625,-51.938018798828125,310.77874755859375,322.9255065917969,-426.9097595214844,237.95596313476562,422.9877014160156,-74.44483947753906,299.3130798339844,418.8362731933594,-409.9053955078125,245.90744018554688,443.8062438964844,-80.13615417480469,301.2027282714844,440.47161865234375,-449.19366455078125,245.99282836914062,444.610107421875,-118.99065399169922,292.1470031738281,440.8509216308594,-437.8047180175781,246.6478729248047,438.8014221191406,-90.11868286132812,287.475830078125,436.45416259765625,-404.9127197265625,388.4140319824219,263.00079345703125,90.08788299560547,421.1975402832031,239.0,-90.08788299560547,433.6610412597656,373.3695983886719,144.26304626464844,472.9999084472656,361.021240234375,-67.92382049560547,465.9972839355469,265.00799560546875,349.4710998535156,505.0,244.0384521484375,122.49435424804688,461.99395751953125,237.00799560546875,373.17333984375,498.79266357421875,218.045166015625,144.87368774414062,494.9995422363281,246.64276123046875,428.3429260253906,547.0078125,225.0,178.54714965820312,
189.9818115234375,261.0,-337.4869384765625,176.9151611328125,254.0,-331.95916748046875,175.62855529785156,253.0,-331.98974609375,174.3203125,251.98260498046875,-332.41168212890625,178.99639892578125,251.9984130859375,-363.51409912109375,179.9920654296875,249.0,-363.51409912109375,180.9920654296875,246.0,-363.51409912109375,178.99996948242188,234.0,-255.3853302001953,188.0,227.99658203125,-394.4729919433594,200.99925231933594,260.0,-300.75341796875,203.99835205078125,256.0,-341.52392578125,215.37574768066406,240.9964599609375,-141.322509765625,280.1836853027344,218.81988525390625,-412.783447265625,226.67994689941406,336.6277160644531,-52.65401840209961,310.04547119140625,322.96630859375,-426.3876647949219,238.7758331298828,422.9945068359375,-76.2018814086914,298.8206481933594,418.925537109375,-409.3753356933594,247.07748413085938,443.9097900390625,-82.01394653320312,300.6202087402344,440.27459716796875,-448.5091552734375,246.79257202148438,444.8099060058594,-120.93733215332031,291.5946044921875,440.9321594238281,-437.17108154296875,247.15087890625,439.2315368652344,-92.00604248046875,287.22900390625,436.26666259765625,-404.378662109375,388.2010192871094,263.00042724609375,90.04231262207031,421.0918884277344,239.0,-90.04231262207031,433.83294677734375,373.18096923828125,143.18077087402344,472.9999084472656,361.0096130371094,-67.6308364868164,465.99871826171875,265.00360107421875,347.9061279296875,505.0,244.0174560546875,121.75862121582031,461.99725341796875,237.00360107421875,371.9254455566406,496.9599914550781,218.66845703125,143.9440155029297,495.32366943359375,246.82464599609375,426.8822021484375,546.6795654296875,225.0,177.94078063964844,
189.9917755126953,261.0,-338.1786804199219,176.96119689941406,254.0,-332.7756652832031,175.81820678710938,253.0,-332.78955078125,174.6304931640625,251.9921875,-333.1442565917969,178.99835205078125,251.99932861328125,-364.1910095214844,179.99639892578125,249.0,-364.1910095214844,180.9964141845703,246.0,-364.1910095214844,178.99996948242188,234.0,-256.13226318359375,188.0,227.99847412109375,-394.8658447265625,200.99964904785156,260.0,-301.3125,203.99923706054688,256.0,-342.04754638671875,215.1837158203125,240.9984130859375,-141.6314697265625,280.0856628417969,218.916015625,-412.6957702636719,227.64801025390625,336.81787109375,-53.275550842285156,309.5379943847656,322.98480224609375,-426.8162536621094,239.6917724609375,422.99755859375,-77.85942840576172,298.4337158203125,418.96630859375,-410.132568359375,248.31378173828125,443.9587707519531,-83.76325225830078,300.296875,440.137939453125,-449.51751708984375,248.02328491210938,444.9114990234375,-122.72647857666016,291.2852478027344,440.9693298339844,-437.9923095703125,247.8751678466797,439.2660217285156,-93.75968933105469,287.1061096191406,436.1343688964844,-405.1340026855469,388.093505859375,263.000244140625,90.01956176757812,421.04193115234375,239.0,-90.01956176757812,433.9217834472656,373.0845031738281,142.5677490234375,472.9999084472656,361.0043640136719,-67.669189453125,465.9994201660156,265.001708984375,347.5950012207031,505.0,244.00799560546875,121.3605728149414,461.998779296875,237.001708984375,371.71533203125,495.48712158203125,219.2735595703125,143.447021484375,495.6319885253906,246.91815185546875,426.2687683105469,546.369384765625,225.0,177.4907684326172,
189.99627685546875,261.0,-338.5984802246094,176.98239135742188,254.0,-333.04351806640625,175.9151611328125,253.0,-333.0497741699219,174.81907653808594,251.99652099609375,-333.2589416503906,178.99925231933594,251.99981689453125,-364.6040954589844,179.99838256835938,249.0,-364.6040954589844,180.99835205078125,246.0,-364.6040954589844,178.99996948242188,234.0,-256.2535095214844,188.3239288330078,227.99932861328125,-395.0395202636719,200.9998321533203,260.0,-301.6615295410156,203.9996337890625,256.0,-342.49346923828125,215.08567810058594,240.99932861328125,-142.14346313476562,280.0391540527344,218.9615478515625,-412.4794921875,228.6334991455078,336.9150695800781,-54.29441833496094,309.2575378417969,322.9931640625,-427.014892578125,240.65335083007812,422.9989013671875,-79.25030517578125,298.21002197265625,418.9847717285156,-410.64312744140625,249.46859741210938,443.9813537597656,-85.52854919433594,300.1372375488281,440.06500244140625,-450.30291748046875,249.28887939453125,444.9595947265625,-124.1876220703125,291.4559326171875,440.9861755371094,-438.8925476074219,249.06280517578125,439.1686096191406,-95.20301818847656,287.0483703613281,436.06341552734375,-405.643798828125,388.04266357421875,263.0,90.00889587402344,420.6950378417969,239.0,-90.00889587402344,433.6402282714844,373.0386962890625,141.2911376953125,472.9999084472656,361.00201416015625,-67.80167388916016,465.99969482421875,265.0008544921875,346.7385559082031,505.0,244.00360107421875,120.51834869384766,461.9994201660156,237.00079345703125,371.15374755859375,495.0169982910156,219.320068359375,142.557861328125,495.8197326660156,246.638671875,425.10711669921875,546.1808471679688,225.0,176.264404296875,
189.99830627441406,261.0,-338.812744140625,176.99203491210938,254.0,-333.06494140625,175.96119689941406,253.0,-333.0677490234375,174.91555786132812,251.9984130859375,-333.1736145019531,178.99966430664062,251.99993896484375,-364.4913635253906,179.99923706054688,249.0,-364.8152770996094,180.99925231933594,246.0,-364.8152770996094,178.99996948242188,234.0,-256.17108154296875,188.6321258544922,227.999755859375,-395.0523681640625,200.99990844726562,260.0,-301.8416748046875,203.99981689453125,256.0,-342.7545166015625,215.03915405273438,240.999755859375,-142.54788208007812,280.0177307128906,218.98260498046875,-412.265625,229.30300903320312,336.961181640625,-55.09951400756836,309.1191101074219,322.99700927734375,-427.0408935546875,241.6359100341797,422.99951171875,-80.12472534179688,298.4214782714844,418.9931945800781,-411.18280029296875,250.54974365234375,443.9916076660156,-86.7358169555664,300.0625305175781,440.02984619140625,-451.0152587890625,250.13336181640625,444.9816589355469,-125.41988372802734,291.6922607421875,440.9937744140625,-439.77911376953125,249.9832000732422,439.08746337890625,-96.10295867919922,287.0218811035156,436.0291442871094,-406.1831970214844,388.019287109375,263.0,90.0040283203125,420.37640380859375,239.0,-90.0040283203125,433.3515930175781,373.017578125,139.89952087402344,472.9999084472656,360.677001953125,-68.22300720214844,465.9997863769531,265.00048828125,345.94818115234375,505.0,244.00164794921875,119.48743438720703,461.99969482421875,237.00042724609375,370.6304931640625,494.9473876953125,219.20166015625,141.82928466796875,495.91583251953125,246.99884033203125,424.1289978027344,545.7604370117188,224.67608642578125,174.88916015625,
189.9992218017578,261.0,-341.1819152832031,176.9963836669922,254.0,-334.983642578125,175.98239135742188,253.0,-334.98492431640625,174.9613800048828,251.99932861328125,-335.35888671875,179.32376098632812,252.0,-367.19879150390625,179.99964904785156,249.0,-367.50701904296875,180.99966430664062,246.0,-367.50701904296875,178.99996948242188,234.0,-257.3859558105469,188.81982421875,227.99993896484375,-399.24334716796875,200.9999237060547,260.0,-303.8711242675781,203.9999237060547,256.0,-345.4774169921875,215.0177459716797,240.99993896484375,-143.10523986816406,280.00799560546875,218.9921875,-416.6663513183594,229.6679229736328,336.982421875,-55.564388275146484,309.05426025390625,322.9986877441406,-432.2098693847656,242.30410766601562,422.9998474121094,-82.20616912841797,298.6766357421875,418.9969482421875,-417.40496826171875,251.2647247314453,443.9962158203125,-89.0164566040039,300.35223388671875,440.01361083984375,-457.9744567871094,250.9125213623047,444.9917907714844,-128.14915466308594,291.8470458984375,440.9972229003906,-446.8560791015625,250.50953674316406,439.041748046875,-98.19627380371094,287.00982666015625,436.0132751464844,-412.40509033203125,388.0086975097656,263.0,90.64968872070312,420.1839904785156,239.0,-90.64968872070312,433.1727294921875,373.00799560546875,140.25836181640625,472.9999084472656,360.3683166503906,-69.55609130859375,465.99981689453125,265.32415771484375,350.6483154296875,504.676025390625,244.00079345703125,121.02994537353516,461.9998474121094,237.00018310546875,375.81658935546875,495.2862243652344,219.10418701171875,143.9940948486328,495.96148681640625,247.76068115234375,428.08489990234375,545.4063720703125,224.367919921875,175.25399780273438,
189.99964904785156,261.0,-343.7099914550781,176.99838256835938,254.0,-337.4608154296875,175.9920196533203,253.0,-337.4614562988281,174.98245239257812,251.99981689453125,-337.7926330566406,179.63204956054688,252.0,-370.4788513183594,179.9998321533203,249.0,-370.6665954589844,180.9998321533203,246.0,-370.6665954589844,178.99996948242188,234.0,-258.8957824707031,188.91590881347656,228.0,-403.5578918457031,200.9999237060547,260.0,-306.0838623046875,203.9999542236328,256.0,-348.3288879394531,215.0079803466797,241.32391357421875,-143.53054809570312,280.0036315917969,218.9964599609375,-421.5592346191406,230.17066955566406,336.9920959472656,-55.79768753051758,309.0245056152344,322.99945068359375,-438.0997009277344,242.9923553466797,422.99993896484375,-84.9422836303711,298.51605224609375,418.99859619140625,-424.468994140625,251.9744873046875,443.9983215332031,-91.85386657714844,300.6448669433594,440.0061340332031,-466.02130126953125,251.4425811767578,444.99627685546875,-131.71226501464844,291.92822265625,440.998779296875,-454.9655456542969,251.09642028808594,439.019287109375,-100.93779754638672,287.00445556640625,436.00604248046875,-419.7929382324219,388.00390625,263.0,91.5890121459961,420.0857849121094,239.0,-91.5890121459961,433.0806579589844,373.0036315917969,141.3093719482422,472.9999084472656,360.1803894042969,-71.01815032958984,465.9999084472656,265.6322021484375,355.9793701171875,504.3678283691406,244.00048828125,123.11260986328125,461.9998474121094,237.0,381.538818359375,495.6123046875,219.0496826171875,146.2443084716797,495.9825439453125,248.028564453125,432.7537536621094,545.197509765625,224.18023681640625,175.9835205078125,
189.9998321533203,261.0,-345.0295104980469,176.99925231933594,254.0,-338.8688659667969,175.99636840820312,253.0,-338.8691711425781,174.9920654296875,251.99993896484375,-339.06732177734375,179.81979370117188,252.0,-372.06170654296875,179.99989318847656,249.0,-372.1578063964844,180.99993896484375,246.0,-372.1578063964844,178.99996948242188,234.0,-259.6075439453125,188.96151733398438,228.0,-405.9737548828125,200.99993896484375,260.0,-307.21234130859375,203.9999542236328,256.0,-349.84332275390625,215.00355529785156,241.63214111328125,-143.7734832763672,280.0016174316406,218.99847412109375,-424.1223449707031,230.56234741210938,336.9964599609375,-55.583736419677734,309.01104736328125,322.99981689453125,-441.37255859375,243.47911071777344,422.9999694824219,-86.26127624511719,298.2928771972656,418.9993591308594,-428.21875,252.4710235595703,443.999267578125,-93.54481506347656,300.8255615234375,440.0028076171875,-470.150390625,251.73358154296875,444.6744384765625,-133.62649536132812,291.9670715332031,440.99951171875,-459.12481689453125,251.5283203125,439.0087890625,-102.58318328857422,287.325927734375,436.00274658203125,-423.5269775390625,388.0017395019531,263.0,92.27217102050781,420.0391540527344,239.0,-92.27217102050781,433.0368347167969,373.0016784667969,142.1219940185547,472.9999084472656,360.084228515625,-71.99756622314453,466.0,265.8199462890625,359.1572570800781,504.18011474609375,244.00030517578125,124.86290740966797,461.9998474121094,237.0,384.9438781738281,494.5146179199219,219.3468017578125,147.9681854248047,495.9920654296875,248.38043212890625,435.53509521484375,545.0918579101562,224.08416748046875,176.8129425048828,
189.99989318847656,261.0,-345.2672424316406,176.99964904785156,254.0,-339.1834716796875,175.99835205078125,253.0,-339.18359375,174.99639892578125,252.0,-339.2843933105469,179.91587829589844,252.0,-372.3253173828125,179.99993896484375,249.0,-372.3710021972656,180.99993896484375,246.0,-372.3710021972656,178.99996948242188,234.0,-259.8604736328125,188.9825439453125,228.0,-406.4502258300781,200.9999542236328,260.0,-307.6764221191406,203.9999542236328,256.0,-350.1804504394531,214.6776580810547,241.81982421875,-143.8948974609375,280.000732421875,218.9993896484375,-424.56317138671875,230.78822326660156,336.9984436035156,-55.32602310180664,309.0049743652344,322.6760559082031,-441.88116455078125,243.75015258789062,423.0,-86.7357406616211,298.14581298828125,418.999755859375,-428.8542785644531,252.7465057373047,443.9997253417969,-94.0256118774414,300.91845703125,440.0013122558594,-470.5425720214844,251.87684631347656,444.3671569824219,-134.10792541503906,291.9850769042969,440.9997863769531,-459.53094482421875,251.77279663085938,439.0040283203125,-103.04300689697266,287.633056640625,436.0012512207031,-424.0420227050781,387.6768493652344,263.0,92.65184020996094,420.0177001953125,239.0,-92.65184020996094,433.01666259765625,373.00079345703125,142.57925415039062,472.9999084472656,360.0385437011719,-72.52461242675781,466.0,265.916015625,360.05950927734375,504.083984375,244.0,125.9398422241211,461.9998779296875,237.0,385.9602966308594,494.0308837890625,219.642578125,149.3221435546875,495.9963684082031,248.99200439453125,436.88336181640625,545.0418701171875,224.0384521484375,177.71505737304688,
189.99993896484375,261.0,-345.1911926269531,176.9998321533203,254.0,-339.1511535644531,175.99925231933594,253.0,-339.1512451171875,174.99838256835938,252.0,-339.1989440917969,179.96153259277344,252.0,-372.2278747558594,180.0,249.0,-372.2489013671875,180.99993896484375,246.0,-372.2489013671875,178.99996948242188,234.0,-259.94635009765625,188.66815185546875,228.0,-406.0096740722656,200.99996948242188,260.0,-307.5383605957031,203.9999542236328,256.0,-350.1515197753906,214.36856079101562,241.91595458984375,-143.6281280517578,280.00030517578125,218.999755859375,-424.0715026855469,230.90162658691406,336.99932861328125,-54.837303161621094,309.00225830078125,322.3678894042969,-441.2739562988281,243.88433837890625,423.0,-86.57423400878906,298.0684509277344,418.9999084472656,-427.9482116699219,252.8826904296875,443.9999084472656,-94.07759094238281,300.9627380371094,440.0005798339844,-469.3319396972656,251.94386291503906,444.1798400878906,-133.8015899658203,291.99322509765625,440.99993896484375,-458.32666015625,251.89462280273438,439.0018005371094,-103.08545684814453,287.8202209472656,436.0006103515625,-423.04425048828125,387.36822509765625,263.0,92.8390884399414,420.0080261230469,239.0,-92.8390884399414,433.0074768066406,373.0003662109375,142.80545043945312,472.9999084472656,360.01751708984375,-73.10501861572266,466.0,265.96160888671875,360.4769287109375,504.0383605957031,244.0,126.8251953125,461.9999084472656,237.0,386.431640625,494.5922546386719,219.50067138671875,150.48583984375,495.9983215332031,249.47027587890625,437.8215637207031,545.3428955078125,224.0174560546875,178.66525268554688,
190.0,261.0,-344.7781982421875,176.9999237060547,254.0,-338.75970458984375,175.99966430664062,253.0,-338.75970458984375,174.99923706054688,252.0,-338.7816467285156,179.65859985351562,252.0,-371.79681396484375,180.0,249.0,-371.806396484375,180.99993896484375,246.0,-371.806396484375,178.99996948242188,234.0,-259.6537780761719,188.3643035888672,228.0,-405.5478515625,200.99998474121094,260.0,-306.98358154296875,203.9999542236328,256.0,-349.76019287109375,214.1804656982422,241.96160888671875,-143.34613037109375,280.00006103515625,218.99993896484375,-423.57794189453125,230.955078125,336.9997863769531,-54.119468688964844,309.0010070800781,322.1802062988281,-440.35882568359375,244.2711944580078,423.0,-85.35374450683594,298.0313415527344,418.9999694824219,-426.4040832519531,252.94651794433594,443.9999694824219,-92.7542724609375,300.98309326171875,440.00030517578125,-467.59344482421875,251.97454833984375,444.08392333984375,-132.4698944091797,291.9969177246094,440.9999694824219,-456.5910949707031,251.95193481445312,439.0008239746094,-101.75782012939453,287.5921630859375,436.00030517578125,-421.4496765136719,387.1802673339844,263.0,92.92669677734375,420.00360107421875,239.0,-92.92669677734375,433.00335693359375,373.0002136230469,142.91139221191406,472.67596435546875,360.0079650878906,-73.53255462646484,466.0,265.98260498046875,360.4059143066406,504.0173645019531,244.0,127.07925415039062,461.99993896484375,237.0,386.3853759765625,495.5457763671875,219.28594970703125,150.912353515625,495.99920654296875,249.7445068359375,438.0820617675781,545.6406860351562,224.00799560546875,179.31764221191406,
190.0,261.0,-344.4170227050781,176.99998474121094,254.0,-338.0846862792969,175.9998321533203,253.0,-338.4085693359375,174.99964904785156,252.0,-338.41864013671875,179.35997009277344,252.0,-371.4258728027344,180.0,249.0,-371.4301452636719,180.9999542236328,246.0,-371.4301452636719,178.99996948242188,234.0,-259.03424072265625,188.1785125732422,228.0,-404.9432067871094,201.0,260.0,-306.5210876464844,203.9999542236328,256.0,-349.4089050292969,214.08419799804688,241.98260498046875,-142.8463897705078,280.0000305175781,219.0,-423.2810974121094,231.3035430908203,336.99993896484375,-53.58260726928711,309.00042724609375,322.4080505371094,-439.6989440917969,244.60824584960938,423.0,-84.26532745361328,298.0141906738281,419.0,-424.92401123046875,252.9757537841797,444.0,-91.17306518554688,300.66839599609375,440.0001220703125,-466.0126037597656,251.9884796142578,444.03839111328125,-130.9965057373047,291.99859619140625,441.0,-455.0115966796875,251.9781951904297,439.0003967285156,-100.49858856201172,287.3294677734375,436.0000915527344,-419.9449768066406,387.0840759277344,263.0,92.966796875,420.0016174316406,239.0,-92.966796875,433.0014953613281,373.00018310546875,142.63592529296875,472.3678283691406,360.00360107421875,-74.09871673583984,466.0,265.99212646484375,359.9134826660156,504.0078125,244.0,127.08370208740234,461.9999694824219,237.0,385.90423583984375,496.5730285644531,219.14276123046875,151.0056610107422,495.9996337890625,249.881591796875,437.76177978515625,545.8236694335938,224.00360107421875,179.67457580566406,
190.0,261.0,-344.202880859375,177.0,254.0,-337.5669250488281,175.99993896484375,253.0,-337.87506103515625,174.9998321533203,252.0,-338.2035827636719,179.17657470703125,252.0,-371.2069091796875,180.0,249.0,-371.20880126953125,180.99996948242188,246.0,-371.20880126953125,178.99996948242188,234.0,-258.543701171875,188.0833282470703,228.0,-404.49224853515625,201.0,260.0,-306.25213623046875,203.9999542236328,256.0,-349.1991882324219,214.03846740722656,241.9921875,-142.44749450683594,280.0,219.0,-422.8067626953125,231.6228790283203,336.9999694824219,-52.95598602294922,309.0001220703125,322.67059326171875,-439.010009765625,244.80902099609375,423.0,-83.6163330078125,298.0064392089844,419.323974609375,-423.96649169921875,252.98902893066406,444.0,-90.10054016113281,300.3644104003906,440.3240051269531,-465.0070495605469,251.9947967529297,444.0174560546875,-130.0095672607422,291.9993591308594,441.00006103515625,-454.006591796875,251.99014282226562,439.000244140625,-99.73338317871094,287.1627197265625,436.00006103515625,-418.97607421875,387.0384216308594,263.0,92.9849853515625,420.00067138671875,239.0,-92.9849853515625,433.0006408691406,373.0000915527344,142.67364501953125,472.18011474609375,360.0016784667969,-74.52767944335938,466.0,265.9964599609375,359.811279296875,504.0035095214844,244.0,127.04901123046875,462.0,237.0,385.8070983886719,497.27288818359375,219.067138671875,151.0133056640625,495.9997863769531,249.6220703125,437.7418212890625,545.9176025390625,224.00164794921875,179.84974670410156,
190.0,261.0,-344.09442138671875,177.0,254.0,-337.2728576660156,175.99993896484375,253.0,-337.78448486328125,174.99989318847656,252.0,-338.0947265625,179.08245849609375,252.0,-371.09625244140625,180.0,249.0,-371.09710693359375,180.99998474121094,246.0,-371.09710693359375,178.99996948242188,234.0,-258.26226806640625,188.03810119628906,228.0,-404.2369079589844,201.0,260.0,-306.1170654296875,203.9999542236328,256.0,-349.0927734375,214.01742553710938,241.99652099609375,-142.21656799316406,280.0,219.0,-422.75146484375,231.815673828125,337.0,-52.821414947509766,308.67608642578125,322.8373107910156,-438.5220947265625,244.58706665039062,423.0,-83.61092376708984,298.00286865234375,419.6321716308594,-423.45709228515625,252.9950408935547,444.0,-90.16986846923828,300.1785888671875,440.63214111328125,-464.7994384765625,251.9976348876953,444.0079040527344,-130.1265411376953,291.99969482421875,441.00006103515625,-453.79925537109375,251.99554443359375,439.0001525878906,-99.66609954833984,287.0761413574219,436.3240051269531,-418.78533935546875,387.01739501953125,263.0,92.99320983886719,420.000244140625,239.0,-92.99320983886719,433.000244140625,373.0,142.8040771484375,472.08404541015625,360.0007629394531,-74.4482650756836,466.0,265.9984130859375,360.5165100097656,504.0015869140625,244.0,127.02437591552734,462.0,237.0,386.5146179199219,497.9777526855469,218.7069091796875,151.00814819335938,495.99981689453125,249.01947021484375,438.4849548339844,545.962158203125,224.00079345703125,179.93157958984375,
190.0,261.0,-343.3952941894531,177.0,254.0,-336.4785461425781,175.99993896484375,253.0,-336.8827819824219,174.676025390625,252.0,-337.0714416503906,179.03768920898438,252.0,-370.07208251953125,180.0,249.0,-370.072509765625,181.0,246.0,-370.072509765625,178.99996948242188,234.0,-257.79766845703125,188.01727294921875,228.0,-403.137939453125,201.0,260.0,-305.4054870605469,203.9999542236328,256.0,-348.0705261230469,214.0078887939453,241.9984130859375,-142.1005859375,280.0,219.0,-421.2196350097656,231.91403198242188,337.0,-53.19529724121094,308.36785888671875,323.247802734375,-435.98284912109375,244.32717895507812,423.0,-83.76322174072266,297.6773986816406,420.14385986328125,-420.6187438964844,252.9977569580078,444.0,-90.50460815429688,300.0833740234375,441.143798828125,-461.6113586425781,251.99893188476562,444.00360107421875,-130.48463439941406,291.6759338378906,441.3240051269531,-450.61126708984375,251.99795532226562,439.0,-99.78855895996094,286.7109069824219,436.6321716308594,-415.92889404296875,387.00787353515625,263.0,92.67300415039062,420.00006103515625,239.0,-92.67300415039062,433.00006103515625,373.0,142.5762939453125,472.03839111328125,360.0003662109375,-73.61432647705078,466.0,265.99932861328125,359.8983154296875,504.00067138671875,244.0,126.68746185302734,462.0,237.0,385.5735168457031,498.472412109375,218.38189697265625,150.68014526367188,495.9999084472656,248.53704833984375,437.56011962890625,545.9827880859375,224.00048828125,179.6450653076172,
190.0,261.0,-342.107421875,177.0,254.0,-335.1454772949219,175.99993896484375,253.0,-335.37884521484375,174.3678436279297,252.0,-335.475341796875,179.01705932617188,252.0,-368.15167236328125,180.0,249.0,-368.475830078125,181.0,246.0,-368.475830078125,178.99996948242188,234.0,-257.0993957519531,188.00779724121094,228.0,-401.1817932128906,201.0,260.0,-304.4360046386719,203.9999542236328,256.0,-346.47491455078125,214.00352478027344,241.99932861328125,-142.0458984375,280.0,219.0,-418.78363037109375,231.960693359375,337.0,-53.562808990478516,308.1801452636719,323.5973205566406,-432.3952331542969,244.16168212890625,423.0,-83.87926483154297,297.368408203125,420.5480651855469,-416.41888427734375,252.9989776611328,444.0,-90.74899291992188,299.71417236328125,441.5481262207031,-456.9781799316406,251.99949645996094,444.0016784667969,-130.4159698486328,291.3677673339844,441.6321716308594,-445.9781188964844,251.9990692138672,439.0,-99.56684112548828,286.3836364746094,437.1438293457031,-411.6074523925781,387.00347900390625,263.0,92.04254913330078,420.0000305175781,239.0,-92.04254913330078,433.0000305175781,373.0,142.32054138183594,472.0173645019531,360.0001525878906,-72.54375457763672,466.0,265.999755859375,358.10546875,504.0002746582031,244.0,126.04914093017578,462.0,237.0,383.472900390625,498.7471008300781,218.18658447265625,149.72190856933594,496.0,247.9354248046875,435.46685791015625,545.9922485351562,224.00030517578125,179.0299072265625,
189.67605590820312,261.0,-341.1048889160156,177.0,254.0,-334.12213134765625,175.9999542236328,253.0,-334.2392272949219,174.1801300048828,252.0,-334.6089782714844,179.00770568847656,252.0,-366.9769592285156,180.0,249.0,-367.2853088378906,181.0,246.0,-367.2853088378906,178.99996948242188,234.0,-256.5731201171875,188.00350952148438,228.0,-399.66668701171875,201.0,260.0,-303.73907470703125,203.9999542236328,256.0,-345.6087646484375,214.00155639648438,241.99981689453125,-142.02078247070312,280.0,219.0,-416.9642028808594,231.98216247558594,337.0,-54.1102294921875,308.08404541015625,324.12799072265625,-430.1092834472656,244.0757293701172,423.0,-83.9427719116211,297.1803894042969,421.10540771484375,-413.6477355957031,252.99952697753906,444.0,-90.88130950927734,299.3851013183594,441.781494140625,-453.9256896972656,251.999755859375,444.00079345703125,-130.24505615234375,291.18011474609375,442.1438293457031,-442.9256286621094,251.99957275390625,439.0,-99.31584167480469,286.1872863769531,437.5481262207031,-408.74420166015625,387.0015563964844,263.0,91.54739379882812,420.0,239.0,-91.54739379882812,433.0,373.0,142.1583709716797,472.00787353515625,360.0000305175781,-71.79042053222656,466.0,265.99993896484375,356.64031982421875,504.00006103515625,244.0,125.55037689208984,462.0,237.0,381.8203125,499.2069091796875,218.08697509765625,148.916748046875,496.0,247.48822021484375,433.8175964355469,545.9963989257812,224.0,178.54168701171875,
189.36785888671875,261.0,-340.53240966796875,177.0,254.0,-333.54022216796875,175.99996948242188,253.0,-333.595458984375,174.08404541015625,252.0,-334.2486572265625,179.00347900390625,252.0,-366.1049499511719,180.0,249.0,-366.61663818359375,181.0,246.0,-366.61663818359375,178.99996948242188,234.0,-256.27557373046875,188.0015869140625,228.0,-398.80291748046875,201.0,260.0,-303.35321044921875,203.9999542236328,256.0,-344.9246520996094,214.0006866455078,241.99993896484375,-142.0093994140625,280.0,219.0,-415.94232177734375,231.99191284179688,337.0,-54.532493591308594,308.0384216308594,324.5409240722656,-428.6412353515625,244.03463745117188,423.0,-83.97368621826172,297.08416748046875,421.5306701660156,-411.9010925292969,252.99978637695312,444.0,-90.94546508789062,299.18792724609375,441.8985290527344,-452.0316162109375,251.9998779296875,444.0003662109375,-130.1237335205078,291.08404541015625,442.5481262207031,-441.0315856933594,251.99978637695312,439.0,-99.15619659423828,286.0872802734375,437.78143310546875,-406.9469299316406,387.0006408691406,263.0,91.26394653320312,420.0,239.0,-91.26394653320312,432.9999084472656,373.0,142.07418823242188,472.00347900390625,360.0000305175781,-71.05294799804688,466.0,266.0,355.46881103515625,503.9999694824219,244.0,125.26530456542969,462.0,237.0,380.55279541015625,499.5787658691406,218.039794921875,148.4447784423828,496.0,247.235107421875,432.87548828125,545.9983520507812,224.0,178.2613525390625,
189.1801300048828,261.0,-340.2467956542969,177.0,254.0,-333.2503356933594,175.99998474121094,253.0,-333.2756652832031,174.0384063720703,252.0,-334.1051330566406,179.00155639648438,252.0,-365.8810119628906,180.0,249.0,-366.28533935546875,181.0,246.0,-366.28533935546875,178.99996948242188,234.0,-256.1275939941406,188.00071716308594,228.0,-398.3721618652344,201.0,260.0,-303.16314697265625,203.9999542236328,256.0,-344.47296142578125,214.0002899169922,242.0,-142.0042266845703,280.0,219.323974609375,-415.4360046386719,231.67239379882812,337.0,-54.45037841796875,308.0173645019531,324.77825927734375,-428.1278381347656,244.0156707763672,423.3239440917969,-83.66410064697266,297.0384216308594,421.7735595703125,-410.9244384765625,252.9998779296875,444.0,-90.65128326416016,299.4114990234375,441.9537048339844,-451.30816650390625,251.9999542236328,444.0002136230469,-129.73451232910156,291.03839111328125,442.78143310546875,-439.9842529296875,251.9998779296875,439.0,-99.07318115234375,286.3638000488281,437.8985290527344,-405.945556640625,387.0002136230469,263.0,91.12239074707031,420.0,239.0,-91.12239074707031,432.9999084472656,373.0,142.35787963867188,472.0015563964844,360.0000305175781,-70.54181671142578,466.0,266.0,354.7357482910156,503.9999694824219,244.0,125.12300109863281,462.0,237.0,379.77410888671875,499.7956237792969,218.01812744140625,148.20677185058594,496.0,247.1090087890625,432.4056701660156,545.9992065429688,224.0,178.12123107910156,
189.08404541015625,261.0,-340.112548828125,177.0,254.0,-333.1141052246094,176.0,253.0,-333.1256103515625,174.01739501953125,252.0,-334.0458984375,179.0006866455078,252.0,-365.8966369628906,180.0,249.0,-366.1300048828125,181.0,246.0,-366.1300048828125,178.99996948242188,234.0,-256.0581359863281,188.00030517578125,228.0,-398.4936218261719,201.0,260.0,-303.07427978515625,203.9999542236328,256.0,-344.54998779296875,214.0001220703125,242.0,-142.0019073486328,280.0,219.3082275390625,-415.84649658203125,231.36619567871094,337.0,-54.26313781738281,308.0078125,324.8970947265625,-428.9806213378906,244.00706481933594,423.6321716308594,-83.3624496459961,297.34136962890625,421.89495849609375,-411.7274169921875,252.99990844726562,444.0,-90.35665893554688,299.6721496582031,441.97900390625,-452.38671875,251.99998474121094,444.0001220703125,-129.39471435546875,291.3413391113281,442.5745849609375,-441.0784912109375,251.9999542236328,439.0,-99.03350067138672,286.9741516113281,437.9537353515625,-406.7370300292969,387.00006103515625,263.0,91.05581665039062,420.0,239.0,-91.05581665039062,432.9999084472656,373.0,142.97145080566406,472.0006408691406,360.0000305175781,-70.25933837890625,466.0,266.0,354.99578857421875,503.9999694824219,244.0,125.05609130859375,462.0,237.0,380.0132141113281,499.9049072265625,218.00823974609375,148.09439086914062,496.0,247.0496826171875,432.1849365234375,545.9995727539062,224.0,177.73135375976562,
189.0384063720703,261.0,-340.3749084472656,177.0,254.0,-333.3755798339844,176.0,253.0,-333.38079833984375,174.00784301757812,252.0,-334.02044677734375,179.0002899169922,252.0,-366.26568603515625,180.0,249.0,-366.3828125,181.0,246.0,-366.3828125,178.99996948242188,234.0,-256.02630615234375,188.00010681152344,228.0,-399.6807556152344,201.0,260.0,-303.03363037109375,203.9999542236328,256.0,-345.0605163574219,214.00003051757812,242.0,-142.00086975097656,280.0,219.187744140625,-417.3259582519531,231.17938232421875,337.0,-54.13237380981445,308.0035400390625,324.9530944824219,-431.18463134765625,244.00320434570312,423.8199157714844,-83.17769622802734,297.6400146484375,421.6281433105469,-414.34576416015625,252.9999542236328,444.0,-90.49903106689453,299.83795166015625,441.9905700683594,-455.5018310546875,251.99998474121094,444.0,-129.8402099609375,291.9639587402344,442.321533203125,-443.99017333984375,251.99998474121094,439.0,-99.3391342163086,287.4601135253906,437.97906494140625,-409.35015869140625,387.0000305175781,263.0,91.0252914428711,420.0,239.0,-91.0252914428711,432.9999084472656,373.0,143.78286743164062,472.0002136230469,360.0000305175781,-70.11992645263672,466.0,266.0,355.7482604980469,503.9999694824219,244.0,125.02540588378906,462.0,237.0,380.7561340332031,499.9565734863281,218.00372314453125,148.0427703857422,496.32391357421875,247.0225830078125,432.4076843261719,545.999755859375,224.0,177.3928985595703,
189.0174102783203,261.0,-339.0355224609375,177.0,254.0,-332.0357971191406,176.0,253.0,-332.0381164550781,174.00352478027344,252.0,-332.71337890625,179.00013732910156,252.0,-364.9837951660156,180.0,249.0,-365.0390319824219,181.0,246.0,-365.0390319824219,178.99996948242188,234.0,-255.04006958007812,188.00003051757812,228.0,-398.4833984375,201.0,260.0,-302.04339599609375,203.9999542236328,256.0,-343.8798522949219,214.32394409179688,242.0,-142.00039672851562,280.0,219.09613037109375,-416.30908203125,231.08370971679688,337.0,-54.06242370605469,308.32550048828125,325.30267333984375,-430.390869140625,244.0014190673828,423.9159851074219,-82.75904083251953,297.8233642578125,421.6701354980469,-413.2903137207031,252.67605590820312,444.0,-90.06604766845703,299.9240417480469,441.99578857421875,-454.1960754394531,251.99998474121094,444.323974609375,-129.3820343017578,292.45550537109375,442.483154296875,-442.79180908203125,251.99998474121094,439.0,-98.99112701416016,287.7394104003906,437.9905700683594,-408.29229736328125,387.0,263.0,90.68749237060547,420.0,239.0,-90.68749237060547,432.9999084472656,373.0,143.72314453125,472.00006103515625,360.0000305175781,-69.73069763183594,466.0,266.0,353.4291687011719,503.9999694824219,244.0,124.0396728515625,462.0,237.0,378.10882568359375,499.6563720703125,218.001708984375,146.72360229492188,496.632080078125,247.01031494140625,429.75457763671875,545.6759643554688,224.0,176.5435791015625,
189.00787353515625,261.0,-334.75421142578125,177.0,254.0,-327.7543029785156,176.0,253.0,-327.75537109375,174.0015869140625,252.0,-328.2362365722656,179.00003051757812,252.0,-360.406494140625,180.0,249.0,-360.4318542480469,181.0,246.0,-360.4318542480469,178.99996948242188,234.0,-251.1935577392578,188.00001525878906,228.0,-394.05078125,201.0,260.0,-298.1950378417969,203.9999542236328,256.0,-340.00518798828125,214.63209533691406,242.0,-140.38050842285156,280.0,219.04571533203125,-412.29327392578125,230.71432495117188,337.0,-52.40898132324219,309.2806701660156,325.2986145019531,-426.05169677734375,243.67669677734375,423.96160888671875,-78.84254455566406,298.24139404296875,421.47857666015625,-407.59490966796875,252.04391479492188,443.6761169433594,-85.7057876586914,300.28912353515625,441.6741943359375,-447.7906494140625,251.3520965576172,444.3082275390625,-124.57308959960938,292.7373046875,442.3828430175781,-436.55731201171875,251.676025390625,439.0,-94.67149353027344,287.87908935546875,437.67181396484375,-402.9197082519531,387.3239440917969,263.0,90.04908752441406,420.0,239.0,-90.04908752441406,432.9999084472656,373.0,143.11053466796875,472.0000305175781,360.0000305175781,-69.39261627197266,466.0,266.0,349.05181884765625,503.9999694824219,244.0,122.46092224121094,462.0,237.0,373.42132568359375,497.4153137207031,218.32470703125,144.83233642578125,496.8197937011719,247.0047607421875,425.2041320800781,545.3677978515625,224.0,175.50099182128906,
189.00352478027344,261.0,-330.808349609375,177.0,254.0,-323.484375,176.0,253.0,-323.48486328125,174.0006866455078,252.0,-324.07720947265625,179.00001525878906,252.0,-356.1653747558594,180.0,249.0,-356.1768798828125,181.0,246.0,-356.1768798828125,178.99996948242188,234.0,-246.88189697265625,188.0,228.0,-390.288330078125,201.0,260.0,-294.53045654296875,203.9999542236328,256.0,-336.406982421875,215.14373779296875,242.0,-137.8676300048828,280.0,219.02105712890625,-409.20709228515625,229.73731994628906,336.3521423339844,-48.90876770019531,311.7040710449219,323.8876953125,-422.9468078613281,243.36813354492188,423.6586608886719,-73.9482192993164,299.566162109375,419.3238525390625,-403.6318664550781,251.22406005859375,443.367919921875,-80.41191101074219,301.588134765625,440.3952331542969,-443.25970458984375,250.73570251464844,443.8638000488281,-118.87744140625,293.5260314941406,440.9261169433594,-432.4665832519531,251.04391479492188,438.6761169433594,-89.39635467529297,288.9166259765625,436.0702819824219,-399.2644348144531,387.9560241699219,263.0,89.55035400390625,420.0,239.0,-89.55035400390625,433.3238220214844,373.0,142.26492309570312,472.0,360.0000305175781,-70.48706817626953,466.0,266.0,345.3585510253906,503.9999694824219,244.0,119.9828109741211,462.0,237.0,369.8633728027344,495.707275390625,218.632568359375,142.16456604003906,496.91583251953125,247.3260498046875,422.0761413574219,545.1800537109375,224.0,173.79713439941406,
189.0015869140625,261.0,-328.697265625,177.0,254.0,-321.38909912109375,175.6760711669922,253.0,-321.3892822265625,174.0002899169922,252.0,-322.1544494628906,179.0,252.0,-354.1965026855469,180.0,249.0,-354.2016906738281,181.0,246.0,-354.2016906738281,178.99996948242188,234.0,-244.30226135253906,188.0,228.0,-388.728271484375,201.0,260.0,-292.5668029785156,203.9999542236328,256.0,-334.50189208984375,215.54803466796875,242.0,-136.00440979003906,280.0,219.00958251953125,-407.8393859863281,228.27584838867188,335.411865234375,-45.78995895385742,315.33599853515625,320.62200927734375,-421.6754455566406,242.53237915039062,423.03607177734375,-70.54508209228516,302.6426696777344,415.0722961425781,-401.9692077636719,249.98422241210938,442.8562316894531,-77.09468078613281,304.3287353515625,437.6637268066406,-441.2717590332031,250.03634643554688,443.14007568359375,-115.32118225097656,295.82830810546875,437.96343994140625,-430.8487548828125,250.5479736328125,437.7200622558594,-86.087646484375,291.4910583496094,432.7072448730469,-397.7893371582031,388.451904296875,263.0,89.26526641845703,420.0,239.0,-89.26526641845703,433.632080078125,373.0,140.3569793701172,472.3239440917969,360.3240051269531,-74.53303527832031,465.676025390625,266.0,342.8149719238281,503.9999694824219,244.0,117.4372329711914,461.6760559082031,237.323974609375,367.2075500488281,494.1474304199219,219.4678955078125,139.84596252441406,496.3136291503906,247.63311767578125,420.7586975097656,545.083984375,224.0,172.4703826904297,
189.0006866455078,261.0,-328.0686340332031,176.67604064941406,254.0,-320.5570068359375,175.36785888671875,253.0,-320.5570983886719,174.00013732910156,252.0,-321.1154479980469,178.99996948242188,252.0,-353.4587097167969,179.67605590820312,249.0,-353.4610900878906,180.6760711669922,246.0,-353.4610900878906,178.99996948242188,234.0,-242.72120666503906,188.0,228.0,-388.2313537597656,201.0,260.0,-291.6849670410156,203.67601013183594,256.0,-333.9776916503906,215.78138732910156,242.0,-134.63693237304688,280.0,219.00439453125,-407.3273010253906,226.5358123779297,334.4042663574219,-42.90007019042969,319.3489990234375,317.64874267578125,-419.6227111816406,241.17198181152344,421.5727233886719,-67.06782531738281,306.13226318359375,411.0704040527344,-398.7785949707031,248.06661987304688,441.4801330566406,-73.48104858398438,308.1524658203125,434.4919738769531,-437.5948486328125,248.88812255859375,441.2979736328125,-111.58646392822266,299.394775390625,434.9648132324219,-427.7132873535156,249.94027709960938,435.9441223144531,-82.47787475585938,295.55242919921875,429.36370849609375,-394.6945495605469,388.7356872558594,263.0,89.12298583984375,420.3238830566406,239.0,-89.12298583984375,433.495849609375,373.0,139.10777282714844,472.6321105957031,360.6322021484375,-77.36138153076172,464.7199401855469,266.0,341.6922607421875,503.9999694824219,244.0,115.7403335571289,460.719970703125,237.63214111328125,366.24249267578125,492.773681640625,220.82818603515625,138.41122436523438,495.71826171875,247.4964599609375,420.6104431152344,545.0384521484375,224.0,171.7097625732422,
189.0002899169922,261.0,-327.9617004394531,176.36785888671875,254.0,-320.2335205078125,175.18014526367188,253.0,-320.23358154296875,174.00003051757812,252.0,-320.54595947265625,178.99996948242188,252.0,-353.18695068359375,179.36785888671875,249.0,-353.1879577636719,180.36785888671875,246.0,-353.1879577636719,178.99996948242188,234.0,-241.83847045898438,188.0,228.0,-387.7572021484375,201.0,260.0,-291.3024597167969,203.36782836914062,256.0,-333.920166015625,215.89846801757812,241.67608642578125,-133.8123321533203,280.32391357421875,218.677978515625,-406.8113708496094,224.9803009033203,333.71624755859375,-40.657745361328125,322.43695068359375,315.4819030761719,-417.2862548828125,239.81057739257812,420.0423583984375,-63.969730377197266,308.84515380859375,408.52984619140625,-395.1224670410156,245.95599365234375,439.67437744140625,-70.2054214477539,311.61553955078125,431.9710998535156,-433.2303161621094,247.66883850097656,439.43280029296875,-107.92961120605469,302.7281494140625,432.67315673828125,-423.766845703125,249.16647338867188,434.22412109375,-79.2039794921875,298.9585266113281,426.8674011230469,-390.7600402832031,388.8774108886719,263.0,89.05608367919922,420.632080078125,239.0,-89.05608367919922,433.2837829589844,373.0,138.82107543945312,472.8197937011719,360.8199157714844,-78.47251892089844,463.91583251953125,266.0,341.270263671875,503.9999694824219,244.0,114.50211334228516,459.9158630371094,237.81988525390625,366.0159912109375,491.56781005859375,221.86566162109375,137.3395233154297,495.3523864746094,247.2840576171875,420.74822998046875,545.0173950195312,224.0,171.3292999267578,
188.6761932373047,261.0,-327.6431579589844,176.18011474609375,254.0,-319.7776794433594,175.08409118652344,253.0,-319.7777099609375,174.00001525878906,252.0,-319.93243408203125,178.676025390625,252.0,-352.75628662109375,179.1801300048828,249.0,-352.7567138671875,180.18014526367188,246.0,-352.7567138671875,178.99996948242188,234.0,-240.7441864013672,188.0,228.0,-387.3997497558594,200.6760711669922,260.0,-290.8111267089844,203.1801300048828,256.0,-333.6243896484375,215.95364379882812,241.367919921875,-131.76300048828125,280.6321105957031,218.36871337890625,-406.42645263671875,223.6674346923828,333.0172424316406,-36.07147216796875,325.8757629394531,312.5960693359375,-414.380615234375,238.58984375,418.3822937011719,-58.103485107421875,311.4245910644531,405.8967590332031,-389.694580078125,243.5363006591797,437.72991943359375,-63.897377014160156,315.1053466796875,428.84185791015625,-426.9476318359375,246.19924926757812,437.2488098144531,-101.61100006103516,306.1567687988281,430.01763916015625,-418.0477600097656,248.2799530029297,432.1431579589844,-73.22065734863281,302.3088073730469,424.1081237792969,-385.0450439453125,388.94403076171875,263.0,89.3493423461914,420.81976318359375,239.0,-89.3493423461914,433.14166259765625,373.0,139.82586669921875,472.9158630371094,361.23992919921875,-80.44567108154297,463.1203918457031,266.0,341.4356994628906,503.9999694824219,244.0,112.12875366210938,459.1203918457031,237.916015625,365.9851379394531,490.78997802734375,222.45416259765625,135.0526123046875,495.16461181640625,247.4658203125,421.19354248046875,545.0078125,224.0,170.5023651123047,
188.36788940429688,261.0,-326.7021179199219,176.08407592773438,254.0,-318.76513671875,175.0384521484375,253.0,-318.7651672363281,174.0,252.0,-319.1616516113281,178.3678436279297,252.0,-352.0793762207031,179.08404541015625,249.0,-352.07952880859375,180.08409118652344,246.0,-352.07952880859375,178.99996948242188,234.0,-239.5913848876953,188.0,228.0,-386.8697509765625,200.3678436279297,260.0,-290.1046142578125,203.08407592773438,256.0,-333.01751708984375,215.9789581298828,241.18017578125,-129.69119262695312,280.81982421875,218.18060302734375,-405.8821716308594,222.51220703125,331.87744140625,-30.998096466064453,329.6411437988281,309.4365234375,-409.6781005859375,237.15306091308594,416.5758361816406,-51.08797836303711,314.4681091308594,402.7235412597656,-380.3698425292969,240.85012817382812,435.746826171875,-56.511322021484375,318.790771484375,425.5523681640625,-416.0432434082031,244.16644287109375,435.032470703125,-94.00953674316406,309.49017333984375,427.114990234375,-407.8954772949219,246.68557739257812,429.6585693359375,-66.14315032958984,305.24615478515625,420.83233642578125,-375.54217529296875,388.974609375,263.0,89.96754455566406,420.9158630371094,239.0,-89.96754455566406,433.06658935546875,373.0,140.81570434570312,472.9615173339844,361.5937194824219,-85.3363037109375,462.2505187988281,266.32391357421875,339.73687744140625,503.9999694824219,244.0,107.27722930908203,458.2505187988281,238.93341064453125,363.7212829589844,491.6701354980469,222.4232177734375,130.24237060546875,494.7513122558594,248.02276611328125,420.59820556640625,545.0035400390625,224.0,168.1841278076172,
188.18017578125,261.0,-325.5833740234375,176.03843688964844,254.0,-317.6122131347656,175.01744079589844,253.0,-317.6122131347656,173.99996948242188,252.0,-318.2775573730469,178.18014526367188,252.0,-350.916015625,179.0384063720703,249.0,-351.239990234375,180.0384521484375,246.0,-351.239990234375,178.99996948242188,234.0,-238.80970764160156,188.0,228.0,-385.81005859375,200.18014526367188,260.0,-289.57537841796875,203.03842163085938,256.0,-332.2116394042969,216.3143768310547,240.76025390625,-128.34852600097656,280.9158935546875,218.40826416015625,-404.81573486328125,221.11544799804688,330.01580810546875,-27.231182098388672,333.8741760253906,306.6171569824219,-403.76416015625,235.1434783935547,413.3770751953125,-44.22622299194336,317.9521789550781,400.1171569824219,-369.8406677246094,237.6797332763672,432.7809143066406,-49.431827545166016,321.9808349609375,422.67034912109375,-404.57684326171875,241.3536834716797,431.5978088378906,-86.38414001464844,312.35919189453125,424.45831298828125,-396.65753173828125,244.12197875976562,425.9426574707031,-59.25153350830078,307.7654113769531,417.8449401855469,-365.2452087402344,388.9884948730469,263.0,90.4571533203125,420.96148681640625,239.0,-90.4571533203125,432.7065734863281,373.0,142.0680389404297,472.98248291015625,361.80242919921875,-88.42292022705078,461.318359375,266.63214111328125,338.3724365234375,503.9999694824219,244.0,104.34587097167969,457.318359375,240.20294189453125,362.2170715332031,493.6727294921875,221.9287109375,127.33004760742188,494.0780334472656,248.8065185546875,419.89483642578125,545.325439453125,224.0,166.55438232421875,
188.08409118652344,261.0,-319.9492492675781,176.01742553710938,254.0,-311.9623718261719,175.00787353515625,253.0,-311.9623718261719,173.99996948242188,251.67608642578125,-312.4733581542969,178.08407592773438,252.0,-345.1481018066406,179.0174102783203,249.0,-345.456298828125,180.01744079589844,246.0,-345.456298828125,178.99996948242188,234.0,-234.49798583984375,188.0,228.0,-381.39373779296875,200.08407592773438,260.0,-284.4175720214844,203.0174102783203,256.0,-327.0912780761719,216.62779235839844,239.758544921875,-123.42556762695312,280.9615478515625,218.34674072265625,-400.7202453613281,219.1260223388672,326.96087646484375,-16.95907211303711,338.14593505859375,303.1952819824219,-395.30902099609375,232.01898193359375,408.5703125,-26.39282989501953,322.0247802734375,396.9178771972656,-355.7759094238281,234.11929321289062,428.5629577636719,-29.868804931640625,325.6111145019531,418.8955383300781,-389.1193542480469,237.64483642578125,426.99676513671875,-65.72533416748047,315.1481628417969,420.14910888671875,-380.5537109375,240.21347045898438,420.8425598144531,-40.432525634765625,310.9938659667969,413.6616516113281,-350.797119140625,388.9947509765625,262.6761474609375,90.73809814453125,420.9825439453125,239.0,-91.06202697753906,432.0577697753906,373.0,143.64157104492188,472.9920654296875,361.9080810546875,-92.13804626464844,460.6748352050781,267.143798828125,335.37109375,504.3238525390625,244.323974609375,99.44877624511719,456.9987487792969,241.08380126953125,358.60711669921875,496.2259826660156,221.171875,122.44161987304688,493.56341552734375,249.7056884765625,417.4997253417969,545.6327514648438,224.0,163.77137756347656,
188.03842163085938,261.0,-302.91748046875,175.68392944335938,254.0,-294.2755126953125,174.67962646484375,253.0,-294.2755126953125,173.676025390625,251.367919921875,-294.566162109375,178.03842163085938,252.0,-328.0185546875,179.00787353515625,249.0,-328.2063293457031,180.00787353515625,246.0,-328.2063293457031,178.99996948242188,234.0,-217.95864868164062,188.0,228.0,-366.8197937011719,200.03843688964844,260.0,-267.98455810546875,203.0078582763672,256.0,-311.1125793457031,216.81788635253906,238.6094970703125,-108.06122589111328,280.9825134277344,218.2052001953125,-388.7206115722656,217.30679321289062,323.9532775878906,3.505934238433838,341.9943542480469,298.43017578125,-381.8191223144531,228.97958374023438,403.6516418457031,1.006821870803833,326.8638610839844,391.6451416015625,-338.2095947265625,230.65618896484375,424.1202392578125,-0.5522754192352295,329.83221435546875,413.16107177734375,-370.1263122558594,234.27943420410156,422.3305358886719,-35.8560905456543,318.33026123046875,413.8518371582031,-360.9100036621094,236.59829711914062,415.77777099609375,-12.749858856201172,315.0105285644531,407.89581298828125,-332.78192138671875,389.321533203125,262.04400634765625,91.5263900756836,421.3160400390625,238.6761474609375,-91.83457946777344,431.23028564453125,373.0,145.42811584472656,472.99639892578125,361.9580383300781,-97.1949234008789,459.9980163574219,267.54815673828125,329.94989013671875,504.63201904296875,244.63214111328125,91.27735137939453,456.9541015625,241.56402587890625,352.2984313964844,499.0268249511719,220.60858154296875,114.59806060791016,492.9472351074219,250.33575439453125,413.1475524902344,546.14404296875,224.0,157.64344787597656,
188.0174102783203,261.0,-286.2236328125,175.37139892578125,254.0,-276.9620361328125,174.3694610595703,253.0,-277.2859802246094,173.3678436279297,251.18017578125,-277.4308166503906,178.0174102783203,251.67608642578125,-311.27154541015625,178.67959594726562,249.0,-311.36761474609375,179.67962646484375,246.0,-311.36761474609375,178.99996948242188,234.0,-201.64605712890625,188.0,228.0,-352.0689697265625,200.01744079589844,260.0,-251.736572265625,202.67958068847656,256.0,-295.5928649902344,216.91500854492188,237.49627685546875,-93.36298370361328,280.66815185546875,217.7801513671875,-376.63818359375,216.15237426757812,321.9897766113281,21.11004066467285,344.80364990234375,294.22296142578125,-369.49169921875,226.67767333984375,400.36981201171875,22.9071044921875,330.96661376953125,386.5704650878906,-323.5989685058594,228.03512573242188,420.7890930175781,22.294723510742188,333.1479187011719,408.14373779296875,-354.2441101074219,231.8163604736328,418.8868408203125,-12.487170219421387,321.2395324707031,408.48370361328125,-344.62823486328125,233.97430419921875,412.10333251953125,9.100031852722168,318.22943115234375,402.975830078125,-317.8828125,389.6310119628906,261.22418212890625,92.53277587890625,421.6285095214844,238.367919921875,-92.72048950195312,430.3109130859375,373.323974609375,147.0036163330078,472.9983825683594,361.98101806640625,-101.5900650024414,459.5164794921875,267.781494140625,324.4072570800781,505.1436767578125,244.81988525390625,83.98828125,456.96844482421875,242.1229248046875,346.10467529296875,500.96588134765625,219.9681396484375,106.9710922241211,492.4935302734375,250.6827392578125,408.1315612792969,546.5481567382812,224.0,151.34552001953125,
187.68394470214844,261.0,-277.85052490234375,175.18177795410156,254.0,-268.5359191894531,174.18087768554688,253.0,-268.8441162109375,173.18014526367188,251.0841064453125,-269.23614501953125,177.68394470214844,251.367919921875,-303.19647216796875,178.3694610595703,249.0,-303.2420654296875,179.3694610595703,246.0,-303.2420654296875,178.99996948242188,234.0,-194.1942901611328,187.6760711669922,228.0,-345.45867919921875,200.00787353515625,260.0,-243.93988037109375,202.36944580078125,256.0,-288.0205993652344,216.96112060546875,236.75830078125,-86.38545989990234,280.3642578125,217.09320068359375,-370.7740783691406,215.2196807861328,319.9700622558594,33.36163330078125,347.7340393066406,289.6532287597656,-363.66290283203125,224.6671600341797,397.62823486328125,41.92441940307617,334.1496276855469,382.3237609863281,-315.3426818847656,226.16436767578125,417.876953125,42.654579162597656,336.0845947265625,403.42376708984375,-345.1701354980469,229.7303466796875,415.9215087890625,8.246960639953613,323.7590026855469,403.582763671875,-335.34942626953125,231.8043975830078,409.0221252441406,28.355369567871094,320.7975769042969,398.66064453125,-309.4757995605469,389.8193054199219,260.63214111328125,93.57062530517578,421.81817626953125,238.18023681640625,-93.66670989990234,427.40423583984375,373.6322021484375,151.5646514892578,472.9992370605469,361.991455078125,-103.99120330810547,456.9802551269531,267.57470703125,321.71240234375,505.54803466796875,244.916015625,81.40196990966797,456.65960693359375,242.54071044921875,343.6943054199219,502.67724609375,219.50311279296875,103.95689392089844,490.9416809082031,250.853515625,405.29595947265625,546.7814331054688,224.0,148.49935913085938,
187.37142944335938,261.0,-266.6358337402344,175.08480834960938,254.0,-257.43670654296875,174.0843963623047,253.0,-257.6244201660156,173.08407592773438,251.03851318359375,-257.9638366699219,177.37142944335938,251.18017578125,-292.27801513671875,178.18084716796875,249.0,-292.29901123046875,179.18087768554688,246.0,-292.29901123046875,178.99996948242188,233.6761474609375,-185.04849243164062,187.36785888671875,227.6761474609375,-336.713623046875,199.67962646484375,260.0,-233.4832000732422,202.18084716796875,256.0,-277.8890075683594,216.98233032226562,235.71234130859375,-77.88063049316406,280.17852783203125,215.9228515625,-362.6580810546875,213.32192993164062,316.26953125,48.7842903137207,350.77056884765625,282.218505859375,-355.5987854003906,222.05593872070312,394.22119140625,67.58898162841797,337.0606689453125,377.3934631347656,-303.57135009765625,223.76866149902344,414.0231018066406,71.00485229492188,339.30963134765625,398.00189208984375,-331.66741943359375,227.0845489501953,412.043212890625,37.13237762451172,326.6663818359375,398.7224426269531,-321.4254150390625,229.1184844970703,405.0892333984375,54.59740447998047,324.01812744140625,393.5924377441406,-297.308349609375,389.9156188964844,259.65484619140625,94.2724380493164,421.9151611328125,238.08416748046875,-94.31807708740234,423.9239196777344,373.8199157714844,156.45362854003906,472.9996337890625,362.320068359375,-103.80935668945312,453.3940734863281,267.96954345703125,319.6977233886719,506.1053161621094,244.96160888671875,77.6493911743164,456.0361022949219,243.42633056640625,341.14459228515625,504.13995361328125,218.27001953125,99.60138702392578,488.93365478515625,251.25726318359375,403.3558654785156,546.8984375,224.0,144.92698669433594,
187.1817626953125,261.0,-253.32180786132812,175.03875732421875,254.0,-244.542724609375,174.03857421875,252.6761474609375,-244.63880920410156,173.03842163085938,251.01751708984375,-244.8406982421875,177.1817626953125,251.0841064453125,-278.4983215332031,178.08438110351562,249.0,-278.5078430175781,179.0843963623047,246.0,-278.5078430175781,178.99996948242188,233.367919921875,-174.71717834472656,187.18016052246094,227.367919921875,-323.00250244140625,199.3694610595703,260.0,-221.3720703125,201.76043701171875,256.0,-264.7562255859375,216.66806030273438,234.577880859375,-69.70738220214844,280.0833740234375,214.3624267578125,-348.14093017578125,210.79335021972656,311.6929931640625,59.689849853515625,354.1374206542969,274.8048095703125,-339.49285888671875,219.14219665527344,390.0956115722656,86.56304931640625,339.96832275390625,370.9163513183594,-283.3264465332031,221.32278442382812,409.5229187011719,91.8159408569336,342.8797607421875,391.2164611816406,-308.6825256347656,224.47906494140625,407.2080993652344,59.32875061035156,330.0527648925781,392.51373291015625,-298.7354431152344,226.17054748535156,400.5528564453125,74.36332702636719,327.3756408691406,387.0172119140625,-276.721923828125,389.96136474609375,258.22796630859375,93.35800170898438,421.9612121582031,237.71453857421875,-93.37902069091797,417.9494934082031,373.9159851074219,159.04998779296875,472.9998474121094,362.6304016113281,-103.07211303710938,447.86944580078125,270.69110107421875,310.6051025390625,506.53057861328125,244.98260498046875,71.64400482177734,448.7417907714844,246.7529296875,330.4469909667969,505.0677185058594,216.5677490234375,92.8175277709961,484.9150390625,255.48919677734375,395.05181884765625,547.2775268554688,224.0,140.51834106445312,
187.08477783203125,261.0,-241.65777587890625,175.01754760742188,254.0,-233.2407989501953,174.01748657226562,252.367919921875,-233.2864227294922,173.0174102783203,251.0079345703125,-233.38890075683594,177.08477783203125,251.03851318359375,-266.3114929199219,178.03857421875,249.0,-266.3157958984375,178.71466064453125,246.0,-266.3157958984375,178.676025390625,233.18023681640625,-164.94223022460938,186.7601318359375,227.18017578125,-309.92047119140625,198.85694885253906,260.0,-210.6352996826172,201.08248901367188,256.0,-252.95037841796875,215.71636962890625,233.80377197265625,-62.119117736816406,280.0381164550781,212.57550048828125,-334.439453125,208.6357421875,307.14617919921875,69.84550476074219,357.14794921875,268.64520263671875,-322.64605712890625,216.14869689941406,385.52459716796875,103.35607147216797,342.2666320800781,362.91046142578125,-260.0626220703125,218.7134246826172,404.7320556640625,110.1995620727539,346.3440246582031,383.6988220214844,-282.0409851074219,222.110595703125,401.7801513671875,79.52207946777344,333.7484436035156,385.6773681640625,-273.15008544921875,223.48545837402344,395.74560546875,92.05902099609375,330.94317626953125,379.6060791015625,-253.2552490234375,389.9824523925781,257.159912109375,91.98782348632812,421.98236083984375,237.38531494140625,-91.99739074707031,413.56695556640625,374.2855529785156,159.84788513183594,472.9999084472656,362.819091796875,-100.5978775024414,444.2915344238281,272.8153381347656,302.16448974609375,506.7734375,244.99212646484375,66.07286071777344,440.692138671875,249.325927734375,320.67230224609375,505.5592346191406,215.00335693359375,86.68028259277344,481.014404296875,259.06787109375,387.326904296875,547.611083984375,224.323974609375,136.38880920410156,
187.0387420654297,261.0,-235.61233520507812,175.00794982910156,254.0,-227.40956115722656,174.00790405273438,252.18017578125,-227.43055725097656,172.68394470214844,251.00360107421875,-227.4791259765625,177.0387420654297,251.01751708984375,-259.28729248046875,178.0175018310547,249.0,-259.28924560546875,178.38534545898438,246.0,-259.28924560546875,178.3678436279297,233.40802001953125,-159.8321990966797,186.40628051757812,227.0841064453125,-300.83941650390625,198.12831115722656,260.0,-205.11935424804688,200.5655059814453,256.32391357421875,-246.11915588378906,214.26637268066406,233.38262939453125,-58.096031188964844,280.01727294921875,210.9984130859375,-324.0914001464844,206.65843200683594,303.1447448730469,77.0727310180664,359.3929443359375,263.19171142578125,-309.1777648925781,213.79127502441406,381.3727722167969,117.06954956054688,344.2994689941406,354.8839111328125,-241.96827697753906,216.90414428710938,399.82135009765625,125.2935562133789,349.2890319824219,376.536376953125,-260.8859558105469,220.2458953857422,396.6952209472656,96.23834228515625,337.2817687988281,378.68316650390625,-253.2055206298828,221.42919921875,391.1513977050781,106.72797393798828,334.05718994140625,372.1700744628906,-235.0580291748047,389.66815185546875,256.557373046875,90.367919921875,421.9920349121094,236.86419677734375,-90.37224578857422,411.81353759765625,374.61474609375,159.6844940185547,472.9999084472656,362.9156188964844,-98.46290588378906,442.17779541015625,274.94464111328125,295.052978515625,506.89483642578125,244.9964599609375,64.80027770996094,434.080810546875,252.35693359375,312.783203125,505.7972412109375,214.00360107421875,85.41542053222656,477.86126708984375,262.4114990234375,381.61627197265625,547.8102416992188,224.63214111328125,134.03562927246094,
186.69363403320312,261.0,-232.97988891601562,175.00357055664062,254.0,-224.8855438232422,174.00352478027344,252.0841064453125,-224.89508056640625,172.37142944335938,251.001708984375,-224.91741943359375,177.01756286621094,251.0079345703125,-255.86679077148438,178.00787353515625,249.0,-255.86767578125,178.18804931640625,246.0,-255.86767578125,178.18014526367188,233.67059326171875,-157.62869262695312,186.1975555419922,227.0384521484375,-295.4229431152344,197.5865936279297,260.0,-202.75128173828125,199.9481964111328,256.63214111328125,-242.78997802734375,212.85543823242188,233.176513671875,-56.65427780151367,280.0077819824219,209.99957275390625,-317.62371826171875,205.34982299804688,300.5843505859375,80.84394073486328,361.0433349609375,259.31298828125,-300.677978515625,212.3753662109375,378.37646484375,125.24517822265625,345.6314697265625,349.197509765625,-230.94712829589844,215.58546447753906,396.15618896484375,134.0287322998047,351.1439208984375,371.4985046386719,-247.91036987304688,218.78842163085938,393.053466796875,106.00133514404297,339.61248779296875,373.61236572265625,-241.05592346191406,219.8739013671875,387.7911682128906,115.23553466796875,336.3514404296875,366.8471984863281,-223.9881591796875,389.04034423828125,256.25811767578125,88.89537048339844,421.99639892578125,236.13165283203125,-88.8973159790039,411.2601318359375,375.13592529296875,159.06497192382812,472.9999084472656,362.9614562988281,-96.8744125366211,441.0448913574219,276.75054931640625,291.192138671875,506.9519958496094,244.99847412109375,64.76726531982422,430.0133361816406,255.2296142578125,308.5313720703125,506.2316589355469,213.15020751953125,85.85803985595703,475.5959777832031,265.30633544921875,378.57427978515625,547.9114379882812,224.81988525390625,134.21168518066406,
186.37579345703125,261.0,-233.8089599609375,175.00160217285156,254.0,-225.76589965820312,174.0015869140625,252.0384521484375,-225.77020263671875,172.1817626953125,251.00079345703125,-225.78033447265625,177.00791931152344,251.00360107421875,-255.59060668945312,178.00355529785156,249.0,-255.9149169921875,178.087646484375,246.0,-255.9149169921875,177.76014709472656,233.83734130859375,-158.97482299804688,186.09193420410156,227.0174560546875,-292.248779296875,197.28170776367188,260.0,-203.70469665527344,199.49392700195312,256.81982421875,-242.5557861328125,211.28656005859375,233.080322265625,-58.157100677490234,279.6795654296875,209.148193359375,-311.56463623046875,203.9941864013672,298.8990783691406,80.31932067871094,362.0321960449219,255.79901123046875,-292.24066162109375,210.99716186523438,375.35009765625,130.68955993652344,346.3494873046875,344.3719482421875,-221.28369140625,214.4640350341797,392.7303466796875,140.28285217285156,352.4472961425781,367.3607482910156,-236.23960876464844,217.56698608398438,389.9971008300781,114.09364318847656,341.51446533203125,369.42333984375,-230.15733337402344,218.6060791015625,384.8753967285156,121.37832641601562,337.7005615234375,362.53228759765625,-214.30227661132812,387.89849853515625,256.11767578125,86.33148956298828,421.6744079589844,235.2642822265625,-86.3323745727539,409.47247314453125,375.2206115722656,158.23692321777344,472.9999084472656,362.9825439453125,-95.9256820678711,437.5696716308594,279.4985046386719,286.1755065917969,506.97821044921875,244.99932861328125,64.54843139648438,427.2415466308594,258.07275390625,303.0064392089844,506.9142761230469,212.5859375,86.06178283691406,472.65264892578125,269.73919677734375,374.2398986816406,547.95947265625,224.916015625,135.58706665039062,
186.1837158203125,261.0,-235.1772003173828,175.00070190429688,254.0,-227.15768432617188,173.6767578125,252.0174560546875,-227.15963745117188,172.08477783203125,251.00048828125,-227.16421508789062,177.0035400390625,251.001708984375,-256.1125183105469,178.0015869140625,249.0,-256.42083740234375,178.3639678955078,246.0,-256.42083740234375,177.4062957763672,233.923828125,-161.38597106933594,186.04197692871094,227.0079345703125,-289.5828552246094,196.80648803710938,260.0,-205.45387268066406,199.23760986328125,256.91595458984375,-243.09678649902344,209.5303497314453,233.036376953125,-60.19474792480469,279.0455322265625,208.58502197265625,-306.42938232421875,202.7079315185547,295.6631774902344,89.3078384399414,362.8688049316406,249.88427734375,-287.29150390625,209.05960083007812,369.67645263671875,158.82574462890625,346.7000427246094,338.96142578125,-217.38502502441406,212.443603515625,387.50152587890625,171.99114990234375,353.87689208984375,362.1146240234375,-230.26744079589844,215.1684112548828,384.7817687988281,147.9446258544922,343.3898620605469,364.468994140625,-224.71229553222656,216.1861572265625,379.40228271484375,151.0910186767578,338.7154541015625,357.5187072753906,-210.3934326171875,386.6752624511719,256.0533447265625,83.31733703613281,421.3670959472656,234.65032958984375,-83.3177261352539,408.5237121582031,375.147705078125,159.906005859375,472.9999084472656,362.668212890625,-97.37853240966797,433.2366027832031,283.25177001953125,284.25177001953125,507.3140563964844,244.99969482421875,57.828697204589844,424.9554138183594,261.94061279296875,301.66162109375,508.4048767089844,211.6314697265625,78.94438934326172,469.13922119140625,276.4205627441406,373.0963134765625,548.62939453125,224.96160888671875,131.2213592529297,
186.40963745117188,261.0,-235.44354248046875,175.0003204345703,254.0,-227.43472290039062,173.36814880371094,252.0079345703125,-227.4356231689453,172.0387420654297,251.00018310546875,-227.4376678466797,177.0015869140625,251.00079345703125,-255.57101440429688,178.00071716308594,249.0,-256.0827331542969,178.6502685546875,246.0,-256.0827331542969,177.1975860595703,233.9652099609375,-162.8194580078125,186.01904296875,227.00360107421875,-286.8523864746094,196.4272918701172,260.0,-206.0543212890625,199.11009216308594,256.96160888671875,-242.56390380859375,207.97573852539062,233.0164794921875,-61.258914947509766,278.22479248046875,208.27886962890625,-302.2373962402344,201.5390167236328,292.6872863769531,99.17639923095703,363.74713134765625,244.88958740234375,-284.2779846191406,207.2742156982422,364.47088623046875,184.53155517578125,347.18743896484375,334.7864074707031,-215.32907104492188,210.17446899414062,382.4921569824219,200.85609436035156,354.9008483886719,357.90350341796875,-226.79925537109375,212.88870239257812,379.9908447265625,177.97447204589844,344.6663513183594,360.225830078125,-221.53390502929688,213.89671325683594,374.33343505859375,178.08302307128906,339.67724609375,353.2483215332031,-208.33287048339844,385.850341796875,256.02410888671875,80.88735961914062,421.1797790527344,233.987060546875,-80.88754272460938,408.5045166015625,375.0779724121094,162.37841796875,472.9999084472656,362.3643493652344,-98.99234771728516,429.869384765625,286.3410339355469,285.4959716796875,507.9515686035156,244.99993896484375,50.53818130493164,423.49017333984375,265.16229248046875,303.6042175292969,510.2714538574219,210.86474609375,71.16395568847656,466.64508056640625,280.18145751953125,373.60308837890625,549.579833984375,224.65869140625,125.66853332519531,
186.6713104248047,261.0,-235.30885314941406,175.0001220703125,253.6761474609375,-227.30484008789062,173.1802978515625,252.00360107421875,-227.30526733398438,172.01756286621094,251.00006103515625,-227.30618286132812,177.00071716308594,251.00048828125,-254.8861541748047,178.00030517578125,249.0,-255.29046630859375,178.8280029296875,246.0,-255.29046630859375,177.09193420410156,233.9842529296875,-163.8059844970703,186.00860595703125,227.001708984375,-284.64892578125,196.20706176757812,260.0,-206.44297790527344,199.05018615722656,256.65863037109375,-241.88294982910156,206.9889373779297,233.0074462890625,-62.344749450683594,277.63238525390625,208.1287841796875,-298.3218994140625,200.45326232910156,289.85711669921875,103.0002212524414,365.0049133300781,240.91656494140625,-279.6817321777344,205.8132781982422,359.9175720214844,195.8755645751953,347.5703125,331.6891174316406,-210.59783935546875,208.29408264160156,377.96185302734375,213.43655395507812,355.47265625,354.1053466796875,-220.3263397216797,211.11656188964844,376.008056640625,191.3858642578125,345.36395263671875,356.299560546875,-215.5276336669922,212.12017822265625,370.1768493652344,190.1742706298828,340.32537841796875,349.3096923828125,-203.59951782226562,385.0800476074219,256.01092529296875,78.77495574951172,421.0838623046875,233.5115966796875,-78.7750244140625,407.4033203125,373.7417297363281,168.0316619873047,472.9999084472656,362.1785583496094,-102.27723693847656,426.2709655761719,290.144287109375,291.9062805175781,508.7738037109375,245.0,39.29969024658203,421.4110412597656,269.37823486328125,309.4924621582031,511.9212646484375,210.09515380859375,58.96192932128906,463.3212585449219,284.0816955566406,381.0352478027344,550.5919189453125,224.36004638671875,115.0792465209961,
186.513671875,261.0,-233.22103881835938,174.67613220214844,253.367919921875,-225.21922302246094,173.08413696289062,252.001708984375,-225.21942138671875,172.00791931152344,251.0,-225.21983337402344,177.00030517578125,251.00018310546875,-252.17279052734375,178.00010681152344,248.6761474609375,-252.40615844726562,178.5956573486328,245.67608642578125,-252.40615844726562,177.0419921875,233.992919921875,-162.45982360839844,185.67994689941406,227.00079345703125,-281.3659973144531,196.0962371826172,259.67608642578125,-204.76473999023438,199.02273559570312,256.36004638671875,-239.4952850341797,206.4670867919922,232.67950439453125,-61.19212341308594,276.6549377441406,208.05865478515625,-294.0881042480469,199.41262817382812,286.01959228515625,110.40179443359375,366.281005859375,235.862548828125,-276.3817138671875,204.25669860839844,355.0390319824219,212.7791748046875,348.43975830078125,327.5592346191406,-207.24485778808594,206.49017333984375,372.74371337890625,231.65248107910156,356.0798034667969,348.35430908203125,-215.671630859375,209.39871215820312,371.5625915527344,210.76995849609375,345.70635986328125,350.7773132324219,-211.24789428710938,210.40032958984375,365.6415100097656,207.7773895263672,341.0024108886719,343.4579772949219,-200.24563598632812,384.55401611328125,256.00494384765625,77.4029312133789,421.0383605957031,233.56964111328125,-77.40296936035156,405.9944763183594,371.5170593261719,175.94033813476562,472.9999084472656,362.0833740234375,-104.31354522705078,424.0462646484375,292.3022766113281,301.08148193359375,509.6908264160156,245.0,28.992687225341797,420.4449157714844,271.5679931640625,317.977783203125,513.2858276367188,209.23870849609375,47.873836517333984,461.1156921386719,287.23828125,392.434326171875,551.60595703125,224.1766357421875,104.94578552246094,
186.29180908203125,261.0,-230.96261596679688,174.36788940429688,253.18023681640625,-222.96180725097656,173.03843688964844,252.00079345703125,-222.96188354492188,172.0035400390625,251.0,-222.96206665039062,177.00013732910156,251.00006103515625,-249.45787048339844,177.67608642578125,248.367919921875,-249.57496643066406,178.33108520507812,245.367919921875,-249.57496643066406,176.695068359375,233.99676513671875,-160.6011199951172,185.36962890625,227.00042724609375,-277.8504943847656,196.04393005371094,259.367919921875,-202.74205017089844,199.01025390625,256.17669677734375,-236.76541137695312,206.5386962890625,232.0455322265625,-59.46672821044922,275.8757019042969,208.02667236328125,-290.15667724609375,198.3939208984375,282.8180847167969,116.69727325439453,367.77777099609375,230.80584716796875,-274.59576416015625,202.83860778808594,350.9734191894531,229.0358428955078,349.16754150390625,323.4627380371094,-207.11944580078125,204.94715881347656,367.3841857910156,249.23533630371094,356.5208435058594,342.9411315917969,-215.13096618652344,207.90362548828125,366.7718811035156,229.89540100097656,345.8663024902344,345.2963562011719,-210.9254913330078,208.90435791015625,361.45587158203125,224.84324645996094,341.4836730957031,337.666259765625,-200.11981201171875,384.2648620605469,256.00225830078125,76.34220123291016,421.01739501953125,234.06982421875,-76.34221649169922,405.3399963378906,369.83221435546875,182.07521057128906,473.3238220214844,362.0381774902344,-104.93855285644531,422.9369201660156,293.916748046875,309.4197082519531,510.6529541015625,245.0,23.45033073425293,420.1329650878906,273.4088134765625,326.1891784667969,514.7901611328125,208.31298828125,41.87724685668945,458.0356750488281,291.7375183105469,402.83514404296875,552.6141357421875,224.08258056640625,99.44147491455078,
186.14532470703125,261.0,-229.1615753173828,174.1801300048828,253.08416748046875,-221.16119384765625,173.0174102783203,252.00042724609375,-221.16123962402344,172.0015869140625,251.0,-221.48526000976562,177.00003051757812,251.0,-247.72366333007812,177.3678741455078,248.18023681640625,-247.77890014648438,178.16346740722656,245.1802978515625,-247.77890014648438,176.37644958496094,233.99853515625,-158.9949951171875,185.18092346191406,226.67633056640625,-275.4666748046875,196.01986694335938,259.18023681640625,-201.3831024169922,199.004638671875,255.75860595703125,-234.91110229492188,206.729736328125,231.54876708984375,-57.93164825439453,275.424072265625,208.0120849609375,-287.923095703125,197.38540649414062,280.55621337890625,121.41143798828125,369.4991149902344,227.12152099609375,-274.05584716796875,201.92433166503906,348.14404296875,241.44387817382812,349.59552001953125,320.4354248046875,-208.16468811035156,203.64996337890625,363.7586975097656,262.5309143066406,356.7694091796875,339.150634765625,-215.46780395507812,206.62991333007812,363.46502685546875,244.31857299804688,345.939453125,341.3599853515625,-211.37228393554688,207.6302490234375,358.42169189453125,237.82847595214844,341.7522277832031,333.5411376953125,-200.84092712402344,384.12237548828125,256.0010986328125,75.67486572265625,421.331787109375,234.50390625,-75.67488861083984,405.76312255859375,368.88043212890625,185.959716796875,473.95599365234375,362.017333984375,-104.71941375732422,422.7474670410156,294.9449462890625,314.71124267578125,511.31182861328125,245.0,20.625652313232422,420.36700439453125,274.3403625488281,331.2286071777344,516.182861328125,207.6724853515625,38.824039459228516,455.6520690917969,294.8638610839844,408.77703857421875,553.294189453125,223.7138671875,96.62411499023438,
186.06826782226562,261.0,-227.4213409423828,174.08404541015625,253.0384521484375,-219.09725952148438,173.0078582763672,252.00018310546875,-219.09727478027344,172.00071716308594,251.0,-219.7294158935547,177.0,251.0,-245.83990478515625,177.5041046142578,248.08416748046875,-245.86526489257812,178.07652282714844,245.08416748046875,-245.86526489257812,176.50796508789062,233.9993896484375,-156.04983520507812,185.0844268798828,226.367919921875,-272.8773498535156,196.0089569091797,258.76025390625,-199.35888671875,199.0020751953125,255.40570068359375,-232.93585205078125,206.86399841308594,230.940673828125,-54.372901916503906,274.87310791015625,208.0054931640625,-285.89190673828125,196.38156127929688,277.62921142578125,134.27923583984375,371.0375671386719,223.059814453125,-275.90789794921875,200.78958129882812,344.9093322753906,269.5670166015625,351.4315185546875,314.7890319824219,-220.05209350585938,202.179931640625,359.52130126953125,293.40087890625,357.86492919921875,332.7972717285156,-226.42918395996094,205.49473571777344,359.3854064941406,276.1434326171875,346.6204528808594,334.90313720703125,-222.38555908203125,206.49488830566406,354.400390625,266.5962829589844,342.8570861816406,327.31158447265625,-212.4200439453125,384.0556945800781,256.00054931640625,75.6437759399414,421.6356506347656,234.75933837890625,-75.6437759399414,408.2503662109375,368.7316589355469,187.41783142089844,474.451904296875,362.0079040527344,-102.78386688232422,423.1470642089844,295.174072265625,316.8560791015625,511.6718444824219,245.0,21.49724578857422,421.2958984375,274.0794677734375,333.463623046875,516.7613525390625,206.99700927734375,39.91173553466797,454.60589599609375,295.5564880371094,410.9861755371094,553.6638793945312,223.38507080078125,97.17305755615234,
186.03128051757812,261.0,-226.23818969726562,174.0384063720703,253.01751708984375,-217.929931640625,173.0035400390625,252.0,-217.929931640625,172.00030517578125,251.0,-218.42584228515625,177.0,251.0,-244.4762420654297,177.7161865234375,248.0384521484375,-244.4877471923828,178.03500366210938,245.03851318359375,-244.4877471923828,176.71795654296875,233.9998779296875,-153.67538452148438,185.36251831054688,226.18017578125,-270.68841552734375,196.0040283203125,258.4063720703125,-197.77261352539062,199.0009002685547,254.87335205078125,-231.84571838378906,206.93585205078125,230.4906005859375,-51.07399368286133,274.1338806152344,208.00250244140625,-284.1665344238281,195.3798370361328,274.451416015625,145.6212615966797,372.01708984375,219.8170166015625,-278.0867614746094,199.61309814453125,341.9046630859375,294.0684509277344,353.7225646972656,309.54931640625,-232.32606506347656,200.80343627929688,355.7523498535156,320.6174621582031,359.4955139160156,327.0687255859375,-238.3599853515625,204.43141174316406,355.6904296875,303.9805908203125,347.5758056640625,329.1187744140625,-234.01626586914062,205.7554168701172,350.705810546875,291.5643310546875,344.16802978515625,321.7895812988281,-224.50625610351562,384.0251770019531,256.000244140625,75.77943420410156,421.8214111328125,234.88818359375,-75.77943420410156,411.0975036621094,368.8179931640625,187.19195556640625,475.0596618652344,362.0035705566406,-99.09516906738281,424.18597412109375,294.4884033203125,317.5885314941406,511.84844970703125,245.0,23.961763381958008,422.4145202636719,272.97149658203125,334.0363464355469,516.9347534179688,206.192138671875,42.63493347167969,454.875244140625,295.10638427734375,411.3468017578125,553.8448486328125,223.18798828125,100.62532806396484,
186.01419067382812,261.0,-224.61904907226562,174.0174102783203,253.00799560546875,-216.1073760986328,173.0015869140625,252.0,-216.1073760986328,172.00013732910156,251.0,-216.39114379882812,177.0,251.0,-242.41400146484375,177.85826110839844,248.01751708984375,-242.41920471191406,178.015869140625,245.017578125,-242.41920471191406,176.8590545654297,233.99993896484375,-151.000244140625,185.6496124267578,226.0841064453125,-267.06707763671875,196.00180053710938,258.19769287109375,-195.88572692871094,199.00038146972656,254.459716796875,-229.7431640625,207.29446411132812,229.91217041015625,-48.04640579223633,273.5887756347656,208.001220703125,-281.13848876953125,194.7030029296875,271.9478759765625,152.12728881835938,372.8594970703125,216.25604248046875,-279.85888671875,198.8197021484375,338.9909362792969,309.150146484375,355.9723205566406,304.6361389160156,-239.8654327392578,199.58444213867188,352.0766906738281,337.43023681640625,361.025634765625,321.88494873046875,-244.54148864746094,203.4023895263672,352.04864501953125,321.45147705078125,349.23797607421875,323.9079284667969,-240.22434997558594,205.03457641601562,347.3812561035156,306.90789794921875,345.7158203125,316.74530029296875,-232.2734375,384.3353271484375,256.0001220703125,75.8868408203125,422.2404479980469,234.948974609375,-75.8868408203125,413.346435546875,368.9040832519531,186.03953552246094,475.50958251953125,362.0016174316406,-95.87740325927734,425.03887939453125,293.486572265625,314.5995788574219,511.9309387207031,244.67608642578125,26.864120483398438,423.1905212402344,271.7210693359375,330.5286560058594,516.6568603515625,205.9395751953125,46.02644348144531,455.67962646484375,293.9552307128906,407.0374450683594,553.9293212890625,223.087646484375,104.89671325683594,
186.0064239501953,261.0,-223.70040893554688,174.00787353515625,253.003662109375,-215.29612731933594,173.00071716308594,252.0,-215.29612731933594,172.00003051757812,251.0,-215.4378204345703,177.0,251.0,-241.4481658935547,177.93331909179688,248.3319091796875,-241.45050048828125,178.00717163085938,245.33184814453125,-241.45050048828125,176.93368530273438,234.0,-149.72154235839844,185.8277130126953,226.03851318359375,-265.4986877441406,196.0007781982422,258.092041015625,-194.8258056640625,199.00015258789062,254.22216796875,-228.64540100097656,207.9426727294922,229.47735595703125,-46.699317932128906,273.28265380859375,208.0006103515625,-279.3657531738281,194.33477783203125,269.47833251953125,154.66250610351562,373.74249267578125,212.745849609375,-280.6156921386719,198.06578063964844,335.7366027832031,318.3067932128906,357.789794921875,300.3994140625,-239.1559600830078,198.4741973876953,347.9707946777344,347.4969177246094,362.3334655761719,317.5145263671875,-241.95640563964844,202.3892364501953,348.28204345703125,332.3133850097656,351.193359375,319.52496337890625,-237.7646484375,204.53305053710938,343.9184265136719,316.19464111328125,347.4689636230469,312.44879150390625,-231.17864990234375,384.6372375488281,256.0,75.94623565673828,422.59393310546875,235.3009033203125,-75.94623565673828,415.017578125,368.9540100097656,185.0790252685547,475.763916015625,362.0007629394531,-92.2922592163086,425.8586120605469,292.440673828125,309.99127197265625,511.6447448730469,244.367919921875,34.066646575927734,424.2622985839844,270.22576904296875,325.4850769042969,516.3612060546875,205.92706298828125,53.94700241088867,457.2825622558594,292.38232421875,401.29473876953125,553.9679565429688,223.0401611328125,113.7100830078125,
186.00289916992188,260.67608642578125,-223.9447021484375,174.00352478027344,253.001708984375,-215.38742065429688,173.00030517578125,252.0,-215.38742065429688,172.0,251.0,-215.4540557861328,177.0,251.0,-241.45872497558594,177.9694366455078,248.63580322265625,-241.45977783203125,178.0032196044922,245.6357421875,-241.45977783203125,176.9696044921875,234.323974609375,-149.58367919921875,185.91946411132812,226.01751708984375,-265.4017333984375,196.00033569335938,258.04205322265625,-195.00221252441406,199.0000457763672,254.10321044921875,-228.883056640625,208.76983642578125,229.2301025390625,-46.563297271728516,273.13079833984375,208.00018310546875,-278.9038391113281,194.47837829589844,267.459228515625,154.86961364746094,374.3548583984375,210.082763671875,-281.19329833984375,197.5475311279297,333.1153564453125,322.67144775390625,358.9034423828125,297.38348388671875,-235.99490356445312,197.74606323242188,344.75018310546875,352.29962158203125,363.4878234863281,314.43597412109375,-238.0865478515625,201.7072296142578,345.3765869140625,337.6881103515625,352.5616149902344,316.4407043457031,-233.6647186279297,203.9313507080078,341.19842529296875,320.6202697753906,348.6996765136719,309.40582275390625,-227.891845703125,384.82208251953125,256.0,75.97525024414062,422.802490234375,235.6217041015625,-75.97525024414062,416.34356689453125,369.3027038574219,184.5216522216797,475.8905029296875,362.0003662109375,-89.08772277832031,426.7398681640625,291.0852966308594,305.9633483886719,511.02972412109375,244.18023681640625,41.40055465698242,425.4102783203125,268.5029296875,321.20269775390625,515.853515625,205.956298828125,61.81785202026367,458.88916015625,290.5853576660156,396.596923828125,553.9854736328125,223.01824951171875,121.53889465332031,
186.00131225585938,260.367919921875,-225.36441040039062,174.0015869140625,253.0008544921875,-216.6151885986328,173.00010681152344,252.0,-216.6151885986328,172.0,251.0,-216.645751953125,177.0,251.0,-242.32391357421875,177.98611450195312,248.82147216796875,-242.32437133789062,178.00146484375,245.821533203125,-242.32437133789062,176.98617553710938,234.63214111328125,-150.3805694580078,185.96315002441406,226.33184814453125,-265.95489501953125,196.00010681152344,258.01904296875,-196.3905029296875,199.00001525878906,254.047119140625,-229.6796875,209.36514282226562,229.10675048828125,-47.04534149169922,273.0595703125,208.0001220703125,-279.2069091796875,194.70242309570312,265.2479248046875,152.60223388671875,375.0157165527344,207.53961181640625,-279.96380615234375,197.26187133789062,330.56329345703125,321.9654541015625,359.8078918457031,295.000244140625,-228.71646118164062,197.35427856445312,341.8668518066406,351.79656982421875,364.560546875,312.0240478515625,-230.02345275878906,201.336669921875,342.3601989746094,337.8274841308594,353.9613952636719,314.0262145996094,-225.34487915039062,203.48593139648438,338.2770080566406,319.9422607421875,350.02642822265625,307.0102844238281,-220.30880737304688,384.9168701171875,256.0,75.98873901367188,422.90802001953125,235.815185546875,-75.98873901367188,417.17120361328125,369.62249755859375,181.32669067382812,475.95001220703125,362.00018310546875,-86.07540130615234,427.6772155761719,288.7889099121094,299.2529296875,510.5415954589844,244.08416748046875,49.41945266723633,426.1907653808594,265.66766357421875,314.3641357421875,515.1267700195312,205.9781494140625,70.46341705322266,460.586181640625,286.7354431152344,389.2237548828125,553.6693725585938,223.00830078125,129.8983917236328,
186.0005645751953,260.1802978515625,-226.5927276611328,174.0006866455078,253.32440185546875,-217.71768188476562,173.00003051757812,252.323974609375,-217.71768188476562,172.0,251.32391357421875,-217.73155212402344,177.0,251.0,-243.42431640625,177.9937286376953,248.91668701171875,-243.42453002929688,178.00064086914062,245.916748046875,-243.42453002929688,176.9937286376953,234.81988525390625,-151.12599182128906,185.9832763671875,226.6357421875,-266.1199951171875,196.00003051757812,258.0086669921875,-197.6045379638672,199.0,254.02142333984375,-230.63392639160156,210.02000427246094,228.7247314453125,-47.48841094970703,273.0269775390625,208.0001220703125,-278.26702880859375,194.85165405273438,263.02960205078125,151.13519287109375,375.48968505859375,204.839111328125,-277.6675109863281,197.1210479736328,327.2037658691406,324.8421630859375,360.7191162109375,292.8570251464844,-222.0992889404297,197.1632537841797,338.34405517578125,355.0896911621094,365.2699890136719,309.5437927246094,-222.7938995361328,201.15530395507812,338.6266784667969,342.55816650390625,354.947265625,311.2209167480469,-217.95266723632812,203.23394775390625,334.588623046875,323.1556701660156,351.301025390625,304.53759765625,-213.4203338623047,384.9619445800781,256.0,75.9948959350586,422.9580078125,235.913818359375,-75.9948959350586,417.6082763671875,369.8155212402344,177.77340698242188,476.3013000488281,362.0001525878906,-84.39468383789062,428.3231506347656,286.99273681640625,293.9414978027344,509.9373779296875,244.0384521484375,54.07143783569336,426.6149597167969,263.77880859375,308.99224853515625,514.5858764648438,206.31365966796875,74.92605590820312,461.43798828125,283.90069580078125,383.1200256347656,553.3648681640625,223.00372314453125,134.14755249023438,
186.000244140625,260.08416748046875,-227.3166961669922,174.0002899169922,253.6324462890625,-218.37542724609375,173.00001525878906,252.63214111328125,-218.37542724609375,172.0,251.63214111328125,-218.3817138671875,177.0,251.0,-244.1944122314453,177.9971466064453,248.96197509765625,-244.19451904296875,178.32421875,245.96197509765625,-244.19451904296875,176.99716186523438,235.23992919921875,-151.8977813720703,185.99241638183594,226.821533203125,-265.77471923828125,196.00001525878906,258.00396728515625,-198.32200622558594,198.9999542236328,254.009765625,-231.30044555664062,210.49159240722656,228.3900146484375,-48.0754280090332,273.0121765136719,208.0001220703125,-276.60888671875,194.9302520751953,260.89178466796875,149.8302459716797,375.75494384765625,202.6441650390625,-275.5877380371094,197.05511474609375,323.09014892578125,327.0354919433594,361.34429931640625,290.8001403808594,-217.68130493164062,197.0742645263672,334.154052734375,357.63311767578125,365.9769287109375,307.1728210449219,-218.34275817871094,201.07066345214844,333.9712829589844,346.2876281738281,355.8192443847656,308.5411376953125,-213.09320068359375,203.1084442138672,330.2779541015625,325.98687744140625,352.14093017578125,302.1700439453125,-208.83847045898438,384.9826965332031,256.0,75.9976806640625,422.9809265136719,235.960693359375,-75.9976806640625,417.81976318359375,369.91400146484375,174.75930786132812,476.62188720703125,362.0001525878906,-83.61729431152344,428.6770324707031,285.63818359375,289.57830810546875,509.4890441894531,244.0174560546875,55.930625915527344,426.8223876953125,262.4935302734375,304.6013488769531,514.2813720703125,206.62750244140625,76.75105285644531,462.1003723144531,282.0422058105469,377.8634338378906,553.1787109375,223.001708984375,135.20814514160156,
186.00010681152344,260.03851318359375,-228.33009338378906,174.00013732910156,253.820068359375,-219.35704040527344,173.0,252.81988525390625,-219.35704040527344,172.0,251.81982421875,-219.35987854003906,177.0,251.0,-244.9400634765625,177.99868774414062,248.9827880859375,-244.94007873535156,178.63221740722656,245.9827880859375,-244.94007873535156,176.99871826171875,235.59375,-152.4336395263672,186.3205108642578,226.916748046875,-265.7469177246094,196.0,258.0018310546875,-199.33248901367188,198.9999542236328,254.00439453125,-231.9901885986328,210.75579833984375,228.19024658203125,-48.516578674316406,273.0054931640625,208.0001220703125,-275.6800537109375,194.968017578125,259.14404296875,148.94107055664062,375.8865051269531,200.65985107421875,-274.28643798828125,197.0249481201172,319.494384765625,325.21124267578125,361.6870422363281,289.0999755859375,-214.923583984375,197.0336151123047,330.1993713378906,356.01544189453125,366.4721374511719,305.2823181152344,-215.3888702392578,201.031982421875,329.6336975097656,345.3628845214844,356.39862060546875,306.1387634277344,-209.79080200195312,203.04940795898438,326.2579650878906,324.6610412597656,352.5924072265625,299.9571533203125,-205.9969482421875,384.9920959472656,256.0,75.99894714355469,422.9913635253906,235.98223876953125,-75.99894714355469,418.241943359375,369.960693359375,172.2275390625,476.815185546875,362.0001220703125,-82.62637329101562,429.1747741699219,284.8143310546875,286.1583251953125,509.2353820800781,244.00799560546875,58.21104431152344,427.2430725097656,261.73773193359375,301.1687927246094,514.1301879882812,207.1417236328125,79.41655731201172,462.53900146484375,280.9937438964844,373.4940490722656,553.0833740234375,223.0008544921875,136.55270385742188,
186.00003051757812,260.017578125,-230.0909423828125,174.32395935058594,253.91607666015625,-220.77926635742188,173.0,252.916015625,-220.77926635742188,172.0,251.91595458984375,-221.10447692871094,177.0,251.0,-246.10284423828125,177.99937438964844,248.99224853515625,-246.10284423828125,178.81983947753906,245.9921875,-246.10284423828125,176.99942016601562,235.802490234375,-153.37701416015625,186.63058471679688,226.96197509765625,-266.1631774902344,196.0,258.0008544921875,-200.76809692382812,198.9999542236328,254.00201416015625,-233.1259002685547,210.8868865966797,228.088623046875,-48.76708984375,273.0024719238281,208.0001220703125,-275.2829284667969,194.98545837402344,258.06585693359375,145.859130859375,375.9482116699219,198.7021484375,-272.95758056640625,197.0112762451172,316.59222412109375,320.9806823730469,361.8554382324219,286.749755859375,-212.11395263671875,196.69122314453125,326.3252868652344,351.24169921875,366.7470397949219,303.15875244140625,-212.04953002929688,200.6905059814453,325.53594970703125,341.26226806640625,356.7134094238281,303.93475341796875,-206.2451171875,203.02239990234375,322.6761474609375,320.3915710449219,352.812255859375,297.52606201171875,-203.1475067138672,384.99639892578125,256.0,75.99951934814453,422.9960632324219,235.99200439453125,-75.99951934814453,418.594970703125,369.9822082519531,169.6486053466797,476.91375732421875,362.0000915527344,-82.1823959350586,429.5641784667969,284.0599365234375,283.4176330566406,508.78509521484375,244.00360107421875,60.31705856323242,427.5954895019531,261.0230712890625,298.42230224609375,513.7353515625,207.54718017578125,81.5627212524414,462.7794494628906,280.14007568359375,370.1006164550781,553.0380859375,223.00042724609375,138.00462341308594,
186.00001525878906,260.0079345703125,-231.79420471191406,174.63211059570312,253.9615478515625,-222.49156188964844,173.0,252.961669921875,-222.49156188964844,172.0,251.96160888671875,-222.8003387451172,177.0,251.0,-247.32737731933594,177.9997100830078,248.99658203125,-247.32737731933594,178.91590881347656,245.9964599609375,-247.32737731933594,176.99972534179688,235.90814208984375,-154.46299743652344,186.8191375732422,226.9827880859375,-266.22467041015625,196.0,258.00042724609375,-202.16256713867188,198.9999542236328,254.00091552734375,-234.33786010742188,210.9484100341797,228.04052734375,-49.215938568115234,273.0010681152344,208.0001220703125,-274.4731140136719,194.99343872070312,257.5020751953125,141.2078094482422,375.9765319824219,197.05401611328125,-271.0418395996094,197.0050811767578,314.4676818847656,317.00836181640625,361.93408203125,284.64031982421875,-209.15512084960938,196.3747100830078,323.38958740234375,346.3785095214844,366.8829650878906,301.3113098144531,-208.651611328125,200.37437438964844,322.48748779296875,336.5482177734375,356.543701171875,302.1620788574219,-202.41873168945312,203.01011657714844,320.03387451171875,315.9293212890625,352.91455078125,295.49127197265625,-200.17031860351562,384.9983215332031,256.0,75.9997787475586,422.9981689453125,235.9964599609375,-75.9997787475586,418.8030090332031,369.991943359375,167.8704833984375,476.96051025390625,362.00006103515625,-82.04762268066406,429.7890319824219,283.5442810058594,281.0605773925781,508.4175720214844,244.00164794921875,61.011192321777344,427.80328369140625,260.52728271484375,296.0626220703125,513.0706787109375,207.78106689453125,82.16881561279297,462.89794921875,279.5803527832031,367.0623474121094,553.0172729492188,223.000244140625,138.33932495117188,
186.0,260.00360107421875,-232.89373779296875,174.81983947753906,253.98260498046875,-223.70851135253906,173.0,252.98260498046875,-223.70851135253906,172.0,251.98260498046875,-223.89649963378906,177.0,251.0,-248.1511993408203,177.99986267089844,248.99847412109375,-248.1511993408203,178.96153259277344,245.9984130859375,-248.1511993408203,176.99984741210938,235.95806884765625,-155.21478271484375,186.9156036376953,226.99224853515625,-265.8238525390625,196.0,258.000244140625,-203.39805603027344,198.9999542236328,254.00048828125,-235.15594482421875,210.97659301757812,228.0184326171875,-49.58287048339844,273.0004577636719,208.0001220703125,-273.1409912109375,194.9970245361328,257.2305908203125,137.41952514648438,375.6654357910156,195.3765869140625,-269.2662048339844,197.00228881835938,312.241455078125,314.8199462890625,362.2940673828125,282.9909362792969,-207.44764709472656,196.18321228027344,321.01251220703125,344.1770935058594,366.9466552734375,300.15240478515625,-206.3642120361328,200.18304443359375,320.3811340332031,335.27386474609375,356.6315002441406,300.74981689453125,-199.77365112304688,203.00454711914062,317.837890625,313.9597473144531,352.9612731933594,294.23638916015625,-198.13055419921875,384.99920654296875,256.0,75.99989318847656,422.9991455078125,235.9984130859375,-75.99989318847656,419.2322082519531,369.9963684082031,165.59767150878906,476.9820251464844,362.0000305175781,-82.01287841796875,429.9019775390625,283.2603759765625,277.923095703125,508.20263671875,244.00079345703125,60.77920150756836,427.9084167480469,260.252685546875,292.6000671386719,508.996826171875,209.84197998046875,81.86134338378906,462.95343017578125,278.95269775390625,363.44134521484375,553.0078125,223.0,137.9307098388672,
186.0,260.001708984375,-233.80117797851562,174.5919647216797,253.9921875,-224.7062225341797,173.0,252.9921875,-224.7062225341797,172.0,251.9921875,-224.8024139404297,177.0,251.0,-248.92063903808594,177.99990844726562,248.9993896484375,-248.92063903808594,178.9825439453125,245.99932861328125,-248.92063903808594,176.99993896484375,235.9810791015625,-155.9497528076172,186.96139526367188,227.3204345703125,-265.44549560546875,196.0,258.0,-204.51751708984375,198.9999542236328,254.00030517578125,-235.59884643554688,210.9894256591797,228.33233642578125,-49.797515869140625,273.0002136230469,208.0001220703125,-271.7958068847656,194.99862670898438,257.4288330078125,134.51661682128906,375.36309814453125,193.89501953125,-267.4857177734375,197.00100708007812,310.0245056152344,313.1601867675781,362.61859130859375,281.663330078125,-205.3489990234375,196.08543395996094,318.8644714355469,342.44024658203125,366.975830078125,299.54327392578125,-203.82858276367188,200.0853729248047,318.5168762207031,334.72833251953125,356.7849426269531,299.8734130859375,-197.02761840820312,203.00201416015625,315.7828674316406,312.66326904296875,352.98248291015625,293.25775146484375,-195.71995544433594,384.9996032714844,256.0,75.99993896484375,422.6756591796875,235.99932861328125,-75.99993896484375,419.5902099609375,370.3223876953125,163.23634338378906,476.9918518066406,361.67608642578125,-82.00402069091797,430.2791442871094,282.7964782714844,273.9511413574219,508.0942077636719,244.00048828125,60.43750762939453,427.9581298828125,259.79302978515625,288.3193664550781,505.64019775390625,211.7464599609375,81.47679901123047,463.6267395019531,277.84771728515625,358.8758239746094,553.0035400390625,223.0,137.50650024414062,
186.0,260.0008544921875,-234.39173889160156,174.32943725585938,253.9964599609375,-225.34661865234375,173.0,252.99658203125,-225.34661865234375,172.0,251.99652099609375,-225.39231872558594,177.0,251.0,-249.44622802734375,177.99990844726562,248.999755859375,-249.44622802734375,178.99208068847656,246.3236083984375,-249.44622802734375,176.99998474121094,235.991455078125,-156.45944213867188,186.9824981689453,227.630615234375,-265.2173767089844,196.0,258.0,-205.25009155273438,198.9999542236328,254.0,-235.81507873535156,210.99520874023438,228.635986328125,-49.905818939208984,272.6761474609375,207.67626953125,-271.23089599609375,194.99935913085938,257.6796875,134.04312133789062,375.1780090332031,192.6263427734375,-266.918701171875,197.0004425048828,308.86090087890625,315.0109558105469,362.8137512207031,280.8324890136719,-204.40660095214844,196.03903198242188,317.775634765625,344.4995422363281,366.9889831542969,298.9256896972656,-202.96168518066406,200.03900146484375,317.28070068359375,337.6240234375,356.8915710449219,299.41229248046875,-196.3782196044922,203.00088500976562,314.73828125,314.76171875,352.9920654296875,292.6348876953125,-194.912109375,384.9997863769531,256.32391357421875,75.9999771118164,422.3676452636719,235.999755859375,-75.9999771118164,419.8008117675781,370.6314697265625,161.64434814453125,476.9963073730469,361.3678894042969,-82.9732894897461,430.6117858886719,281.77490234375,271.4009704589844,508.0429992675781,244.00030517578125,59.244422912597656,427.9809265136719,258.77337646484375,285.58123779296875,503.73883056640625,212.57421875,80.26255798339844,464.5785827636719,276.00225830078125,356.2077941894531,553.0015869140625,223.0,136.27566528320312,
186.0,260.00048828125,-234.71055603027344,174.16270446777344,253.99847412109375,-225.6897735595703,173.0,252.99847412109375,-225.6897735595703,172.0,251.9984130859375,-225.7108154296875,177.0,251.0,-249.73526000976562,177.9999542236328,248.99993896484375,-249.73526000976562,178.99642944335938,246.63201904296875,-249.73526000976562,177.0,235.9962158203125,-156.74122619628906,186.9920654296875,227.81915283203125,-265.10125732421875,196.0,258.0,-205.3199920654297,198.9999542236328,254.0,-235.9158172607422,210.997802734375,228.82159423828125,-49.30912399291992,272.3678894042969,207.3680419921875,-271.38604736328125,194.99969482421875,257.19342041015625,140.50653076171875,375.0830383300781,191.4931640625,-268.8140869140625,197.00018310546875,308.3631286621094,325.9569091796875,362.91314697265625,280.3935241699219,-207.35292053222656,196.0177001953125,317.322021484375,357.292236328125,366.9949951171875,298.48138427734375,-205.76832580566406,200.01766967773438,316.9338684082031,349.9032897949219,356.94873046875,299.1895751953125,-199.11878967285156,203.00039672851562,314.3050537109375,325.8394470214844,352.99639892578125,292.3014831542969,-197.42190551757812,384.9998779296875,256.63214111328125,76.32391357421875,422.17999267578125,235.99993896484375,-76.32391357421875,419.90728759765625,370.819580078125,161.10568237304688,476.99835205078125,361.1802062988281,-85.51666259765625,430.8106384277344,280.2929382324219,271.0783386230469,508.0194396972656,244.0,56.585147857666016,427.9913635253906,257.29229736328125,285.1625061035156,503.1256408691406,212.85394287109375,77.91732025146484,465.2674560546875,274.2504577636719,355.943115234375,553.0006713867188,223.0,133.5992431640625,
186.0,260.000244140625,-234.866455078125,174.07618713378906,253.9993896484375,-225.85699462890625,173.0,252.99932861328125,-225.85699462890625,172.0,251.99932861328125,-225.86656188964844,177.0,251.32391357421875,-249.8776092529297,178.0,249.0,-249.8776092529297,178.99835205078125,246.81982421875,-249.8776092529297,177.0,235.99835205078125,-156.8803253173828,186.9964141845703,227.9156494140625,-265.0462646484375,196.0,258.0,-205.20375061035156,198.9999542236328,254.0,-235.9618682861328,210.99899291992188,228.916748046875,-48.71623992919922,272.1801452636719,207.18023681640625,-271.973876953125,195.3237762451172,256.33746337890625,146.34410095214844,375.0379638671875,190.75469970703125,-271.03631591796875,197.323974609375,307.8330078125,333.0952453613281,362.96026611328125,280.1810607910156,-210.35519409179688,196.00802612304688,317.1379089355469,365.1435852050781,366.9977722167969,298.2315673828125,-208.59178161621094,200.00796508789062,316.91363525390625,357.3786315917969,356.9764099121094,299.0862121582031,-201.79867553710938,203.00013732910156,314.1302795410156,333.0414123535156,352.9983825683594,292.1390380859375,-199.9495086669922,385.0,256.81982421875,76.9560546875,422.083984375,236.0,-76.9560546875,419.9576110839844,370.91583251953125,161.31646728515625,476.99920654296875,361.0841369628906,-88.59223175048828,431.2356872558594,279.1914367675781,271.7221374511719,508.0087585449219,244.0,54.4261360168457,428.3199768066406,256.19110107421875,285.7606201171875,502.9967041015625,212.62127685546875,76.06199645996094,465.9736022949219,272.8030090332031,356.6497802734375,553.000244140625,223.0,131.4324951171875,
186.0,260.00006103515625,-234.939208984375,174.03485107421875,253.999755859375,-225.93490600585938,173.0,252.999755859375,-225.93490600585938,172.0,251.99981689453125,-225.9392547607422,177.0,251.63214111328125,-249.9442138671875,178.0,249.0,-249.9442138671875,178.99925231933594,246.91595458984375,-250.26815795898438,177.0,235.99932861328125,-156.94546508789062,186.99838256835938,227.96148681640625,-265.34490966796875,196.0,258.0,-205.10546875,198.9999542236328,254.0,-236.30670166015625,211.32345581054688,228.9620361328125,-48.351497650146484,272.0840759277344,207.0841064453125,-272.7818603515625,195.63204956054688,255.69415283203125,149.78042602539062,375.0171813964844,190.35821533203125,-272.83441162109375,197.63211059570312,307.7611999511719,336.43145751953125,362.9819641113281,280.0823974609375,-212.2101287841797,196.0036163330078,317.0606689453125,368.8924560546875,366.99896240234375,298.1072998046875,-210.6522979736328,200.00355529785156,316.9480285644531,360.65350341796875,356.9892578125,299.0390625,-203.43309020996094,203.32400512695312,314.0572204589844,336.4070739746094,352.9992370605469,292.0633239746094,-201.82786560058594,385.0,256.91595458984375,77.45195770263672,422.03839111328125,236.0,-77.45195770263672,419.9807434082031,371.2855224609375,161.29202270507812,476.9996337890625,361.0384826660156,-90.74346923828125,431.59173583984375,278.24810791015625,271.34649658203125,508.00390625,244.0,53.8218994140625,428.6303405761719,255.2479248046875,285.3639221191406,503.3087463378906,212.345458984375,75.96736145019531,466.4702453613281,271.5760498046875,355.98760986328125,553.0000610351562,223.0,131.47262573242188,
186.0,260.0,-235.29640197753906,174.0157928466797,253.99993896484375,-226.29444885253906,173.0,252.99993896484375,-226.29444885253906,172.0,251.99993896484375,-226.29638671875,177.0,251.81982421875,-250.62257385253906,178.0,249.0,-250.62257385253906,178.99966430664062,246.96160888671875,-250.9307861328125,177.0,235.999755859375,-156.9752960205078,186.99925231933594,227.98260498046875,-265.9654846191406,196.0,258.0,-205.37420654296875,198.9999542236328,254.323974609375,-236.94827270507812,211.6319122314453,228.98284912109375,-48.16417694091797,272.0384216308594,207.03851318359375,-273.6941223144531,195.8197784423828,255.33294677734375,150.85870361328125,375.0077209472656,189.84112548828125,-273.9282531738281,198.1437530517578,307.8433837890625,336.578857421875,362.9917907714844,280.03729248046875,-213.1637725830078,196.32553100585938,317.0271301269531,368.9770202636719,366.99951171875,298.0489807128906,-211.52761840820312,200.0015869140625,316.9740295410156,360.37725830078125,356.9950866699219,299.0176696777344,-203.94505310058594,203.6321563720703,314.02557373046875,336.243896484375,352.9996337890625,292.0286865234375,-202.93356323242188,385.0,256.96160888671875,77.7357406616211,422.0173645019531,236.0,-77.7357406616211,419.9912414550781,371.6147155761719,161.1778564453125,476.99981689453125,361.01751708984375,-91.92384338378906,431.801513671875,277.6327209472656,270.77349853515625,507.6778259277344,244.0,54.1334228515625,428.8190002441406,254.63262939453125,285.10528564453125,503.6225280761719,212.1705322265625,76.6822280883789,467.0700378417969,270.79266357421875,355.4490661621094,553.0,223.0,132.722900390625,
186.0,260.0,-236.26754760742188,174.00711059570312,254.0,-227.26666259765625,173.0,253.0,-227.26666259765625,172.0,252.0,-227.59146118164062,177.0,251.91595458984375,-252.224609375,178.0,249.0,-252.224609375,178.99981689453125,246.98260498046875,-252.41233825683594,177.0,235.99993896484375,-157.63668823242188,186.99964904785156,227.9921875,-267.427978515625,196.0,258.0,-206.30313110351562,198.9999542236328,254.63214111328125,-238.09632873535156,211.81976318359375,228.9923095703125,-48.39902114868164,272.01739501953125,207.01751708984375,-274.9782409667969,196.23980712890625,255.15399169921875,150.73081970214844,375.00341796875,189.44305419921875,-274.8201904296875,198.54803466796875,307.593994140625,334.999755859375,362.99627685546875,280.0168762207031,-213.6175079345703,196.63284301757812,316.68829345703125,367.5577697753906,366.9997863769531,298.0221862792969,-211.8307342529297,200.3246307373047,316.98785400390625,358.75128173828125,356.997802734375,299.00799560546875,-204.35760498046875,203.81982421875,314.0115051269531,334.6866455078125,352.9998779296875,292.0129699707031,-203.50038146972656,385.0,256.98260498046875,78.2013931274414,422.00787353515625,236.0,-78.2013931274414,419.9960021972656,371.8119812011719,161.09117126464844,476.9998474121094,361.0079345703125,-92.50323486328125,431.9075927734375,277.3009033203125,270.38720703125,507.36865234375,244.0,55.16849136352539,428.91552734375,253.97698974609375,284.6989440917969,504.1389465332031,212.079833984375,77.95023345947266,467.5146179199219,270.37548828125,354.86810302734375,552.6760864257812,223.0,134.4408721923828,
186.0,260.0,-238.05026245117188,174.0032196044922,254.0,-229.373779296875,173.0,253.0,-229.373779296875,172.0,252.0,-229.682373046875,177.0,251.96160888671875,-254.502685546875,178.0,249.0,-254.502685546875,178.99993896484375,246.9921875,-254.59878540039062,177.0,236.0,-159.2310028076172,186.9998321533203,227.99658203125,-269.6058349609375,196.0,258.0,-208.06642150878906,198.9999542236328,254.81988525390625,-239.97021484375,211.91587829589844,228.99658203125,-48.9901123046875,272.00787353515625,207.008056640625,-276.91632080078125,196.59364318847656,255.07025146484375,151.71542358398438,375.0014953613281,189.2142333984375,-276.048828125,199.1053009033203,307.3285827636719,337.48736572265625,362.998291015625,280.0076904296875,-214.474365234375,197.1440887451172,316.3734436035156,370.8854064941406,366.9998779296875,298.01007080078125,-212.58203125,200.95635986328125,316.9945373535156,361.6513671875,356.99896240234375,299.003662109375,-204.98464965820312,204.23983764648438,314.0052490234375,337.2974548339844,352.99993896484375,292.0058898925781,-204.09495544433594,385.0,256.9921875,78.57623291015625,422.00347900390625,236.0,-78.57623291015625,419.9981689453125,371.91241455078125,161.3672637939453,476.9998474121094,361.00360107421875,-93.09777069091797,431.9577331542969,276.4909362792969,270.8302001953125,507.1804504394531,244.0,55.38082504272461,428.9613342285156,253.18267822265625,285.34344482421875,504.5457763671875,212.0364990234375,78.27944946289062,467.7662658691406,269.52508544921875,355.7464294433594,552.3678588867188,223.0,135.0327606201172,
186.0,260.0,-241.71694946289062,174.00143432617188,254.0,-233.02496337890625,173.0,253.0,-233.02496337890625,172.0,252.0,-233.21286010742188,177.0,251.98260498046875,-258.1289978027344,178.0,249.0,-258.1289978027344,178.99996948242188,246.99652099609375,-258.17462158203125,177.32391357421875,236.0,-162.80130004882812,186.9999237060547,227.99847412109375,-272.8538818359375,196.0,258.0,-211.40032958984375,198.9999542236328,254.916015625,-243.032470703125,211.96153259277344,229.3223876953125,-51.41096115112305,272.0035095214844,207.003662109375,-278.7123107910156,197.12631225585938,255.0318603515625,149.1741180419922,375.0006408691406,189.0994873046875,-276.9791259765625,199.85452270507812,307.1620178222656,334.53070068359375,362.9992370605469,280.0035400390625,-213.56613159179688,197.87213134765625,316.18267822265625,368.0226135253906,366.9998779296875,298.0046081542969,-211.2930908203125,201.77603149414062,316.99755859375,358.7554626464844,356.99951171875,299.001708984375,-203.52391052246094,204.9176025390625,314.0024108886719,334.43359375,352.99993896484375,292.002685546875,-202.9084930419922,385.0,256.99652099609375,78.79450988769531,422.0015563964844,236.0,-78.79450988769531,419.9991149902344,371.96002197265625,161.32815551757812,476.9998779296875,361.0016174316406,-93.52971649169922,431.98077392578125,275.7989501953125,271.0239562988281,507.08416748046875,244.0,55.26542282104492,428.982421875,252.61114501953125,285.4289245605469,504.78033447265625,212.0166015625,78.21914672851562,467.8916015625,268.81439208984375,356.4212341308594,552.18017578125,223.0,135.42849731445312,
186.0,260.0,-245.00057983398438,174.00064086914062,254.0,-236.1881866455078,173.0,253.0,-236.1881866455078,172.0,252.0,-236.60830688476562,177.0,251.9921875,-261.24603271484375,178.0,249.0,-261.24603271484375,178.99996948242188,246.9984130859375,-261.26702880859375,177.63211059570312,236.32391357421875,-166.03916931152344,186.99998474121094,227.99932861328125,-275.3124084472656,196.0,258.0,-214.3717498779297,198.9999542236328,254.96160888671875,-246.0436553955078,211.9825439453125,229.6314697265625,-54.183349609375,272.00152587890625,207.001708984375,-279.8562316894531,197.54013061523438,255.01446533203125,144.4803466796875,375.000244140625,189.04547119140625,-276.8602294921875,200.7295379638672,307.0758972167969,328.2288513183594,362.9996337890625,280.0016174316406,-211.47178649902344,198.73751831054688,316.0852355957031,361.22186279296875,366.9998779296875,298.0021057128906,-208.863037109375,202.367919921875,316.9989318847656,352.0527648925781,356.9997863769531,299.0008239746094,-200.9786376953125,205.4345245361328,314.0011291503906,328.1827392578125,352.99993896484375,292.001220703125,-200.64036560058594,385.0,256.9984130859375,78.90444946289062,422.0006408691406,236.0,-78.90444946289062,419.99957275390625,371.98187255859375,160.8728485107422,476.9999084472656,361.0007629394531,-93.44963073730469,431.99127197265625,275.38897705078125,270.0736999511719,507.0384521484375,243.6761474609375,55.141845703125,428.99200439453125,251.968994140625,284.3074035644531,505.221923828125,212.00762939453125,78.1208724975586,467.9505310058594,268.072021484375,355.4518737792969,552.0840454101562,223.0,136.02464294433594,
186.0,260.0,-247.3478546142578,174.00027465820312,254.0,-238.44386291503906,173.0,253.0,-238.44386291503906,172.0,252.0,-238.79776000976562,177.0,251.99652099609375,-263.47216796875,178.0,249.0,-263.47216796875,178.99996948242188,246.99932861328125,-263.481689453125,177.81980895996094,236.63214111328125,-168.3653564453125,187.0,227.999755859375,-277.0303649902344,196.0,258.0,-216.52951049804688,198.9999542236328,254.98260498046875,-248.33277893066406,211.99208068847656,229.81951904296875,-56.711788177490234,272.0006408691406,207.00079345703125,-280.4602355957031,197.77781677246094,255.33050537109375,139.27783203125,375.0000915527344,189.0206298828125,-275.8597717285156,201.34686279296875,307.0347900390625,321.0737609863281,362.9998779296875,280.000732421875,-208.52450561523438,199.35044860839844,316.0390319824219,353.2830810546875,366.9999084472656,298.0009765625,-205.7152557373047,203.02127075195312,316.6756286621094,344.51934814453125,356.9998779296875,299.0003967285156,-197.76971435546875,206.05178833007812,314.00054931640625,321.0525817871094,352.99993896484375,292.0005798339844,-197.60333251953125,385.0,256.99932861328125,78.95636749267578,422.0002136230469,236.0,-78.95636749267578,419.999755859375,371.9918518066406,160.14410400390625,476.99993896484375,361.0003662109375,-93.26287841796875,431.9960021972656,275.1811218261719,268.16094970703125,507.0174255371094,243.367919921875,55.71632385253906,428.996337890625,251.50341796875,282.6021728515625,505.5855407714844,212.00347900390625,78.38291931152344,467.9775390625,267.55218505859375,353.7131652832031,552.0383911132812,223.0,137.13511657714844,
186.0,260.0,-248.70504760742188,174.00010681152344,254.0,-239.7506561279297,173.0,253.0,-239.7506561279297,172.0,252.0,-239.95941162109375,177.0,251.9984130859375,-264.4399108886719,178.0,249.0,-264.7638244628906,178.99996948242188,246.99981689453125,-264.7681579589844,177.91590881347656,236.81982421875,-169.7129669189453,187.0,227.99993896484375,-277.7087707519531,196.0,258.0,-217.78981018066406,198.9999542236328,254.99212646484375,-249.36573791503906,211.9964141845703,230.23968505859375,-58.34497833251953,272.0002746582031,207.0003662109375,-280.7519226074219,197.89686584472656,255.63507080078125,135.71176147460938,375.0000305175781,189.0093994140625,-274.6680908203125,201.6877899169922,307.01580810546875,316.14306640625,362.99993896484375,279.67645263671875,-206.0242919921875,199.6894073486328,316.01776123046875,347.77020263671875,366.99993896484375,298.0004577636719,-203.1131591796875,203.49215698242188,316.36773681640625,339.3604736328125,356.9998779296875,298.67626953125,-195.13818359375,206.50601196289062,314.00030517578125,316.1333923339844,352.99993896484375,292.00030517578125,-195.38430786132812,385.0,256.99981689453125,78.980224609375,422.00006103515625,236.0,-78.980224609375,419.9998474121094,371.996337890625,159.27154541015625,476.9999694824219,361.0001525878906,-93.13227081298828,431.9981689453125,275.082763671875,266.6590270996094,507.00787353515625,243.18023681640625,56.29595947265625,428.998291015625,251.241943359375,281.0224609375,505.7986755371094,212.0015869140625,78.98348236083984,467.98980712890625,267.26434326171875,352.0834045410156,552.0173950195312,223.0,138.01670837402344,
186.0,260.0,-249.07095336914062,174.00003051757812,254.0,-240.09194946289062,173.0,253.0,-240.09194946289062,172.0,252.0,-240.1975860595703,177.0,251.99932861328125,-264.7897644042969,178.0,249.0,-265.0979309082031,178.99996948242188,246.99993896484375,-265.09991455078125,177.9615478515625,236.91595458984375,-170.07452392578125,187.0,228.0,-277.91436767578125,196.0,258.0,-218.1096954345703,198.9999542236328,254.9964599609375,-249.75399780273438,211.9983673095703,230.5936279296875,-59.21617126464844,272.00006103515625,207.0003662109375,-280.8872375488281,197.95294189453125,255.8211669921875,134.09153747558594,375.0,188.6802978515625,-273.8491516113281,201.855712890625,306.6832275390625,313.774169921875,362.99993896484375,279.36810302734375,-204.8187255859375,199.8564453125,316.008056640625,345.3988037109375,366.9999694824219,297.6763000488281,-201.85934448242188,203.7560577392578,316.18011474609375,337.1993713378906,356.9998779296875,298.36798095703125,-193.87071228027344,206.7623291015625,313.6762390136719,313.769775390625,352.99993896484375,292.0001525878906,-194.143310546875,385.0,256.99993896484375,78.9910659790039,422.0000305175781,236.0,-78.9910659790039,420.0,371.9983825683594,158.6539306640625,477.0,361.0000915527344,-93.38630676269531,431.9991455078125,275.0375671386719,265.7997741699219,507.00347900390625,243.08416748046875,56.00625991821289,428.99920654296875,251.43603515625,280.0128479003906,505.9063415527344,211.6767578125,78.49266815185547,467.9953918457031,267.4462890625,351.0425720214844,552.0078125,223.0,137.5530242919922,
186.0,260.32391357421875,-249.09083557128906,174.00001525878906,254.0,-240.10040283203125,173.0,253.0,-240.10040283203125,172.0,252.0,-240.4742889404297,177.0,251.99981689453125,-264.9154052734375,178.0,249.0,-265.10308837890625,178.99996948242188,247.0,-265.10400390625,177.9825439453125,236.96160888671875,-170.0924530029297,187.0,228.0,-278.2961730957031,196.0,258.0,-218.10842895507812,198.9999542236328,254.99847412109375,-249.8988494873047,211.99923706054688,230.80242919921875,-59.31523895263672,272.0000305175781,207.00018310546875,-281.2729187011719,197.97865295410156,255.91656494140625,134.095458984375,375.0,188.3697509765625,-273.727783203125,201.9342803955078,306.37115478515625,315.03021240234375,362.99993896484375,279.1802978515625,-204.65777587890625,199.93460083007812,315.6797180175781,347.12542724609375,367.0,297.36798095703125,-201.6761932373047,203.8870086669922,316.0840759277344,339.35650634765625,356.9999084472656,298.1802673339844,-193.357421875,206.8898468017578,313.3679504394531,315.3521728515625,352.99993896484375,292.0001525878906,-193.8529052734375,385.0,257.0,78.99596405029297,422.0,236.0,-78.99596405029297,420.0,371.9992980957031,158.96046447753906,477.0,361.0000915527344,-94.30862426757812,431.99957275390625,275.0169982910156,267.6383361816406,507.0015563964844,243.0384521484375,54.27838134765625,428.67572021484375,251.683349609375,281.7459411621094,505.9571838378906,211.36822509765625,76.5492935180664,467.6739501953125,267.68792724609375,353.0836486816406,552.0034790039062,223.0,134.93942260742188,
186.0,260.63214111328125,-249.05441284179688,174.0,254.0,-240.05874633789062,173.0,253.0,-240.05874633789062,172.0,252.0,-240.38992309570312,177.0,251.99993896484375,-264.9638977050781,178.0,249.0,-265.0599365234375,178.99996948242188,247.0,-265.0603942871094,177.99209594726562,236.98260498046875,-170.05514526367188,187.0,228.0,-278.6217346191406,196.0,258.0,-218.0623779296875,198.9999542236328,254.99932861328125,-249.95635986328125,211.99964904785156,230.90814208984375,-58.87982940673828,272.0,207.0,-281.9330139160156,197.99032592773438,255.9619140625,136.7227783203125,375.0,188.1810302734375,-274.4662170410156,201.97021484375,306.1816711425781,320.6465148925781,362.99993896484375,279.0841979980469,-206.06947326660156,199.97035217285156,315.36956787109375,353.48583984375,367.0,297.1802062988281,-203.4017333984375,203.94847106933594,315.7145690917969,346.0755615234375,356.99993896484375,298.08416748046875,-194.7719268798828,206.94976806640625,313.1802673339844,321.2777404785156,352.99993896484375,292.0001525878906,-195.16888427734375,385.0,257.0,78.9981689453125,422.0,236.0,-78.9981689453125,420.0,372.3236389160156,159.73263549804688,477.0,361.0000915527344,-95.4210205078125,431.9997863769531,275.0076904296875,270.5657958984375,507.0006408691406,243.01751708984375,52.75785827636719,428.3677062988281,251.843017578125,284.9405517578125,506.30450439453125,211.18035888671875,74.89198303222656,467.3669128417969,267.84515380859375,356.25506591796875,552.0015869140625,223.0,132.64703369140625,
186.0,260.8199462890625,-248.70327758789062,173.99996948242188,254.0,-239.70523071289062,173.0,253.0,-239.70523071289062,172.0,252.0,-239.9033660888672,177.0,252.0,-264.6601257324219,178.0,249.0,-264.7057189941406,178.99996948242188,247.0,-264.7059631347656,177.9964141845703,236.9921875,-169.37965393066406,187.0,228.0,-278.8155212402344,196.0,258.0,-217.70687866210938,198.9999542236328,254.99969482421875,-249.65672302246094,211.99981689453125,230.95806884765625,-57.5019416809082,272.0,207.0,-282.4415283203125,197.99560546875,255.98272705078125,139.79640197753906,375.0,188.08453369140625,-275.4927673339844,201.9865264892578,306.0848083496094,325.7972412109375,362.99993896484375,279.03851318359375,-207.41036987304688,199.98658752441406,315.1809387207031,359.19384765625,367.0,297.08416748046875,-205.0462646484375,203.9766387939453,315.3854064941406,351.9944763183594,356.9999694824219,298.03851318359375,-196.2274627685547,206.97723388671875,312.76025390625,326.6166687011719,352.99993896484375,292.0001220703125,-196.45750427246094,385.0,257.323974609375,78.99916076660156,422.0,236.0,-78.99916076660156,420.0,372.6320495605469,160.98545837402344,477.0,361.0000915527344,-96.8414535522461,431.9998474121094,275.0035400390625,273.3597412109375,507.0002136230469,243.00799560546875,51.20738983154297,428.1800231933594,251.926513671875,288.01519775390625,506.6233215332031,211.084228515625,73.27027893066406,467.1796875,267.9273681640625,359.52972412109375,552.0006713867188,223.32403564453125,130.31578063964844,
186.0,260.916015625,-248.38059997558594,173.99996948242188,254.0,-239.38150024414062,173.0,253.0,-239.38150024414062,172.0,252.0,-239.48226928710938,177.0,252.0,-264.3607177734375,178.0,249.323974609375,-264.3817138671875,178.99996948242188,247.0,-264.3818359375,177.9983673095703,236.99652099609375,-169.07257080078125,187.0,228.0,-278.5900573730469,196.0,258.0,-217.3822479248047,198.9999542236328,254.99993896484375,-249.35916137695312,211.9999237060547,231.3050537109375,-56.65821838378906,272.0,206.67608642578125,-282.0831298828125,197.9980010986328,256.316162109375,137.9852752685547,375.0,188.0386962890625,-274.9302978515625,201.993896484375,306.038818359375,322.46978759765625,362.99993896484375,279.0174865722656,-207.25112915039062,199.99391174316406,314.7605285644531,355.2082824707031,367.0,297.03851318359375,-205.07266235351562,203.9894256591797,314.86419677734375,348.76336669921875,357.0,298.0174560546875,-196.15721130371094,206.9897003173828,312.0824890136719,323.385498046875,352.99993896484375,292.0000915527344,-196.2727813720703,385.0,257.63214111328125,78.99962615966797,422.0,236.0,-78.99962615966797,420.0,372.81988525390625,161.2978515625,477.0,361.0000915527344,-97.55619049072266,431.9998474121094,275.3255310058594,274.1980285644531,507.00006103515625,243.003662109375,50.781654357910156,428.083984375,251.9664306640625,289.0284423828125,506.8157958984375,211.03863525390625,73.1343994140625,467.0837707519531,268.29071044921875,360.43402099609375,552.0001831054688,223.6322021484375,129.67459106445312,
186.0,260.96160888671875,-248.18594360351562,173.99996948242188,254.0,-239.18638610839844,173.0,253.0,-239.18638610839844,172.0,252.0,-239.23411560058594,177.0,252.0,-264.1769104003906,178.0,249.63214111328125,-264.18646240234375,178.99996948242188,247.0,-264.1865539550781,177.999267578125,236.9984130859375,-168.99832153320312,187.0,228.0,-278.32855224609375,196.0,258.0,-217.51063537597656,198.9999542236328,255.0,-249.1762237548828,211.99998474121094,231.62359619140625,-56.6038932800293,272.0,206.3680419921875,-281.611083984375,197.99908447265625,256.62860107421875,135.08160400390625,375.0,188.01763916015625,-274.10205078125,201.99722290039062,306.0176086425781,317.2813720703125,362.99993896484375,279.0079650878906,-206.41729736328125,199.99720764160156,314.4065246582031,349.2508544921875,367.0,297.0174865722656,-204.333984375,203.99522399902344,314.4555969238281,343.14886474609375,357.0,298.0079345703125,-195.6965789794922,206.99534606933594,311.5655822753906,318.24285888671875,352.99993896484375,292.00006103515625,-195.75106811523438,385.0,257.81988525390625,78.99983215332031,422.0,236.0,-78.99983215332031,420.0,372.91595458984375,161.2279052734375,477.0,361.0000915527344,-97.83033752441406,431.9998779296875,275.63287353515625,274.237548828125,506.67608642578125,243.001708984375,51.778167724609375,428.03839111328125,251.98480224609375,288.83428955078125,506.9140625,211.017578125,74.09942626953125,467.03826904296875,268.6170654296875,360.0682678222656,552.0000610351562,223.8199462890625,131.0062255859375,
186.0,260.98260498046875,-248.08668518066406,173.99996948242188,254.0,-239.0868682861328,173.0,253.0,-239.0868682861328,172.0,252.0,-239.10885620117188,177.0,252.0,-264.0826110839844,178.0,249.81988525390625,-264.0869445800781,178.99996948242188,247.0,-264.08697509765625,177.99966430664062,236.99932861328125,-168.66671752929688,187.0,228.32403564453125,-278.16229248046875,196.0,258.0,-217.7191619873047,198.9999542236328,255.0,-249.08229064941406,211.99998474121094,231.8160400390625,-56.42931365966797,272.0,206.18023681640625,-281.62738037109375,197.99957275390625,257.1422119140625,133.38914489746094,375.0,188.0079345703125,-273.550048828125,201.9987335205078,306.0079650878906,314.0089416503906,362.99993896484375,279.003662109375,-205.74269104003906,199.9987335205078,314.1977233886719,345.8121643066406,367.0,297.0079345703125,-203.3806610107422,203.99781799316406,314.22027587890625,339.47662353515625,357.0,298.0036315917969,-195.03033447265625,206.9978790283203,311.272216796875,314.991455078125,352.99993896484375,292.0000305175781,-195.05532836914062,385.0,257.916015625,79.32384490966797,422.0,236.0,-79.32384490966797,420.0,372.9616394042969,162.0966796875,477.0,361.0000915527344,-97.60738372802734,431.9999084472656,275.8202209472656,275.43768310546875,506.36785888671875,243.0008544921875,52.786643981933594,428.0173645019531,252.31707763671875,290.09320068359375,506.9607238769531,211.00799560546875,75.30419921875,467.017333984375,269.136962890625,361.5345458984375,552.0,223.916015625,132.3643035888672,
186.0,260.99212646484375,-248.03961181640625,173.99996948242188,254.0,-239.03968811035156,173.0,253.0,-239.03968811035156,172.0,252.0,-239.04969787597656,177.0,252.0,-264.03778076171875,178.0,249.916015625,-264.03973388671875,178.99996948242188,247.0,-264.03973388671875,177.99984741210938,236.99981689453125,-168.3618621826172,187.0,228.6322021484375,-278.0760192871094,196.0,258.0,-217.53567504882812,198.9999542236328,255.0,-249.03761291503906,211.99998474121094,231.9141845703125,-55.91725540161133,272.0,206.08416748046875,-281.77447509765625,197.99978637695312,257.54742431640625,132.61000061035156,375.0,188.003662109375,-273.25860595703125,201.99942016601562,306.0036315917969,313.02520751953125,362.99993896484375,279.0016784667969,-205.35726928710938,199.99942016601562,314.0920715332031,344.55792236328125,367.0,297.0035705566406,-202.70785522460938,203.99899291992188,314.1022644042969,338.2530822753906,357.0,298.0016784667969,-194.53564453125,206.99900817871094,311.1261901855469,313.693359375,352.99993896484375,292.0,-194.54701232910156,385.0,257.961669921875,79.632080078125,422.0,236.0,-79.632080078125,420.0,372.98260498046875,162.95718383789062,477.0,361.0000915527344,-97.6624755859375,431.676025390625,275.9161376953125,277.2474060058594,506.1800842285156,243.00042724609375,53.40549850463867,428.0078125,252.6290283203125,292.043212890625,506.982177734375,211.00360107421875,76.1363754272461,466.683837890625,269.5450439453125,363.73065185546875,552.0,223.9615478515625,133.52244567871094,
186.0,260.9964599609375,-248.0179443359375,173.99996948242188,254.0,-239.01797485351562,173.0,253.0,-239.01797485351562,172.0,252.0,-239.0225067138672,177.0,252.0,-264.0171203613281,178.0,249.96160888671875,-264.0180358886719,178.99996948242188,247.0,-264.0180358886719,177.99990844726562,236.99993896484375,-168.17710876464844,187.0,228.8199462890625,-278.0347900390625,196.0,258.0,-217.3018035888672,198.9999542236328,255.0,-249.0170440673828,211.99998474121094,231.96087646484375,-55.48784637451172,272.0,206.03851318359375,-282.208984375,197.9998779296875,257.78106689453125,132.5935516357422,375.0,188.001708984375,-273.4424743652344,201.9997100830078,306.00164794921875,312.8869323730469,362.99993896484375,279.00079345703125,-205.16543579101562,199.9997100830078,314.0421447753906,344.5013732910156,367.0,297.0016174316406,-202.33775329589844,203.99954223632812,314.04669189453125,337.9930725097656,357.0,298.00079345703125,-194.2572784423828,206.99954223632812,311.0575256347656,313.5751953125,352.99993896484375,292.0,-194.26242065429688,385.0,257.98260498046875,79.81982421875,422.0,236.0,-79.81982421875,420.0,372.9921569824219,163.48776245117188,477.0,361.0000915527344,-97.79935455322266,431.3678283691406,275.96173095703125,278.90087890625,506.08404541015625,243.000244140625,53.72255325317383,428.0035400390625,252.81842041015625,293.79730224609375,506.9919128417969,211.001708984375,76.58924865722656,466.3713684082031,269.7801513671875,365.6425476074219,552.0,223.98260498046875,134.25808715820312,
186.0,260.9984130859375,-248.00808715820312,173.99996948242188,254.0,-239.0081024169922,173.0,253.0,-239.0081024169922,172.0,252.0,-239.01014709472656,177.0,252.0,-264.0076904296875,178.0,249.98260498046875,-264.33203125,178.99996948242188,247.0,-264.33203125,177.99990844726562,237.0,-168.0826416015625,187.0,228.916015625,-278.3396911621094,196.0,258.0,-217.4737548828125,198.9999542236328,255.0,-249.3316192626953,211.99998474121094,231.9822998046875,-55.23653793334961,272.0,206.01751708984375,-282.90155029296875,197.99990844726562,257.89837646484375,134.0482177734375,375.0,188.00079345703125,-274.33380126953125,201.99984741210938,306.00079345703125,315.1881103515625,362.99993896484375,279.0003967285156,-206.04721069335938,199.99984741210938,314.0191345214844,347.2868957519531,367.0,297.0007629394531,-203.45166015625,203.99977111816406,314.02117919921875,340.8844299316406,357.0,298.0003662109375,-195.0909423828125,206.99978637695312,311.0260925292969,315.9987487792969,352.99993896484375,292.0,-195.09323120117188,385.0,257.9921875,79.91590118408203,422.0,236.0,-79.91590118408203,420.0,372.99652099609375,163.7606201171875,477.0,360.6761779785156,-97.89813995361328,431.1800842285156,275.982666015625,279.95068359375,506.0383605957031,243.0,55.16888427734375,428.0015563964844,252.91534423828125,294.9017028808594,506.9963073730469,211.0008544921875,78.10635375976562,466.18170166015625,269.89794921875,366.82916259765625,552.0,223.9921875,135.94454956054688,
